ISO-10303-21;
HEADER;
/* Generated by software containing ST-Developer
 * from STEP Tools, Inc. (www.steptools.com) 
 */
/* OPTION: using custom renumber hook */

FILE_DESCRIPTION(
/* description */ ('STEP AP242',
'CAx-IF Rec.Pracs.---Representation and Presentation of Product Manufa
cturing Information (PMI)---4.0---2014-10-13',
'CAx-IF Rec.Pracs.---3D Tessellated Geometry---0.4---2014-09-14','2;1'),

/* implementation_level */ '2;1');

FILE_NAME(
/* name */ '233-506',
/* time_stamp */ '2026-06-30T21:49:35+02:00',
/* author */ ('License CC BY-ND 4.0'),
/* organization */ ('CADENAS'),
/* preprocessor_version */ 'ST-DEVELOPER v20',
/* originating_system */ 'PARTsolutions',
/* authorisation */ '  ');

FILE_SCHEMA (('AP242_MANAGED_MODEL_BASED_3D_ENGINEERING_MIM_LF { 1 0 10303 442 1 1 4 }'));
ENDSEC;

DATA;
#10=SHAPE_REPRESENTATION_RELATIONSHIP('','',#11620,#11);
#11=ADVANCED_BREP_SHAPE_REPRESENTATION('',(#11618),#17036);
#12=ORIENTED_CLOSED_SHELL('',*,#11617,.F.);
#13=ELLIPSE('',#12104,0.618248659487972,0.499999999999998);
#14=ELLIPSE('',#12107,0.618248659487972,0.499999999999998);
#15=ELLIPSE('',#12123,0.618248659487972,0.499999999999998);
#16=ELLIPSE('',#12126,0.618248659487972,0.499999999999998);
#17=ELLIPSE('',#12142,0.618248659487972,0.499999999999998);
#18=ELLIPSE('',#12145,0.618248659487972,0.499999999999998);
#19=ELLIPSE('',#12161,0.618248659487972,0.499999999999998);
#20=ELLIPSE('',#12164,0.618248659487972,0.499999999999998);
#21=ELLIPSE('',#12180,0.618248659487972,0.499999999999998);
#22=ELLIPSE('',#12183,0.618248659487972,0.499999999999998);
#23=ELLIPSE('',#12199,0.618248659487972,0.499999999999998);
#24=ELLIPSE('',#12202,0.618248659487972,0.499999999999998);
#25=CYLINDRICAL_SURFACE('',#11712,1.);
#26=CYLINDRICAL_SURFACE('',#11719,1.);
#27=CYLINDRICAL_SURFACE('',#11730,0.5);
#28=CYLINDRICAL_SURFACE('',#11733,0.7);
#29=CYLINDRICAL_SURFACE('',#11736,0.5);
#30=CYLINDRICAL_SURFACE('',#11739,0.7);
#31=CYLINDRICAL_SURFACE('',#11742,0.5);
#32=CYLINDRICAL_SURFACE('',#11824,0.799999999999999);
#33=CYLINDRICAL_SURFACE('',#11849,1.2);
#34=CYLINDRICAL_SURFACE('',#11852,0.500000000000004);
#35=CYLINDRICAL_SURFACE('',#11855,2.00000000000001);
#36=CYLINDRICAL_SURFACE('',#11874,0.500000000000001);
#37=CYLINDRICAL_SURFACE('',#11878,0.500000000000001);
#38=CYLINDRICAL_SURFACE('',#11880,0.500000000000004);
#39=CYLINDRICAL_SURFACE('',#11882,0.300000000000008);
#40=CYLINDRICAL_SURFACE('',#11884,0.299999999999996);
#41=CYLINDRICAL_SURFACE('',#11886,1.2);
#42=CYLINDRICAL_SURFACE('',#11889,0.500000000000004);
#43=CYLINDRICAL_SURFACE('',#11893,1.2);
#44=CYLINDRICAL_SURFACE('',#11896,0.500000000000004);
#45=CYLINDRICAL_SURFACE('',#11900,1.2);
#46=CYLINDRICAL_SURFACE('',#11903,0.500000000000004);
#47=CYLINDRICAL_SURFACE('',#11907,1.2);
#48=CYLINDRICAL_SURFACE('',#11910,0.500000000000004);
#49=CYLINDRICAL_SURFACE('',#11914,1.2);
#50=CYLINDRICAL_SURFACE('',#11917,0.500000000000004);
#51=CYLINDRICAL_SURFACE('',#11921,2.00000000000001);
#52=CYLINDRICAL_SURFACE('',#11944,0.500000000000001);
#53=CYLINDRICAL_SURFACE('',#11948,0.500000000000001);
#54=CYLINDRICAL_SURFACE('',#11950,0.500000000000004);
#55=CYLINDRICAL_SURFACE('',#11951,0.499999999999996);
#56=CYLINDRICAL_SURFACE('',#11952,0.300000000000008);
#57=CYLINDRICAL_SURFACE('',#11954,0.299999999999996);
#58=CYLINDRICAL_SURFACE('',#11956,2.00000000000001);
#59=CYLINDRICAL_SURFACE('',#11979,0.500000000000001);
#60=CYLINDRICAL_SURFACE('',#11983,0.500000000000001);
#61=CYLINDRICAL_SURFACE('',#11985,0.500000000000004);
#62=CYLINDRICAL_SURFACE('',#11986,0.499999999999996);
#63=CYLINDRICAL_SURFACE('',#11987,0.300000000000008);
#64=CYLINDRICAL_SURFACE('',#11989,0.299999999999996);
#65=CYLINDRICAL_SURFACE('',#11991,2.00000000000001);
#66=CYLINDRICAL_SURFACE('',#12014,0.500000000000001);
#67=CYLINDRICAL_SURFACE('',#12018,0.500000000000001);
#68=CYLINDRICAL_SURFACE('',#12020,0.500000000000004);
#69=CYLINDRICAL_SURFACE('',#12021,0.499999999999996);
#70=CYLINDRICAL_SURFACE('',#12022,0.300000000000008);
#71=CYLINDRICAL_SURFACE('',#12024,0.299999999999996);
#72=CYLINDRICAL_SURFACE('',#12026,2.00000000000001);
#73=CYLINDRICAL_SURFACE('',#12049,0.500000000000001);
#74=CYLINDRICAL_SURFACE('',#12053,0.500000000000001);
#75=CYLINDRICAL_SURFACE('',#12055,0.500000000000004);
#76=CYLINDRICAL_SURFACE('',#12056,0.499999999999996);
#77=CYLINDRICAL_SURFACE('',#12057,0.300000000000008);
#78=CYLINDRICAL_SURFACE('',#12059,0.299999999999996);
#79=CYLINDRICAL_SURFACE('',#12061,2.00000000000001);
#80=CYLINDRICAL_SURFACE('',#12084,0.500000000000001);
#81=CYLINDRICAL_SURFACE('',#12088,0.500000000000001);
#82=CYLINDRICAL_SURFACE('',#12090,0.500000000000004);
#83=CYLINDRICAL_SURFACE('',#12091,0.499999999999996);
#84=CYLINDRICAL_SURFACE('',#12092,0.300000000000008);
#85=CYLINDRICAL_SURFACE('',#12094,0.299999999999996);
#86=CYLINDRICAL_SURFACE('',#12096,0.499999999999997);
#87=CYLINDRICAL_SURFACE('',#12100,0.499999999999997);
#88=CYLINDRICAL_SURFACE('',#12103,0.499999999999998);
#89=CYLINDRICAL_SURFACE('',#12109,0.500000000000006);
#90=CYLINDRICAL_SURFACE('',#12115,0.499999999999997);
#91=CYLINDRICAL_SURFACE('',#12119,0.499999999999997);
#92=CYLINDRICAL_SURFACE('',#12122,0.499999999999998);
#93=CYLINDRICAL_SURFACE('',#12128,0.500000000000006);
#94=CYLINDRICAL_SURFACE('',#12134,0.499999999999997);
#95=CYLINDRICAL_SURFACE('',#12138,0.499999999999997);
#96=CYLINDRICAL_SURFACE('',#12141,0.499999999999998);
#97=CYLINDRICAL_SURFACE('',#12147,0.500000000000006);
#98=CYLINDRICAL_SURFACE('',#12153,0.499999999999997);
#99=CYLINDRICAL_SURFACE('',#12157,0.499999999999997);
#100=CYLINDRICAL_SURFACE('',#12160,0.499999999999998);
#101=CYLINDRICAL_SURFACE('',#12166,0.500000000000006);
#102=CYLINDRICAL_SURFACE('',#12172,0.499999999999997);
#103=CYLINDRICAL_SURFACE('',#12176,0.499999999999997);
#104=CYLINDRICAL_SURFACE('',#12179,0.499999999999998);
#105=CYLINDRICAL_SURFACE('',#12185,0.500000000000006);
#106=CYLINDRICAL_SURFACE('',#12191,0.499999999999997);
#107=CYLINDRICAL_SURFACE('',#12195,0.499999999999997);
#108=CYLINDRICAL_SURFACE('',#12198,0.499999999999998);
#109=CYLINDRICAL_SURFACE('',#12204,0.500000000000006);
#110=CYLINDRICAL_SURFACE('',#12270,0.499999999999996);
#111=CIRCLE('',#11662,2.00000000000001);
#112=CIRCLE('',#11664,0.499999999999996);
#113=CIRCLE('',#11666,2.00000000000001);
#114=CIRCLE('',#11668,0.499999999999996);
#115=CIRCLE('',#11670,2.00000000000001);
#116=CIRCLE('',#11672,0.499999999999996);
#117=CIRCLE('',#11674,2.00000000000001);
#118=CIRCLE('',#11676,0.499999999999996);
#119=CIRCLE('',#11678,2.00000000000001);
#120=CIRCLE('',#11680,0.499999999999996);
#121=CIRCLE('',#11683,2.00000000000001);
#122=CIRCLE('',#11685,2.00000000000001);
#123=CIRCLE('',#11713,1.);
#124=CIRCLE('',#11714,1.);
#125=CIRCLE('',#11720,1.);
#126=CIRCLE('',#11721,1.);
#127=CIRCLE('',#11723,0.799999999999999);
#128=CIRCLE('',#11725,0.5);
#129=CIRCLE('',#11726,0.7);
#130=CIRCLE('',#11727,0.5);
#131=CIRCLE('',#11728,0.7);
#132=CIRCLE('',#11729,0.5);
#133=CIRCLE('',#11731,0.5);
#134=CIRCLE('',#11734,0.7);
#135=CIRCLE('',#11737,0.5);
#136=CIRCLE('',#11740,0.7);
#137=CIRCLE('',#11743,0.5);
#138=CIRCLE('',#11825,0.799999999999999);
#139=CIRCLE('',#11826,0.799999999999996);
#140=CIRCLE('',#11850,1.2);
#141=CIRCLE('',#11851,1.2);
#142=CIRCLE('',#11853,0.500000000000004);
#143=CIRCLE('',#11854,0.500000000000004);
#144=CIRCLE('',#11858,0.499999999999998);
#145=CIRCLE('',#11859,0.500000000000001);
#146=CIRCLE('',#11860,0.500000000000004);
#147=CIRCLE('',#11861,0.300000000000008);
#148=CIRCLE('',#11862,0.299999999999996);
#149=CIRCLE('',#11863,0.499999999999998);
#150=CIRCLE('',#11864,0.499999999999997);
#151=CIRCLE('',#11866,0.499999999999998);
#152=CIRCLE('',#11867,0.499999999999997);
#153=CIRCLE('',#11868,0.499999999999998);
#154=CIRCLE('',#11869,0.299999999999996);
#155=CIRCLE('',#11870,0.300000000000008);
#156=CIRCLE('',#11871,0.500000000000004);
#157=CIRCLE('',#11872,0.500000000000001);
#158=CIRCLE('',#11875,0.499999999999998);
#159=CIRCLE('',#11876,0.499999999999998);
#160=CIRCLE('',#11887,1.2);
#161=CIRCLE('',#11888,1.2);
#162=CIRCLE('',#11890,0.500000000000004);
#163=CIRCLE('',#11891,0.500000000000004);
#164=CIRCLE('',#11894,1.2);
#165=CIRCLE('',#11895,1.2);
#166=CIRCLE('',#11897,0.500000000000004);
#167=CIRCLE('',#11898,0.500000000000004);
#168=CIRCLE('',#11901,1.2);
#169=CIRCLE('',#11902,1.2);
#170=CIRCLE('',#11904,0.500000000000004);
#171=CIRCLE('',#11905,0.500000000000004);
#172=CIRCLE('',#11908,1.2);
#173=CIRCLE('',#11909,1.2);
#174=CIRCLE('',#11911,0.500000000000004);
#175=CIRCLE('',#11912,0.500000000000004);
#176=CIRCLE('',#11915,1.2);
#177=CIRCLE('',#11916,1.2);
#178=CIRCLE('',#11918,0.500000000000004);
#179=CIRCLE('',#11919,0.500000000000004);
#180=CIRCLE('',#11922,2.00000000000001);
#181=CIRCLE('',#11927,0.499999999999998);
#182=CIRCLE('',#11928,0.500000000000001);
#183=CIRCLE('',#11929,0.500000000000004);
#184=CIRCLE('',#11930,0.499999999999996);
#185=CIRCLE('',#11931,0.300000000000008);
#186=CIRCLE('',#11932,0.299999999999996);
#187=CIRCLE('',#11933,0.499999999999998);
#188=CIRCLE('',#11934,0.499999999999997);
#189=CIRCLE('',#11936,0.499999999999998);
#190=CIRCLE('',#11937,0.499999999999997);
#191=CIRCLE('',#11938,0.499999999999998);
#192=CIRCLE('',#11939,0.299999999999996);
#193=CIRCLE('',#11940,0.300000000000008);
#194=CIRCLE('',#11941,0.500000000000004);
#195=CIRCLE('',#11942,0.500000000000001);
#196=CIRCLE('',#11945,0.499999999999998);
#197=CIRCLE('',#11946,0.499999999999998);
#198=CIRCLE('',#11957,2.00000000000001);
#199=CIRCLE('',#11962,0.499999999999998);
#200=CIRCLE('',#11963,0.500000000000001);
#201=CIRCLE('',#11964,0.500000000000004);
#202=CIRCLE('',#11965,0.499999999999996);
#203=CIRCLE('',#11966,0.300000000000008);
#204=CIRCLE('',#11967,0.299999999999996);
#205=CIRCLE('',#11968,0.499999999999998);
#206=CIRCLE('',#11969,0.499999999999997);
#207=CIRCLE('',#11971,0.499999999999998);
#208=CIRCLE('',#11972,0.499999999999997);
#209=CIRCLE('',#11973,0.499999999999998);
#210=CIRCLE('',#11974,0.299999999999996);
#211=CIRCLE('',#11975,0.300000000000008);
#212=CIRCLE('',#11976,0.500000000000004);
#213=CIRCLE('',#11977,0.500000000000001);
#214=CIRCLE('',#11980,0.499999999999998);
#215=CIRCLE('',#11981,0.499999999999998);
#216=CIRCLE('',#11992,2.00000000000001);
#217=CIRCLE('',#11997,0.499999999999998);
#218=CIRCLE('',#11998,0.500000000000001);
#219=CIRCLE('',#11999,0.500000000000004);
#220=CIRCLE('',#12000,0.499999999999996);
#221=CIRCLE('',#12001,0.300000000000008);
#222=CIRCLE('',#12002,0.299999999999996);
#223=CIRCLE('',#12003,0.499999999999998);
#224=CIRCLE('',#12004,0.499999999999997);
#225=CIRCLE('',#12006,0.499999999999998);
#226=CIRCLE('',#12007,0.499999999999997);
#227=CIRCLE('',#12008,0.499999999999998);
#228=CIRCLE('',#12009,0.299999999999996);
#229=CIRCLE('',#12010,0.300000000000008);
#230=CIRCLE('',#12011,0.500000000000004);
#231=CIRCLE('',#12012,0.500000000000001);
#232=CIRCLE('',#12015,0.499999999999998);
#233=CIRCLE('',#12016,0.499999999999998);
#234=CIRCLE('',#12027,2.00000000000001);
#235=CIRCLE('',#12032,0.499999999999998);
#236=CIRCLE('',#12033,0.500000000000001);
#237=CIRCLE('',#12034,0.500000000000004);
#238=CIRCLE('',#12035,0.499999999999996);
#239=CIRCLE('',#12036,0.300000000000008);
#240=CIRCLE('',#12037,0.299999999999996);
#241=CIRCLE('',#12038,0.499999999999998);
#242=CIRCLE('',#12039,0.499999999999997);
#243=CIRCLE('',#12041,0.499999999999998);
#244=CIRCLE('',#12042,0.499999999999997);
#245=CIRCLE('',#12043,0.499999999999998);
#246=CIRCLE('',#12044,0.299999999999996);
#247=CIRCLE('',#12045,0.300000000000008);
#248=CIRCLE('',#12046,0.500000000000004);
#249=CIRCLE('',#12047,0.500000000000001);
#250=CIRCLE('',#12050,0.499999999999998);
#251=CIRCLE('',#12051,0.499999999999998);
#252=CIRCLE('',#12062,2.00000000000001);
#253=CIRCLE('',#12067,0.499999999999998);
#254=CIRCLE('',#12068,0.500000000000001);
#255=CIRCLE('',#12069,0.500000000000004);
#256=CIRCLE('',#12070,0.499999999999996);
#257=CIRCLE('',#12071,0.300000000000008);
#258=CIRCLE('',#12072,0.299999999999996);
#259=CIRCLE('',#12073,0.499999999999998);
#260=CIRCLE('',#12074,0.499999999999997);
#261=CIRCLE('',#12076,0.499999999999998);
#262=CIRCLE('',#12077,0.499999999999997);
#263=CIRCLE('',#12078,0.499999999999998);
#264=CIRCLE('',#12079,0.299999999999996);
#265=CIRCLE('',#12080,0.300000000000008);
#266=CIRCLE('',#12081,0.500000000000004);
#267=CIRCLE('',#12082,0.500000000000001);
#268=CIRCLE('',#12085,0.499999999999998);
#269=CIRCLE('',#12086,0.499999999999998);
#270=CIRCLE('',#12097,0.499999999999997);
#271=CIRCLE('',#12101,0.499999999999997);
#272=CIRCLE('',#12105,0.499999999999998);
#273=CIRCLE('',#12106,0.499999999999998);
#274=CIRCLE('',#12110,0.500000000000006);
#275=CIRCLE('',#12111,0.500000000000006);
#276=CIRCLE('',#12116,0.499999999999997);
#277=CIRCLE('',#12120,0.499999999999997);
#278=CIRCLE('',#12124,0.499999999999998);
#279=CIRCLE('',#12125,0.499999999999998);
#280=CIRCLE('',#12129,0.500000000000006);
#281=CIRCLE('',#12130,0.500000000000006);
#282=CIRCLE('',#12135,0.499999999999997);
#283=CIRCLE('',#12139,0.499999999999997);
#284=CIRCLE('',#12143,0.499999999999998);
#285=CIRCLE('',#12144,0.499999999999998);
#286=CIRCLE('',#12148,0.500000000000006);
#287=CIRCLE('',#12149,0.500000000000006);
#288=CIRCLE('',#12154,0.499999999999997);
#289=CIRCLE('',#12158,0.499999999999997);
#290=CIRCLE('',#12162,0.499999999999998);
#291=CIRCLE('',#12163,0.499999999999998);
#292=CIRCLE('',#12167,0.500000000000006);
#293=CIRCLE('',#12168,0.500000000000006);
#294=CIRCLE('',#12173,0.499999999999997);
#295=CIRCLE('',#12177,0.499999999999997);
#296=CIRCLE('',#12181,0.499999999999998);
#297=CIRCLE('',#12182,0.499999999999998);
#298=CIRCLE('',#12186,0.500000000000006);
#299=CIRCLE('',#12187,0.500000000000006);
#300=CIRCLE('',#12192,0.499999999999997);
#301=CIRCLE('',#12196,0.499999999999997);
#302=CIRCLE('',#12200,0.499999999999998);
#303=CIRCLE('',#12201,0.499999999999998);
#304=CIRCLE('',#12205,0.500000000000006);
#305=CIRCLE('',#12206,0.500000000000006);
#306=CIRCLE('',#12271,0.499999999999996);
#307=CIRCLE('',#12272,0.499999999999996);
#308=ORIENTED_EDGE('',*,*,#2712,.F.);
#309=ORIENTED_EDGE('',*,*,#2713,.T.);
#310=ORIENTED_EDGE('',*,*,#2714,.F.);
#311=ORIENTED_EDGE('',*,*,#2715,.F.);
#312=ORIENTED_EDGE('',*,*,#2716,.F.);
#313=ORIENTED_EDGE('',*,*,#2717,.F.);
#314=ORIENTED_EDGE('',*,*,#2718,.T.);
#315=ORIENTED_EDGE('',*,*,#2719,.F.);
#316=ORIENTED_EDGE('',*,*,#2720,.F.);
#317=ORIENTED_EDGE('',*,*,#2721,.T.);
#318=ORIENTED_EDGE('',*,*,#2722,.F.);
#319=ORIENTED_EDGE('',*,*,#2723,.F.);
#320=ORIENTED_EDGE('',*,*,#2724,.F.);
#321=ORIENTED_EDGE('',*,*,#2725,.F.);
#322=ORIENTED_EDGE('',*,*,#2726,.T.);
#323=ORIENTED_EDGE('',*,*,#2727,.F.);
#324=ORIENTED_EDGE('',*,*,#2728,.F.);
#325=ORIENTED_EDGE('',*,*,#2729,.T.);
#326=ORIENTED_EDGE('',*,*,#2730,.F.);
#327=ORIENTED_EDGE('',*,*,#2731,.F.);
#328=ORIENTED_EDGE('',*,*,#2732,.F.);
#329=ORIENTED_EDGE('',*,*,#2733,.F.);
#330=ORIENTED_EDGE('',*,*,#2734,.T.);
#331=ORIENTED_EDGE('',*,*,#2735,.F.);
#332=ORIENTED_EDGE('',*,*,#2736,.F.);
#333=ORIENTED_EDGE('',*,*,#2737,.T.);
#334=ORIENTED_EDGE('',*,*,#2738,.F.);
#335=ORIENTED_EDGE('',*,*,#2739,.F.);
#336=ORIENTED_EDGE('',*,*,#2740,.F.);
#337=ORIENTED_EDGE('',*,*,#2741,.F.);
#338=ORIENTED_EDGE('',*,*,#2742,.T.);
#339=ORIENTED_EDGE('',*,*,#2743,.F.);
#340=ORIENTED_EDGE('',*,*,#2744,.F.);
#341=ORIENTED_EDGE('',*,*,#2745,.T.);
#342=ORIENTED_EDGE('',*,*,#2746,.F.);
#343=ORIENTED_EDGE('',*,*,#2747,.F.);
#344=ORIENTED_EDGE('',*,*,#2748,.F.);
#345=ORIENTED_EDGE('',*,*,#2749,.F.);
#346=ORIENTED_EDGE('',*,*,#2750,.T.);
#347=ORIENTED_EDGE('',*,*,#2751,.F.);
#348=ORIENTED_EDGE('',*,*,#2752,.F.);
#349=ORIENTED_EDGE('',*,*,#2753,.T.);
#350=ORIENTED_EDGE('',*,*,#2754,.F.);
#351=ORIENTED_EDGE('',*,*,#2755,.F.);
#352=ORIENTED_EDGE('',*,*,#2756,.F.);
#353=ORIENTED_EDGE('',*,*,#2757,.F.);
#354=ORIENTED_EDGE('',*,*,#2758,.T.);
#355=ORIENTED_EDGE('',*,*,#2759,.F.);
#356=ORIENTED_EDGE('',*,*,#2760,.T.);
#357=ORIENTED_EDGE('',*,*,#2761,.T.);
#358=ORIENTED_EDGE('',*,*,#2759,.T.);
#359=ORIENTED_EDGE('',*,*,#2762,.T.);
#360=ORIENTED_EDGE('',*,*,#2755,.T.);
#361=ORIENTED_EDGE('',*,*,#2763,.T.);
#362=ORIENTED_EDGE('',*,*,#2764,.F.);
#363=ORIENTED_EDGE('',*,*,#2765,.F.);
#364=ORIENTED_EDGE('',*,*,#2766,.F.);
#365=ORIENTED_EDGE('',*,*,#2753,.F.);
#366=ORIENTED_EDGE('',*,*,#2767,.T.);
#367=ORIENTED_EDGE('',*,*,#2768,.T.);
#368=ORIENTED_EDGE('',*,*,#2719,.T.);
#369=ORIENTED_EDGE('',*,*,#2769,.T.);
#370=ORIENTED_EDGE('',*,*,#2715,.T.);
#371=ORIENTED_EDGE('',*,*,#2770,.T.);
#372=ORIENTED_EDGE('',*,*,#2771,.F.);
#373=ORIENTED_EDGE('',*,*,#2772,.F.);
#374=ORIENTED_EDGE('',*,*,#2773,.F.);
#375=ORIENTED_EDGE('',*,*,#2713,.F.);
#376=ORIENTED_EDGE('',*,*,#2774,.T.);
#377=ORIENTED_EDGE('',*,*,#2775,.T.);
#378=ORIENTED_EDGE('',*,*,#2727,.T.);
#379=ORIENTED_EDGE('',*,*,#2776,.T.);
#380=ORIENTED_EDGE('',*,*,#2723,.T.);
#381=ORIENTED_EDGE('',*,*,#2777,.T.);
#382=ORIENTED_EDGE('',*,*,#2778,.F.);
#383=ORIENTED_EDGE('',*,*,#2779,.F.);
#384=ORIENTED_EDGE('',*,*,#2780,.F.);
#385=ORIENTED_EDGE('',*,*,#2721,.F.);
#386=ORIENTED_EDGE('',*,*,#2781,.T.);
#387=ORIENTED_EDGE('',*,*,#2782,.T.);
#388=ORIENTED_EDGE('',*,*,#2735,.T.);
#389=ORIENTED_EDGE('',*,*,#2783,.T.);
#390=ORIENTED_EDGE('',*,*,#2731,.T.);
#391=ORIENTED_EDGE('',*,*,#2784,.T.);
#392=ORIENTED_EDGE('',*,*,#2785,.F.);
#393=ORIENTED_EDGE('',*,*,#2786,.F.);
#394=ORIENTED_EDGE('',*,*,#2787,.F.);
#395=ORIENTED_EDGE('',*,*,#2729,.F.);
#396=ORIENTED_EDGE('',*,*,#2788,.T.);
#397=ORIENTED_EDGE('',*,*,#2789,.T.);
#398=ORIENTED_EDGE('',*,*,#2743,.T.);
#399=ORIENTED_EDGE('',*,*,#2790,.T.);
#400=ORIENTED_EDGE('',*,*,#2739,.T.);
#401=ORIENTED_EDGE('',*,*,#2791,.T.);
#402=ORIENTED_EDGE('',*,*,#2792,.F.);
#403=ORIENTED_EDGE('',*,*,#2793,.F.);
#404=ORIENTED_EDGE('',*,*,#2794,.F.);
#405=ORIENTED_EDGE('',*,*,#2737,.F.);
#406=ORIENTED_EDGE('',*,*,#2795,.T.);
#407=ORIENTED_EDGE('',*,*,#2796,.T.);
#408=ORIENTED_EDGE('',*,*,#2751,.T.);
#409=ORIENTED_EDGE('',*,*,#2797,.T.);
#410=ORIENTED_EDGE('',*,*,#2747,.T.);
#411=ORIENTED_EDGE('',*,*,#2798,.T.);
#412=ORIENTED_EDGE('',*,*,#2799,.F.);
#413=ORIENTED_EDGE('',*,*,#2800,.F.);
#414=ORIENTED_EDGE('',*,*,#2801,.F.);
#415=ORIENTED_EDGE('',*,*,#2745,.F.);
#416=ORIENTED_EDGE('',*,*,#2802,.F.);
#417=ORIENTED_EDGE('',*,*,#2803,.F.);
#418=ORIENTED_EDGE('',*,*,#2804,.T.);
#419=ORIENTED_EDGE('',*,*,#2805,.T.);
#420=ORIENTED_EDGE('',*,*,#2806,.F.);
#421=ORIENTED_EDGE('',*,*,#2807,.F.);
#422=ORIENTED_EDGE('',*,*,#2808,.T.);
#423=ORIENTED_EDGE('',*,*,#2809,.T.);
#424=ORIENTED_EDGE('',*,*,#2810,.F.);
#425=ORIENTED_EDGE('',*,*,#2811,.F.);
#426=ORIENTED_EDGE('',*,*,#2812,.T.);
#427=ORIENTED_EDGE('',*,*,#2813,.T.);
#428=ORIENTED_EDGE('',*,*,#2814,.F.);
#429=ORIENTED_EDGE('',*,*,#2815,.F.);
#430=ORIENTED_EDGE('',*,*,#2816,.T.);
#431=ORIENTED_EDGE('',*,*,#2817,.T.);
#432=ORIENTED_EDGE('',*,*,#2818,.F.);
#433=ORIENTED_EDGE('',*,*,#2819,.F.);
#434=ORIENTED_EDGE('',*,*,#2820,.T.);
#435=ORIENTED_EDGE('',*,*,#2821,.T.);
#436=ORIENTED_EDGE('',*,*,#2822,.F.);
#437=ORIENTED_EDGE('',*,*,#2823,.F.);
#438=ORIENTED_EDGE('',*,*,#2824,.T.);
#439=ORIENTED_EDGE('',*,*,#2825,.T.);
#440=ORIENTED_EDGE('',*,*,#2826,.F.);
#441=ORIENTED_EDGE('',*,*,#2827,.F.);
#442=ORIENTED_EDGE('',*,*,#2828,.T.);
#443=ORIENTED_EDGE('',*,*,#2829,.T.);
#444=ORIENTED_EDGE('',*,*,#2830,.F.);
#445=ORIENTED_EDGE('',*,*,#2831,.T.);
#446=ORIENTED_EDGE('',*,*,#2832,.F.);
#447=ORIENTED_EDGE('',*,*,#2833,.T.);
#448=ORIENTED_EDGE('',*,*,#2830,.T.);
#449=ORIENTED_EDGE('',*,*,#2834,.T.);
#450=ORIENTED_EDGE('',*,*,#2835,.F.);
#451=ORIENTED_EDGE('',*,*,#2836,.F.);
#452=ORIENTED_EDGE('',*,*,#2837,.F.);
#453=ORIENTED_EDGE('',*,*,#2838,.F.);
#454=ORIENTED_EDGE('',*,*,#2835,.T.);
#455=ORIENTED_EDGE('',*,*,#2839,.T.);
#456=ORIENTED_EDGE('',*,*,#2840,.F.);
#457=ORIENTED_EDGE('',*,*,#2841,.T.);
#458=ORIENTED_EDGE('',*,*,#2842,.F.);
#459=ORIENTED_EDGE('',*,*,#2843,.F.);
#460=ORIENTED_EDGE('',*,*,#2844,.T.);
#461=ORIENTED_EDGE('',*,*,#2845,.T.);
#462=ORIENTED_EDGE('',*,*,#2846,.F.);
#463=ORIENTED_EDGE('',*,*,#2847,.T.);
#464=ORIENTED_EDGE('',*,*,#2848,.F.);
#465=ORIENTED_EDGE('',*,*,#2849,.T.);
#466=ORIENTED_EDGE('',*,*,#2846,.T.);
#467=ORIENTED_EDGE('',*,*,#2850,.T.);
#468=ORIENTED_EDGE('',*,*,#2851,.F.);
#469=ORIENTED_EDGE('',*,*,#2852,.F.);
#470=ORIENTED_EDGE('',*,*,#2853,.F.);
#471=ORIENTED_EDGE('',*,*,#2854,.F.);
#472=ORIENTED_EDGE('',*,*,#2851,.T.);
#473=ORIENTED_EDGE('',*,*,#2855,.T.);
#474=ORIENTED_EDGE('',*,*,#2856,.F.);
#475=ORIENTED_EDGE('',*,*,#2857,.T.);
#476=ORIENTED_EDGE('',*,*,#2858,.F.);
#477=ORIENTED_EDGE('',*,*,#2859,.F.);
#478=ORIENTED_EDGE('',*,*,#2860,.T.);
#479=ORIENTED_EDGE('',*,*,#2861,.T.);
#480=ORIENTED_EDGE('',*,*,#2862,.F.);
#481=ORIENTED_EDGE('',*,*,#2863,.T.);
#482=ORIENTED_EDGE('',*,*,#2864,.F.);
#483=ORIENTED_EDGE('',*,*,#2865,.T.);
#484=ORIENTED_EDGE('',*,*,#2862,.T.);
#485=ORIENTED_EDGE('',*,*,#2866,.T.);
#486=ORIENTED_EDGE('',*,*,#2867,.F.);
#487=ORIENTED_EDGE('',*,*,#2868,.F.);
#488=ORIENTED_EDGE('',*,*,#2869,.F.);
#489=ORIENTED_EDGE('',*,*,#2870,.F.);
#490=ORIENTED_EDGE('',*,*,#2867,.T.);
#491=ORIENTED_EDGE('',*,*,#2871,.T.);
#492=ORIENTED_EDGE('',*,*,#2872,.F.);
#493=ORIENTED_EDGE('',*,*,#2873,.T.);
#494=ORIENTED_EDGE('',*,*,#2874,.F.);
#495=ORIENTED_EDGE('',*,*,#2875,.F.);
#496=ORIENTED_EDGE('',*,*,#2876,.T.);
#497=ORIENTED_EDGE('',*,*,#2877,.T.);
#498=ORIENTED_EDGE('',*,*,#2878,.F.);
#499=ORIENTED_EDGE('',*,*,#2879,.T.);
#500=ORIENTED_EDGE('',*,*,#2880,.F.);
#501=ORIENTED_EDGE('',*,*,#2881,.T.);
#502=ORIENTED_EDGE('',*,*,#2878,.T.);
#503=ORIENTED_EDGE('',*,*,#2882,.T.);
#504=ORIENTED_EDGE('',*,*,#2883,.F.);
#505=ORIENTED_EDGE('',*,*,#2884,.F.);
#506=ORIENTED_EDGE('',*,*,#2885,.F.);
#507=ORIENTED_EDGE('',*,*,#2886,.F.);
#508=ORIENTED_EDGE('',*,*,#2883,.T.);
#509=ORIENTED_EDGE('',*,*,#2887,.T.);
#510=ORIENTED_EDGE('',*,*,#2888,.F.);
#511=ORIENTED_EDGE('',*,*,#2889,.T.);
#512=ORIENTED_EDGE('',*,*,#2890,.F.);
#513=ORIENTED_EDGE('',*,*,#2891,.F.);
#514=ORIENTED_EDGE('',*,*,#2892,.T.);
#515=ORIENTED_EDGE('',*,*,#2893,.T.);
#516=ORIENTED_EDGE('',*,*,#2894,.F.);
#517=ORIENTED_EDGE('',*,*,#2895,.T.);
#518=ORIENTED_EDGE('',*,*,#2896,.F.);
#519=ORIENTED_EDGE('',*,*,#2897,.T.);
#520=ORIENTED_EDGE('',*,*,#2894,.T.);
#521=ORIENTED_EDGE('',*,*,#2898,.T.);
#522=ORIENTED_EDGE('',*,*,#2899,.F.);
#523=ORIENTED_EDGE('',*,*,#2900,.F.);
#524=ORIENTED_EDGE('',*,*,#2901,.F.);
#525=ORIENTED_EDGE('',*,*,#2902,.F.);
#526=ORIENTED_EDGE('',*,*,#2899,.T.);
#527=ORIENTED_EDGE('',*,*,#2903,.T.);
#528=ORIENTED_EDGE('',*,*,#2904,.F.);
#529=ORIENTED_EDGE('',*,*,#2905,.T.);
#530=ORIENTED_EDGE('',*,*,#2906,.T.);
#531=ORIENTED_EDGE('',*,*,#2907,.T.);
#532=ORIENTED_EDGE('',*,*,#2908,.T.);
#533=ORIENTED_EDGE('',*,*,#2909,.T.);
#534=ORIENTED_EDGE('',*,*,#2891,.T.);
#535=ORIENTED_EDGE('',*,*,#2910,.F.);
#536=ORIENTED_EDGE('',*,*,#2911,.T.);
#537=ORIENTED_EDGE('',*,*,#2900,.T.);
#538=ORIENTED_EDGE('',*,*,#2902,.T.);
#539=ORIENTED_EDGE('',*,*,#2912,.T.);
#540=ORIENTED_EDGE('',*,*,#2913,.T.);
#541=ORIENTED_EDGE('',*,*,#2914,.T.);
#542=ORIENTED_EDGE('',*,*,#2915,.T.);
#543=ORIENTED_EDGE('',*,*,#2916,.T.);
#544=ORIENTED_EDGE('',*,*,#2827,.T.);
#545=ORIENTED_EDGE('',*,*,#2917,.F.);
#546=ORIENTED_EDGE('',*,*,#2918,.T.);
#547=ORIENTED_EDGE('',*,*,#2836,.T.);
#548=ORIENTED_EDGE('',*,*,#2838,.T.);
#549=ORIENTED_EDGE('',*,*,#2919,.T.);
#550=ORIENTED_EDGE('',*,*,#2920,.T.);
#551=ORIENTED_EDGE('',*,*,#2921,.T.);
#552=ORIENTED_EDGE('',*,*,#2922,.T.);
#553=ORIENTED_EDGE('',*,*,#2923,.T.);
#554=ORIENTED_EDGE('',*,*,#2843,.T.);
#555=ORIENTED_EDGE('',*,*,#2924,.F.);
#556=ORIENTED_EDGE('',*,*,#2925,.T.);
#557=ORIENTED_EDGE('',*,*,#2852,.T.);
#558=ORIENTED_EDGE('',*,*,#2854,.T.);
#559=ORIENTED_EDGE('',*,*,#2926,.T.);
#560=ORIENTED_EDGE('',*,*,#2927,.T.);
#561=ORIENTED_EDGE('',*,*,#2928,.T.);
#562=ORIENTED_EDGE('',*,*,#2929,.T.);
#563=ORIENTED_EDGE('',*,*,#2930,.T.);
#564=ORIENTED_EDGE('',*,*,#2859,.T.);
#565=ORIENTED_EDGE('',*,*,#2931,.F.);
#566=ORIENTED_EDGE('',*,*,#2932,.T.);
#567=ORIENTED_EDGE('',*,*,#2868,.T.);
#568=ORIENTED_EDGE('',*,*,#2870,.T.);
#569=ORIENTED_EDGE('',*,*,#2933,.T.);
#570=ORIENTED_EDGE('',*,*,#2934,.T.);
#571=ORIENTED_EDGE('',*,*,#2935,.T.);
#572=ORIENTED_EDGE('',*,*,#2936,.T.);
#573=ORIENTED_EDGE('',*,*,#2937,.T.);
#574=ORIENTED_EDGE('',*,*,#2875,.T.);
#575=ORIENTED_EDGE('',*,*,#2938,.F.);
#576=ORIENTED_EDGE('',*,*,#2939,.T.);
#577=ORIENTED_EDGE('',*,*,#2884,.T.);
#578=ORIENTED_EDGE('',*,*,#2886,.T.);
#579=ORIENTED_EDGE('',*,*,#2940,.T.);
#580=ORIENTED_EDGE('',*,*,#2941,.F.);
#581=ORIENTED_EDGE('',*,*,#2942,.F.);
#582=ORIENTED_EDGE('',*,*,#2943,.T.);
#583=ORIENTED_EDGE('',*,*,#2944,.T.);
#584=ORIENTED_EDGE('',*,*,#2945,.F.);
#585=ORIENTED_EDGE('',*,*,#2946,.F.);
#586=ORIENTED_EDGE('',*,*,#2947,.T.);
#587=ORIENTED_EDGE('',*,*,#2948,.T.);
#588=ORIENTED_EDGE('',*,*,#2942,.T.);
#589=ORIENTED_EDGE('',*,*,#2949,.T.);
#590=ORIENTED_EDGE('',*,*,#2950,.T.);
#591=ORIENTED_EDGE('',*,*,#2944,.F.);
#592=ORIENTED_EDGE('',*,*,#2951,.F.);
#593=ORIENTED_EDGE('',*,*,#2952,.F.);
#594=ORIENTED_EDGE('',*,*,#2953,.F.);
#595=ORIENTED_EDGE('',*,*,#2954,.F.);
#596=ORIENTED_EDGE('',*,*,#2955,.F.);
#597=ORIENTED_EDGE('',*,*,#2956,.T.);
#598=ORIENTED_EDGE('',*,*,#2957,.T.);
#599=ORIENTED_EDGE('',*,*,#2958,.F.);
#600=ORIENTED_EDGE('',*,*,#2959,.F.);
#601=ORIENTED_EDGE('',*,*,#2954,.T.);
#602=ORIENTED_EDGE('',*,*,#2960,.F.);
#603=ORIENTED_EDGE('',*,*,#2961,.F.);
#604=ORIENTED_EDGE('',*,*,#2962,.F.);
#605=ORIENTED_EDGE('',*,*,#2958,.T.);
#606=ORIENTED_EDGE('',*,*,#2963,.F.);
#607=ORIENTED_EDGE('',*,*,#2964,.F.);
#608=ORIENTED_EDGE('',*,*,#2965,.F.);
#609=ORIENTED_EDGE('',*,*,#2966,.T.);
#610=ORIENTED_EDGE('',*,*,#2967,.T.);
#611=ORIENTED_EDGE('',*,*,#2968,.F.);
#612=ORIENTED_EDGE('',*,*,#2969,.F.);
#613=ORIENTED_EDGE('',*,*,#2964,.T.);
#614=ORIENTED_EDGE('',*,*,#2970,.F.);
#615=ORIENTED_EDGE('',*,*,#2971,.F.);
#616=ORIENTED_EDGE('',*,*,#2972,.F.);
#617=ORIENTED_EDGE('',*,*,#2968,.T.);
#618=ORIENTED_EDGE('',*,*,#2973,.F.);
#619=ORIENTED_EDGE('',*,*,#2974,.F.);
#620=ORIENTED_EDGE('',*,*,#2975,.F.);
#621=ORIENTED_EDGE('',*,*,#2976,.T.);
#622=ORIENTED_EDGE('',*,*,#2977,.T.);
#623=ORIENTED_EDGE('',*,*,#2978,.F.);
#624=ORIENTED_EDGE('',*,*,#2979,.F.);
#625=ORIENTED_EDGE('',*,*,#2974,.T.);
#626=ORIENTED_EDGE('',*,*,#2980,.F.);
#627=ORIENTED_EDGE('',*,*,#2981,.F.);
#628=ORIENTED_EDGE('',*,*,#2982,.F.);
#629=ORIENTED_EDGE('',*,*,#2978,.T.);
#630=ORIENTED_EDGE('',*,*,#2983,.F.);
#631=ORIENTED_EDGE('',*,*,#2984,.F.);
#632=ORIENTED_EDGE('',*,*,#2985,.F.);
#633=ORIENTED_EDGE('',*,*,#2986,.T.);
#634=ORIENTED_EDGE('',*,*,#2987,.T.);
#635=ORIENTED_EDGE('',*,*,#2988,.F.);
#636=ORIENTED_EDGE('',*,*,#2989,.F.);
#637=ORIENTED_EDGE('',*,*,#2984,.T.);
#638=ORIENTED_EDGE('',*,*,#2990,.F.);
#639=ORIENTED_EDGE('',*,*,#2991,.F.);
#640=ORIENTED_EDGE('',*,*,#2992,.F.);
#641=ORIENTED_EDGE('',*,*,#2988,.T.);
#642=ORIENTED_EDGE('',*,*,#2993,.F.);
#643=ORIENTED_EDGE('',*,*,#2994,.F.);
#644=ORIENTED_EDGE('',*,*,#2995,.F.);
#645=ORIENTED_EDGE('',*,*,#2996,.T.);
#646=ORIENTED_EDGE('',*,*,#2997,.T.);
#647=ORIENTED_EDGE('',*,*,#2998,.F.);
#648=ORIENTED_EDGE('',*,*,#2999,.F.);
#649=ORIENTED_EDGE('',*,*,#2994,.T.);
#650=ORIENTED_EDGE('',*,*,#3000,.F.);
#651=ORIENTED_EDGE('',*,*,#3001,.F.);
#652=ORIENTED_EDGE('',*,*,#3002,.F.);
#653=ORIENTED_EDGE('',*,*,#2998,.T.);
#654=ORIENTED_EDGE('',*,*,#3003,.F.);
#655=ORIENTED_EDGE('',*,*,#3004,.F.);
#656=ORIENTED_EDGE('',*,*,#3005,.F.);
#657=ORIENTED_EDGE('',*,*,#3006,.T.);
#658=ORIENTED_EDGE('',*,*,#3007,.T.);
#659=ORIENTED_EDGE('',*,*,#3008,.F.);
#660=ORIENTED_EDGE('',*,*,#3009,.F.);
#661=ORIENTED_EDGE('',*,*,#3004,.T.);
#662=ORIENTED_EDGE('',*,*,#3010,.F.);
#663=ORIENTED_EDGE('',*,*,#3011,.F.);
#664=ORIENTED_EDGE('',*,*,#3012,.F.);
#665=ORIENTED_EDGE('',*,*,#3008,.T.);
#666=ORIENTED_EDGE('',*,*,#2961,.T.);
#667=ORIENTED_EDGE('',*,*,#3013,.T.);
#668=ORIENTED_EDGE('',*,*,#2956,.F.);
#669=ORIENTED_EDGE('',*,*,#3014,.F.);
#670=ORIENTED_EDGE('',*,*,#3011,.T.);
#671=ORIENTED_EDGE('',*,*,#3015,.T.);
#672=ORIENTED_EDGE('',*,*,#3006,.F.);
#673=ORIENTED_EDGE('',*,*,#3016,.F.);
#674=ORIENTED_EDGE('',*,*,#3001,.T.);
#675=ORIENTED_EDGE('',*,*,#3017,.T.);
#676=ORIENTED_EDGE('',*,*,#2996,.F.);
#677=ORIENTED_EDGE('',*,*,#3018,.F.);
#678=ORIENTED_EDGE('',*,*,#2991,.T.);
#679=ORIENTED_EDGE('',*,*,#3019,.T.);
#680=ORIENTED_EDGE('',*,*,#2986,.F.);
#681=ORIENTED_EDGE('',*,*,#3020,.F.);
#682=ORIENTED_EDGE('',*,*,#2981,.T.);
#683=ORIENTED_EDGE('',*,*,#3021,.T.);
#684=ORIENTED_EDGE('',*,*,#2976,.F.);
#685=ORIENTED_EDGE('',*,*,#3022,.F.);
#686=ORIENTED_EDGE('',*,*,#2971,.T.);
#687=ORIENTED_EDGE('',*,*,#3023,.T.);
#688=ORIENTED_EDGE('',*,*,#2966,.F.);
#689=ORIENTED_EDGE('',*,*,#3024,.F.);
#690=ORIENTED_EDGE('',*,*,#3025,.T.);
#691=ORIENTED_EDGE('',*,*,#3026,.F.);
#692=ORIENTED_EDGE('',*,*,#3027,.T.);
#693=ORIENTED_EDGE('',*,*,#3028,.T.);
#694=ORIENTED_EDGE('',*,*,#3029,.T.);
#695=ORIENTED_EDGE('',*,*,#3030,.F.);
#696=ORIENTED_EDGE('',*,*,#3031,.F.);
#697=ORIENTED_EDGE('',*,*,#3032,.T.);
#698=ORIENTED_EDGE('',*,*,#2788,.F.);
#699=ORIENTED_EDGE('',*,*,#3033,.T.);
#700=ORIENTED_EDGE('',*,*,#2793,.T.);
#701=ORIENTED_EDGE('',*,*,#3034,.T.);
#702=ORIENTED_EDGE('',*,*,#2774,.F.);
#703=ORIENTED_EDGE('',*,*,#3035,.T.);
#704=ORIENTED_EDGE('',*,*,#2779,.T.);
#705=ORIENTED_EDGE('',*,*,#3036,.T.);
#706=ORIENTED_EDGE('',*,*,#2760,.F.);
#707=ORIENTED_EDGE('',*,*,#3037,.T.);
#708=ORIENTED_EDGE('',*,*,#2765,.T.);
#709=ORIENTED_EDGE('',*,*,#3038,.T.);
#710=ORIENTED_EDGE('',*,*,#2767,.F.);
#711=ORIENTED_EDGE('',*,*,#3039,.T.);
#712=ORIENTED_EDGE('',*,*,#2772,.T.);
#713=ORIENTED_EDGE('',*,*,#3040,.T.);
#714=ORIENTED_EDGE('',*,*,#2781,.F.);
#715=ORIENTED_EDGE('',*,*,#3041,.T.);
#716=ORIENTED_EDGE('',*,*,#2786,.T.);
#717=ORIENTED_EDGE('',*,*,#3042,.T.);
#718=ORIENTED_EDGE('',*,*,#2795,.F.);
#719=ORIENTED_EDGE('',*,*,#3043,.T.);
#720=ORIENTED_EDGE('',*,*,#2800,.T.);
#721=ORIENTED_EDGE('',*,*,#3044,.T.);
#722=ORIENTED_EDGE('',*,*,#2951,.T.);
#723=ORIENTED_EDGE('',*,*,#2943,.F.);
#724=ORIENTED_EDGE('',*,*,#2948,.F.);
#725=ORIENTED_EDGE('',*,*,#3045,.T.);
#726=ORIENTED_EDGE('',*,*,#3046,.T.);
#727=ORIENTED_EDGE('',*,*,#2828,.F.);
#728=ORIENTED_EDGE('',*,*,#2916,.F.);
#729=ORIENTED_EDGE('',*,*,#3047,.T.);
#730=ORIENTED_EDGE('',*,*,#3048,.T.);
#731=ORIENTED_EDGE('',*,*,#2844,.F.);
#732=ORIENTED_EDGE('',*,*,#2923,.F.);
#733=ORIENTED_EDGE('',*,*,#3049,.T.);
#734=ORIENTED_EDGE('',*,*,#3050,.T.);
#735=ORIENTED_EDGE('',*,*,#2860,.F.);
#736=ORIENTED_EDGE('',*,*,#2930,.F.);
#737=ORIENTED_EDGE('',*,*,#3051,.T.);
#738=ORIENTED_EDGE('',*,*,#3052,.T.);
#739=ORIENTED_EDGE('',*,*,#2876,.F.);
#740=ORIENTED_EDGE('',*,*,#2937,.F.);
#741=ORIENTED_EDGE('',*,*,#3053,.T.);
#742=ORIENTED_EDGE('',*,*,#3054,.T.);
#743=ORIENTED_EDGE('',*,*,#2892,.F.);
#744=ORIENTED_EDGE('',*,*,#2909,.F.);
#745=ORIENTED_EDGE('',*,*,#3055,.T.);
#746=ORIENTED_EDGE('',*,*,#3056,.F.);
#747=ORIENTED_EDGE('',*,*,#3057,.T.);
#748=ORIENTED_EDGE('',*,*,#2840,.T.);
#749=ORIENTED_EDGE('',*,*,#3058,.T.);
#750=ORIENTED_EDGE('',*,*,#3047,.F.);
#751=ORIENTED_EDGE('',*,*,#2915,.F.);
#752=ORIENTED_EDGE('',*,*,#3059,.F.);
#753=ORIENTED_EDGE('',*,*,#3060,.F.);
#754=ORIENTED_EDGE('',*,*,#3061,.F.);
#755=ORIENTED_EDGE('',*,*,#3062,.T.);
#756=ORIENTED_EDGE('',*,*,#2856,.T.);
#757=ORIENTED_EDGE('',*,*,#3063,.T.);
#758=ORIENTED_EDGE('',*,*,#3049,.F.);
#759=ORIENTED_EDGE('',*,*,#2922,.F.);
#760=ORIENTED_EDGE('',*,*,#3064,.F.);
#761=ORIENTED_EDGE('',*,*,#3065,.F.);
#762=ORIENTED_EDGE('',*,*,#3066,.F.);
#763=ORIENTED_EDGE('',*,*,#3067,.T.);
#764=ORIENTED_EDGE('',*,*,#2872,.T.);
#765=ORIENTED_EDGE('',*,*,#3068,.T.);
#766=ORIENTED_EDGE('',*,*,#3051,.F.);
#767=ORIENTED_EDGE('',*,*,#2929,.F.);
#768=ORIENTED_EDGE('',*,*,#3069,.F.);
#769=ORIENTED_EDGE('',*,*,#3070,.F.);
#770=ORIENTED_EDGE('',*,*,#3071,.F.);
#771=ORIENTED_EDGE('',*,*,#3072,.T.);
#772=ORIENTED_EDGE('',*,*,#2888,.T.);
#773=ORIENTED_EDGE('',*,*,#3073,.T.);
#774=ORIENTED_EDGE('',*,*,#3053,.F.);
#775=ORIENTED_EDGE('',*,*,#2936,.F.);
#776=ORIENTED_EDGE('',*,*,#3074,.F.);
#777=ORIENTED_EDGE('',*,*,#3075,.F.);
#778=ORIENTED_EDGE('',*,*,#3076,.F.);
#779=ORIENTED_EDGE('',*,*,#3077,.T.);
#780=ORIENTED_EDGE('',*,*,#2904,.T.);
#781=ORIENTED_EDGE('',*,*,#3078,.T.);
#782=ORIENTED_EDGE('',*,*,#3055,.F.);
#783=ORIENTED_EDGE('',*,*,#2908,.F.);
#784=ORIENTED_EDGE('',*,*,#3079,.F.);
#785=ORIENTED_EDGE('',*,*,#3080,.F.);
#786=ORIENTED_EDGE('',*,*,#3081,.T.);
#787=ORIENTED_EDGE('',*,*,#3082,.F.);
#788=ORIENTED_EDGE('',*,*,#3083,.T.);
#789=ORIENTED_EDGE('',*,*,#3084,.T.);
#790=ORIENTED_EDGE('',*,*,#3085,.T.);
#791=ORIENTED_EDGE('',*,*,#3086,.F.);
#792=ORIENTED_EDGE('',*,*,#3087,.F.);
#793=ORIENTED_EDGE('',*,*,#3088,.T.);
#794=ORIENTED_EDGE('',*,*,#3089,.F.);
#795=ORIENTED_EDGE('',*,*,#3090,.T.);
#796=ORIENTED_EDGE('',*,*,#2952,.T.);
#797=ORIENTED_EDGE('',*,*,#3045,.F.);
#798=ORIENTED_EDGE('',*,*,#2947,.F.);
#799=ORIENTED_EDGE('',*,*,#3091,.F.);
#800=ORIENTED_EDGE('',*,*,#3092,.T.);
#801=ORIENTED_EDGE('',*,*,#3093,.F.);
#802=ORIENTED_EDGE('',*,*,#3094,.F.);
#803=ORIENTED_EDGE('',*,*,#3086,.T.);
#804=ORIENTED_EDGE('',*,*,#3095,.T.);
#805=ORIENTED_EDGE('',*,*,#3096,.F.);
#806=ORIENTED_EDGE('',*,*,#3097,.F.);
#807=ORIENTED_EDGE('',*,*,#3093,.T.);
#808=ORIENTED_EDGE('',*,*,#3098,.T.);
#809=ORIENTED_EDGE('',*,*,#3099,.T.);
#810=ORIENTED_EDGE('',*,*,#3100,.T.);
#811=ORIENTED_EDGE('',*,*,#3101,.T.);
#812=ORIENTED_EDGE('',*,*,#3102,.T.);
#813=ORIENTED_EDGE('',*,*,#3103,.T.);
#814=ORIENTED_EDGE('',*,*,#3104,.T.);
#815=ORIENTED_EDGE('',*,*,#3105,.T.);
#816=ORIENTED_EDGE('',*,*,#3106,.T.);
#817=ORIENTED_EDGE('',*,*,#3107,.T.);
#818=ORIENTED_EDGE('',*,*,#3108,.T.);
#819=ORIENTED_EDGE('',*,*,#3109,.T.);
#820=ORIENTED_EDGE('',*,*,#3110,.T.);
#821=ORIENTED_EDGE('',*,*,#3111,.T.);
#822=ORIENTED_EDGE('',*,*,#3112,.T.);
#823=ORIENTED_EDGE('',*,*,#3113,.T.);
#824=ORIENTED_EDGE('',*,*,#3114,.T.);
#825=ORIENTED_EDGE('',*,*,#3115,.T.);
#826=ORIENTED_EDGE('',*,*,#3116,.T.);
#827=ORIENTED_EDGE('',*,*,#3117,.T.);
#828=ORIENTED_EDGE('',*,*,#3118,.T.);
#829=ORIENTED_EDGE('',*,*,#3119,.T.);
#830=ORIENTED_EDGE('',*,*,#3120,.T.);
#831=ORIENTED_EDGE('',*,*,#3121,.T.);
#832=ORIENTED_EDGE('',*,*,#3122,.T.);
#833=ORIENTED_EDGE('',*,*,#3123,.T.);
#834=ORIENTED_EDGE('',*,*,#3124,.T.);
#835=ORIENTED_EDGE('',*,*,#3125,.T.);
#836=ORIENTED_EDGE('',*,*,#3126,.T.);
#837=ORIENTED_EDGE('',*,*,#3127,.T.);
#838=ORIENTED_EDGE('',*,*,#3128,.T.);
#839=ORIENTED_EDGE('',*,*,#3129,.T.);
#840=ORIENTED_EDGE('',*,*,#3130,.T.);
#841=ORIENTED_EDGE('',*,*,#3131,.T.);
#842=ORIENTED_EDGE('',*,*,#3132,.T.);
#843=ORIENTED_EDGE('',*,*,#3133,.T.);
#844=ORIENTED_EDGE('',*,*,#3134,.T.);
#845=ORIENTED_EDGE('',*,*,#3135,.T.);
#846=ORIENTED_EDGE('',*,*,#3136,.T.);
#847=ORIENTED_EDGE('',*,*,#3137,.T.);
#848=ORIENTED_EDGE('',*,*,#3138,.T.);
#849=ORIENTED_EDGE('',*,*,#3139,.T.);
#850=ORIENTED_EDGE('',*,*,#3140,.T.);
#851=ORIENTED_EDGE('',*,*,#3141,.T.);
#852=ORIENTED_EDGE('',*,*,#3142,.T.);
#853=ORIENTED_EDGE('',*,*,#3143,.T.);
#854=ORIENTED_EDGE('',*,*,#3144,.T.);
#855=ORIENTED_EDGE('',*,*,#3145,.T.);
#856=ORIENTED_EDGE('',*,*,#3146,.T.);
#857=ORIENTED_EDGE('',*,*,#3147,.F.);
#858=ORIENTED_EDGE('',*,*,#3148,.F.);
#859=ORIENTED_EDGE('',*,*,#3096,.T.);
#860=ORIENTED_EDGE('',*,*,#3149,.T.);
#861=ORIENTED_EDGE('',*,*,#3150,.F.);
#862=ORIENTED_EDGE('',*,*,#3151,.F.);
#863=ORIENTED_EDGE('',*,*,#3147,.T.);
#864=ORIENTED_EDGE('',*,*,#3152,.T.);
#865=ORIENTED_EDGE('',*,*,#3032,.F.);
#866=ORIENTED_EDGE('',*,*,#3153,.F.);
#867=ORIENTED_EDGE('',*,*,#3150,.T.);
#868=ORIENTED_EDGE('',*,*,#3154,.T.);
#869=ORIENTED_EDGE('',*,*,#3088,.F.);
#870=ORIENTED_EDGE('',*,*,#3155,.F.);
#871=ORIENTED_EDGE('',*,*,#3030,.T.);
#872=ORIENTED_EDGE('',*,*,#3156,.T.);
#873=ORIENTED_EDGE('',*,*,#3025,.F.);
#874=ORIENTED_EDGE('',*,*,#3152,.F.);
#875=ORIENTED_EDGE('',*,*,#3149,.F.);
#876=ORIENTED_EDGE('',*,*,#3146,.F.);
#877=ORIENTED_EDGE('',*,*,#3095,.F.);
#878=ORIENTED_EDGE('',*,*,#3092,.F.);
#879=ORIENTED_EDGE('',*,*,#3085,.F.);
#880=ORIENTED_EDGE('',*,*,#3157,.T.);
#881=ORIENTED_EDGE('',*,*,#3158,.T.);
#882=ORIENTED_EDGE('',*,*,#3159,.T.);
#883=ORIENTED_EDGE('',*,*,#3160,.T.);
#884=ORIENTED_EDGE('',*,*,#3161,.T.);
#885=ORIENTED_EDGE('',*,*,#3081,.F.);
#886=ORIENTED_EDGE('',*,*,#3154,.F.);
#887=ORIENTED_EDGE('',*,*,#3029,.F.);
#888=ORIENTED_EDGE('',*,*,#3162,.T.);
#889=ORIENTED_EDGE('',*,*,#3163,.T.);
#890=ORIENTED_EDGE('',*,*,#3164,.T.);
#891=ORIENTED_EDGE('',*,*,#3165,.T.);
#892=ORIENTED_EDGE('',*,*,#3166,.T.);
#893=ORIENTED_EDGE('',*,*,#3167,.T.);
#894=ORIENTED_EDGE('',*,*,#3168,.T.);
#895=ORIENTED_EDGE('',*,*,#3169,.T.);
#896=ORIENTED_EDGE('',*,*,#3170,.T.);
#897=ORIENTED_EDGE('',*,*,#3171,.T.);
#898=ORIENTED_EDGE('',*,*,#3172,.T.);
#899=ORIENTED_EDGE('',*,*,#3173,.T.);
#900=ORIENTED_EDGE('',*,*,#3094,.T.);
#901=ORIENTED_EDGE('',*,*,#3097,.T.);
#902=ORIENTED_EDGE('',*,*,#3148,.T.);
#903=ORIENTED_EDGE('',*,*,#3151,.T.);
#904=ORIENTED_EDGE('',*,*,#3153,.T.);
#905=ORIENTED_EDGE('',*,*,#3031,.T.);
#906=ORIENTED_EDGE('',*,*,#3155,.T.);
#907=ORIENTED_EDGE('',*,*,#3087,.T.);
#908=ORIENTED_EDGE('',*,*,#3173,.F.);
#909=ORIENTED_EDGE('',*,*,#3174,.F.);
#910=ORIENTED_EDGE('',*,*,#3174,.T.);
#911=ORIENTED_EDGE('',*,*,#3172,.F.);
#912=ORIENTED_EDGE('',*,*,#3175,.F.);
#913=ORIENTED_EDGE('',*,*,#3175,.T.);
#914=ORIENTED_EDGE('',*,*,#3171,.F.);
#915=ORIENTED_EDGE('',*,*,#3176,.F.);
#916=ORIENTED_EDGE('',*,*,#3176,.T.);
#917=ORIENTED_EDGE('',*,*,#3170,.F.);
#918=ORIENTED_EDGE('',*,*,#3177,.F.);
#919=ORIENTED_EDGE('',*,*,#3177,.T.);
#920=ORIENTED_EDGE('',*,*,#3169,.F.);
#921=ORIENTED_EDGE('',*,*,#3178,.F.);
#922=ORIENTED_EDGE('',*,*,#3178,.T.);
#923=ORIENTED_EDGE('',*,*,#3078,.F.);
#924=ORIENTED_EDGE('',*,*,#2903,.F.);
#925=ORIENTED_EDGE('',*,*,#2898,.F.);
#926=ORIENTED_EDGE('',*,*,#2893,.F.);
#927=ORIENTED_EDGE('',*,*,#3054,.F.);
#928=ORIENTED_EDGE('',*,*,#3073,.F.);
#929=ORIENTED_EDGE('',*,*,#2887,.F.);
#930=ORIENTED_EDGE('',*,*,#2882,.F.);
#931=ORIENTED_EDGE('',*,*,#2877,.F.);
#932=ORIENTED_EDGE('',*,*,#3052,.F.);
#933=ORIENTED_EDGE('',*,*,#3068,.F.);
#934=ORIENTED_EDGE('',*,*,#2871,.F.);
#935=ORIENTED_EDGE('',*,*,#2866,.F.);
#936=ORIENTED_EDGE('',*,*,#2861,.F.);
#937=ORIENTED_EDGE('',*,*,#3050,.F.);
#938=ORIENTED_EDGE('',*,*,#3063,.F.);
#939=ORIENTED_EDGE('',*,*,#2855,.F.);
#940=ORIENTED_EDGE('',*,*,#2850,.F.);
#941=ORIENTED_EDGE('',*,*,#2845,.F.);
#942=ORIENTED_EDGE('',*,*,#3048,.F.);
#943=ORIENTED_EDGE('',*,*,#3058,.F.);
#944=ORIENTED_EDGE('',*,*,#2839,.F.);
#945=ORIENTED_EDGE('',*,*,#2834,.F.);
#946=ORIENTED_EDGE('',*,*,#2829,.F.);
#947=ORIENTED_EDGE('',*,*,#3046,.F.);
#948=ORIENTED_EDGE('',*,*,#3143,.F.);
#949=ORIENTED_EDGE('',*,*,#3179,.F.);
#950=ORIENTED_EDGE('',*,*,#3180,.T.);
#951=ORIENTED_EDGE('',*,*,#3181,.T.);
#952=ORIENTED_EDGE('',*,*,#3144,.F.);
#953=ORIENTED_EDGE('',*,*,#3181,.F.);
#954=ORIENTED_EDGE('',*,*,#3182,.T.);
#955=ORIENTED_EDGE('',*,*,#3183,.T.);
#956=ORIENTED_EDGE('',*,*,#3145,.F.);
#957=ORIENTED_EDGE('',*,*,#3183,.F.);
#958=ORIENTED_EDGE('',*,*,#3184,.T.);
#959=ORIENTED_EDGE('',*,*,#3185,.T.);
#960=ORIENTED_EDGE('',*,*,#3142,.F.);
#961=ORIENTED_EDGE('',*,*,#3185,.F.);
#962=ORIENTED_EDGE('',*,*,#3186,.T.);
#963=ORIENTED_EDGE('',*,*,#3179,.T.);
#964=ORIENTED_EDGE('',*,*,#3180,.F.);
#965=ORIENTED_EDGE('',*,*,#3186,.F.);
#966=ORIENTED_EDGE('',*,*,#3184,.F.);
#967=ORIENTED_EDGE('',*,*,#3182,.F.);
#968=ORIENTED_EDGE('',*,*,#3139,.F.);
#969=ORIENTED_EDGE('',*,*,#3187,.F.);
#970=ORIENTED_EDGE('',*,*,#3188,.T.);
#971=ORIENTED_EDGE('',*,*,#3189,.T.);
#972=ORIENTED_EDGE('',*,*,#3140,.F.);
#973=ORIENTED_EDGE('',*,*,#3189,.F.);
#974=ORIENTED_EDGE('',*,*,#3190,.T.);
#975=ORIENTED_EDGE('',*,*,#3191,.T.);
#976=ORIENTED_EDGE('',*,*,#3141,.F.);
#977=ORIENTED_EDGE('',*,*,#3191,.F.);
#978=ORIENTED_EDGE('',*,*,#3192,.T.);
#979=ORIENTED_EDGE('',*,*,#3193,.T.);
#980=ORIENTED_EDGE('',*,*,#3138,.F.);
#981=ORIENTED_EDGE('',*,*,#3193,.F.);
#982=ORIENTED_EDGE('',*,*,#3194,.T.);
#983=ORIENTED_EDGE('',*,*,#3187,.T.);
#984=ORIENTED_EDGE('',*,*,#3188,.F.);
#985=ORIENTED_EDGE('',*,*,#3194,.F.);
#986=ORIENTED_EDGE('',*,*,#3192,.F.);
#987=ORIENTED_EDGE('',*,*,#3190,.F.);
#988=ORIENTED_EDGE('',*,*,#3135,.F.);
#989=ORIENTED_EDGE('',*,*,#3195,.F.);
#990=ORIENTED_EDGE('',*,*,#3196,.T.);
#991=ORIENTED_EDGE('',*,*,#3197,.T.);
#992=ORIENTED_EDGE('',*,*,#3136,.F.);
#993=ORIENTED_EDGE('',*,*,#3197,.F.);
#994=ORIENTED_EDGE('',*,*,#3198,.T.);
#995=ORIENTED_EDGE('',*,*,#3199,.T.);
#996=ORIENTED_EDGE('',*,*,#3137,.F.);
#997=ORIENTED_EDGE('',*,*,#3199,.F.);
#998=ORIENTED_EDGE('',*,*,#3200,.T.);
#999=ORIENTED_EDGE('',*,*,#3201,.T.);
#1000=ORIENTED_EDGE('',*,*,#3134,.F.);
#1001=ORIENTED_EDGE('',*,*,#3201,.F.);
#1002=ORIENTED_EDGE('',*,*,#3202,.T.);
#1003=ORIENTED_EDGE('',*,*,#3195,.T.);
#1004=ORIENTED_EDGE('',*,*,#3196,.F.);
#1005=ORIENTED_EDGE('',*,*,#3202,.F.);
#1006=ORIENTED_EDGE('',*,*,#3200,.F.);
#1007=ORIENTED_EDGE('',*,*,#3198,.F.);
#1008=ORIENTED_EDGE('',*,*,#3131,.F.);
#1009=ORIENTED_EDGE('',*,*,#3203,.F.);
#1010=ORIENTED_EDGE('',*,*,#3204,.T.);
#1011=ORIENTED_EDGE('',*,*,#3205,.T.);
#1012=ORIENTED_EDGE('',*,*,#3132,.F.);
#1013=ORIENTED_EDGE('',*,*,#3205,.F.);
#1014=ORIENTED_EDGE('',*,*,#3206,.T.);
#1015=ORIENTED_EDGE('',*,*,#3207,.T.);
#1016=ORIENTED_EDGE('',*,*,#3133,.F.);
#1017=ORIENTED_EDGE('',*,*,#3207,.F.);
#1018=ORIENTED_EDGE('',*,*,#3208,.T.);
#1019=ORIENTED_EDGE('',*,*,#3209,.T.);
#1020=ORIENTED_EDGE('',*,*,#3130,.F.);
#1021=ORIENTED_EDGE('',*,*,#3209,.F.);
#1022=ORIENTED_EDGE('',*,*,#3210,.T.);
#1023=ORIENTED_EDGE('',*,*,#3203,.T.);
#1024=ORIENTED_EDGE('',*,*,#3204,.F.);
#1025=ORIENTED_EDGE('',*,*,#3210,.F.);
#1026=ORIENTED_EDGE('',*,*,#3208,.F.);
#1027=ORIENTED_EDGE('',*,*,#3206,.F.);
#1028=ORIENTED_EDGE('',*,*,#3127,.F.);
#1029=ORIENTED_EDGE('',*,*,#3211,.F.);
#1030=ORIENTED_EDGE('',*,*,#3212,.T.);
#1031=ORIENTED_EDGE('',*,*,#3213,.T.);
#1032=ORIENTED_EDGE('',*,*,#3128,.F.);
#1033=ORIENTED_EDGE('',*,*,#3213,.F.);
#1034=ORIENTED_EDGE('',*,*,#3214,.T.);
#1035=ORIENTED_EDGE('',*,*,#3215,.T.);
#1036=ORIENTED_EDGE('',*,*,#3129,.F.);
#1037=ORIENTED_EDGE('',*,*,#3215,.F.);
#1038=ORIENTED_EDGE('',*,*,#3216,.T.);
#1039=ORIENTED_EDGE('',*,*,#3217,.T.);
#1040=ORIENTED_EDGE('',*,*,#3126,.F.);
#1041=ORIENTED_EDGE('',*,*,#3217,.F.);
#1042=ORIENTED_EDGE('',*,*,#3218,.T.);
#1043=ORIENTED_EDGE('',*,*,#3211,.T.);
#1044=ORIENTED_EDGE('',*,*,#3212,.F.);
#1045=ORIENTED_EDGE('',*,*,#3218,.F.);
#1046=ORIENTED_EDGE('',*,*,#3216,.F.);
#1047=ORIENTED_EDGE('',*,*,#3214,.F.);
#1048=ORIENTED_EDGE('',*,*,#3123,.F.);
#1049=ORIENTED_EDGE('',*,*,#3219,.F.);
#1050=ORIENTED_EDGE('',*,*,#3220,.T.);
#1051=ORIENTED_EDGE('',*,*,#3221,.T.);
#1052=ORIENTED_EDGE('',*,*,#3124,.F.);
#1053=ORIENTED_EDGE('',*,*,#3221,.F.);
#1054=ORIENTED_EDGE('',*,*,#3222,.T.);
#1055=ORIENTED_EDGE('',*,*,#3223,.T.);
#1056=ORIENTED_EDGE('',*,*,#3125,.F.);
#1057=ORIENTED_EDGE('',*,*,#3223,.F.);
#1058=ORIENTED_EDGE('',*,*,#3224,.T.);
#1059=ORIENTED_EDGE('',*,*,#3225,.T.);
#1060=ORIENTED_EDGE('',*,*,#3122,.F.);
#1061=ORIENTED_EDGE('',*,*,#3225,.F.);
#1062=ORIENTED_EDGE('',*,*,#3226,.T.);
#1063=ORIENTED_EDGE('',*,*,#3219,.T.);
#1064=ORIENTED_EDGE('',*,*,#3220,.F.);
#1065=ORIENTED_EDGE('',*,*,#3226,.F.);
#1066=ORIENTED_EDGE('',*,*,#3224,.F.);
#1067=ORIENTED_EDGE('',*,*,#3222,.F.);
#1068=ORIENTED_EDGE('',*,*,#3119,.F.);
#1069=ORIENTED_EDGE('',*,*,#3227,.F.);
#1070=ORIENTED_EDGE('',*,*,#3228,.T.);
#1071=ORIENTED_EDGE('',*,*,#3229,.T.);
#1072=ORIENTED_EDGE('',*,*,#3120,.F.);
#1073=ORIENTED_EDGE('',*,*,#3229,.F.);
#1074=ORIENTED_EDGE('',*,*,#3230,.T.);
#1075=ORIENTED_EDGE('',*,*,#3231,.T.);
#1076=ORIENTED_EDGE('',*,*,#3121,.F.);
#1077=ORIENTED_EDGE('',*,*,#3231,.F.);
#1078=ORIENTED_EDGE('',*,*,#3232,.T.);
#1079=ORIENTED_EDGE('',*,*,#3233,.T.);
#1080=ORIENTED_EDGE('',*,*,#3118,.F.);
#1081=ORIENTED_EDGE('',*,*,#3233,.F.);
#1082=ORIENTED_EDGE('',*,*,#3234,.T.);
#1083=ORIENTED_EDGE('',*,*,#3227,.T.);
#1084=ORIENTED_EDGE('',*,*,#3228,.F.);
#1085=ORIENTED_EDGE('',*,*,#3234,.F.);
#1086=ORIENTED_EDGE('',*,*,#3232,.F.);
#1087=ORIENTED_EDGE('',*,*,#3230,.F.);
#1088=ORIENTED_EDGE('',*,*,#3115,.F.);
#1089=ORIENTED_EDGE('',*,*,#3235,.F.);
#1090=ORIENTED_EDGE('',*,*,#3236,.T.);
#1091=ORIENTED_EDGE('',*,*,#3237,.T.);
#1092=ORIENTED_EDGE('',*,*,#3116,.F.);
#1093=ORIENTED_EDGE('',*,*,#3237,.F.);
#1094=ORIENTED_EDGE('',*,*,#3238,.T.);
#1095=ORIENTED_EDGE('',*,*,#3239,.T.);
#1096=ORIENTED_EDGE('',*,*,#3117,.F.);
#1097=ORIENTED_EDGE('',*,*,#3239,.F.);
#1098=ORIENTED_EDGE('',*,*,#3240,.T.);
#1099=ORIENTED_EDGE('',*,*,#3241,.T.);
#1100=ORIENTED_EDGE('',*,*,#3114,.F.);
#1101=ORIENTED_EDGE('',*,*,#3241,.F.);
#1102=ORIENTED_EDGE('',*,*,#3242,.T.);
#1103=ORIENTED_EDGE('',*,*,#3235,.T.);
#1104=ORIENTED_EDGE('',*,*,#3236,.F.);
#1105=ORIENTED_EDGE('',*,*,#3242,.F.);
#1106=ORIENTED_EDGE('',*,*,#3240,.F.);
#1107=ORIENTED_EDGE('',*,*,#3238,.F.);
#1108=ORIENTED_EDGE('',*,*,#3111,.F.);
#1109=ORIENTED_EDGE('',*,*,#3243,.F.);
#1110=ORIENTED_EDGE('',*,*,#3244,.T.);
#1111=ORIENTED_EDGE('',*,*,#3245,.T.);
#1112=ORIENTED_EDGE('',*,*,#3112,.F.);
#1113=ORIENTED_EDGE('',*,*,#3245,.F.);
#1114=ORIENTED_EDGE('',*,*,#3246,.T.);
#1115=ORIENTED_EDGE('',*,*,#3247,.T.);
#1116=ORIENTED_EDGE('',*,*,#3113,.F.);
#1117=ORIENTED_EDGE('',*,*,#3247,.F.);
#1118=ORIENTED_EDGE('',*,*,#3248,.T.);
#1119=ORIENTED_EDGE('',*,*,#3249,.T.);
#1120=ORIENTED_EDGE('',*,*,#3110,.F.);
#1121=ORIENTED_EDGE('',*,*,#3249,.F.);
#1122=ORIENTED_EDGE('',*,*,#3250,.T.);
#1123=ORIENTED_EDGE('',*,*,#3243,.T.);
#1124=ORIENTED_EDGE('',*,*,#3244,.F.);
#1125=ORIENTED_EDGE('',*,*,#3250,.F.);
#1126=ORIENTED_EDGE('',*,*,#3248,.F.);
#1127=ORIENTED_EDGE('',*,*,#3246,.F.);
#1128=ORIENTED_EDGE('',*,*,#3107,.F.);
#1129=ORIENTED_EDGE('',*,*,#3251,.F.);
#1130=ORIENTED_EDGE('',*,*,#3252,.T.);
#1131=ORIENTED_EDGE('',*,*,#3253,.T.);
#1132=ORIENTED_EDGE('',*,*,#3108,.F.);
#1133=ORIENTED_EDGE('',*,*,#3253,.F.);
#1134=ORIENTED_EDGE('',*,*,#3254,.T.);
#1135=ORIENTED_EDGE('',*,*,#3255,.T.);
#1136=ORIENTED_EDGE('',*,*,#3109,.F.);
#1137=ORIENTED_EDGE('',*,*,#3255,.F.);
#1138=ORIENTED_EDGE('',*,*,#3256,.T.);
#1139=ORIENTED_EDGE('',*,*,#3257,.T.);
#1140=ORIENTED_EDGE('',*,*,#3106,.F.);
#1141=ORIENTED_EDGE('',*,*,#3257,.F.);
#1142=ORIENTED_EDGE('',*,*,#3258,.T.);
#1143=ORIENTED_EDGE('',*,*,#3251,.T.);
#1144=ORIENTED_EDGE('',*,*,#3252,.F.);
#1145=ORIENTED_EDGE('',*,*,#3258,.F.);
#1146=ORIENTED_EDGE('',*,*,#3256,.F.);
#1147=ORIENTED_EDGE('',*,*,#3254,.F.);
#1148=ORIENTED_EDGE('',*,*,#3103,.F.);
#1149=ORIENTED_EDGE('',*,*,#3259,.F.);
#1150=ORIENTED_EDGE('',*,*,#3260,.T.);
#1151=ORIENTED_EDGE('',*,*,#3261,.T.);
#1152=ORIENTED_EDGE('',*,*,#3104,.F.);
#1153=ORIENTED_EDGE('',*,*,#3261,.F.);
#1154=ORIENTED_EDGE('',*,*,#3262,.T.);
#1155=ORIENTED_EDGE('',*,*,#3263,.T.);
#1156=ORIENTED_EDGE('',*,*,#3105,.F.);
#1157=ORIENTED_EDGE('',*,*,#3263,.F.);
#1158=ORIENTED_EDGE('',*,*,#3264,.T.);
#1159=ORIENTED_EDGE('',*,*,#3265,.T.);
#1160=ORIENTED_EDGE('',*,*,#3102,.F.);
#1161=ORIENTED_EDGE('',*,*,#3265,.F.);
#1162=ORIENTED_EDGE('',*,*,#3266,.T.);
#1163=ORIENTED_EDGE('',*,*,#3259,.T.);
#1164=ORIENTED_EDGE('',*,*,#3260,.F.);
#1165=ORIENTED_EDGE('',*,*,#3266,.F.);
#1166=ORIENTED_EDGE('',*,*,#3264,.F.);
#1167=ORIENTED_EDGE('',*,*,#3262,.F.);
#1168=ORIENTED_EDGE('',*,*,#3099,.F.);
#1169=ORIENTED_EDGE('',*,*,#3267,.F.);
#1170=ORIENTED_EDGE('',*,*,#3268,.T.);
#1171=ORIENTED_EDGE('',*,*,#3269,.T.);
#1172=ORIENTED_EDGE('',*,*,#3100,.F.);
#1173=ORIENTED_EDGE('',*,*,#3269,.F.);
#1174=ORIENTED_EDGE('',*,*,#3270,.T.);
#1175=ORIENTED_EDGE('',*,*,#3271,.T.);
#1176=ORIENTED_EDGE('',*,*,#3101,.F.);
#1177=ORIENTED_EDGE('',*,*,#3271,.F.);
#1178=ORIENTED_EDGE('',*,*,#3272,.T.);
#1179=ORIENTED_EDGE('',*,*,#3273,.T.);
#1180=ORIENTED_EDGE('',*,*,#3098,.F.);
#1181=ORIENTED_EDGE('',*,*,#3273,.F.);
#1182=ORIENTED_EDGE('',*,*,#3274,.T.);
#1183=ORIENTED_EDGE('',*,*,#3267,.T.);
#1184=ORIENTED_EDGE('',*,*,#3268,.F.);
#1185=ORIENTED_EDGE('',*,*,#3274,.F.);
#1186=ORIENTED_EDGE('',*,*,#3272,.F.);
#1187=ORIENTED_EDGE('',*,*,#3270,.F.);
#1188=ORIENTED_EDGE('',*,*,#3157,.F.);
#1189=ORIENTED_EDGE('',*,*,#3084,.F.);
#1190=ORIENTED_EDGE('',*,*,#3275,.T.);
#1191=ORIENTED_EDGE('',*,*,#3276,.T.);
#1192=ORIENTED_EDGE('',*,*,#3158,.F.);
#1193=ORIENTED_EDGE('',*,*,#3276,.F.);
#1194=ORIENTED_EDGE('',*,*,#3277,.T.);
#1195=ORIENTED_EDGE('',*,*,#3278,.T.);
#1196=ORIENTED_EDGE('',*,*,#3159,.F.);
#1197=ORIENTED_EDGE('',*,*,#3278,.F.);
#1198=ORIENTED_EDGE('',*,*,#3279,.T.);
#1199=ORIENTED_EDGE('',*,*,#3280,.T.);
#1200=ORIENTED_EDGE('',*,*,#3160,.F.);
#1201=ORIENTED_EDGE('',*,*,#3280,.F.);
#1202=ORIENTED_EDGE('',*,*,#3281,.T.);
#1203=ORIENTED_EDGE('',*,*,#3282,.T.);
#1204=ORIENTED_EDGE('',*,*,#3161,.F.);
#1205=ORIENTED_EDGE('',*,*,#3282,.F.);
#1206=ORIENTED_EDGE('',*,*,#3283,.T.);
#1207=ORIENTED_EDGE('',*,*,#3082,.T.);
#1208=ORIENTED_EDGE('',*,*,#3083,.F.);
#1209=ORIENTED_EDGE('',*,*,#3283,.F.);
#1210=ORIENTED_EDGE('',*,*,#3281,.F.);
#1211=ORIENTED_EDGE('',*,*,#3279,.F.);
#1212=ORIENTED_EDGE('',*,*,#3277,.F.);
#1213=ORIENTED_EDGE('',*,*,#3275,.F.);
#1214=ORIENTED_EDGE('',*,*,#3162,.F.);
#1215=ORIENTED_EDGE('',*,*,#3028,.F.);
#1216=ORIENTED_EDGE('',*,*,#3284,.T.);
#1217=ORIENTED_EDGE('',*,*,#3285,.T.);
#1218=ORIENTED_EDGE('',*,*,#3163,.F.);
#1219=ORIENTED_EDGE('',*,*,#3285,.F.);
#1220=ORIENTED_EDGE('',*,*,#3286,.T.);
#1221=ORIENTED_EDGE('',*,*,#3287,.T.);
#1222=ORIENTED_EDGE('',*,*,#3156,.F.);
#1223=ORIENTED_EDGE('',*,*,#3287,.F.);
#1224=ORIENTED_EDGE('',*,*,#3288,.T.);
#1225=ORIENTED_EDGE('',*,*,#3026,.T.);
#1226=ORIENTED_EDGE('',*,*,#3284,.F.);
#1227=ORIENTED_EDGE('',*,*,#3027,.F.);
#1228=ORIENTED_EDGE('',*,*,#3288,.F.);
#1229=ORIENTED_EDGE('',*,*,#3286,.F.);
#1230=ORIENTED_EDGE('',*,*,#3165,.F.);
#1231=ORIENTED_EDGE('',*,*,#3289,.F.);
#1232=ORIENTED_EDGE('',*,*,#3290,.T.);
#1233=ORIENTED_EDGE('',*,*,#3291,.T.);
#1234=ORIENTED_EDGE('',*,*,#3292,.T.);
#1235=ORIENTED_EDGE('',*,*,#3166,.F.);
#1236=ORIENTED_EDGE('',*,*,#3291,.F.);
#1237=ORIENTED_EDGE('',*,*,#3293,.T.);
#1238=ORIENTED_EDGE('',*,*,#3294,.T.);
#1239=ORIENTED_EDGE('',*,*,#3295,.T.);
#1240=ORIENTED_EDGE('',*,*,#3167,.F.);
#1241=ORIENTED_EDGE('',*,*,#3292,.F.);
#1242=ORIENTED_EDGE('',*,*,#3296,.T.);
#1243=ORIENTED_EDGE('',*,*,#3297,.T.);
#1244=ORIENTED_EDGE('',*,*,#3168,.F.);
#1245=ORIENTED_EDGE('',*,*,#3297,.F.);
#1246=ORIENTED_EDGE('',*,*,#3298,.T.);
#1247=ORIENTED_EDGE('',*,*,#3299,.T.);
#1248=ORIENTED_EDGE('',*,*,#3300,.T.);
#1249=ORIENTED_EDGE('',*,*,#3301,.F.);
#1250=ORIENTED_EDGE('',*,*,#3302,.T.);
#1251=ORIENTED_EDGE('',*,*,#3289,.T.);
#1252=ORIENTED_EDGE('',*,*,#3164,.F.);
#1253=ORIENTED_EDGE('',*,*,#3299,.F.);
#1254=ORIENTED_EDGE('',*,*,#3295,.F.);
#1255=ORIENTED_EDGE('',*,*,#3303,.T.);
#1256=ORIENTED_EDGE('',*,*,#3300,.F.);
#1257=ORIENTED_EDGE('',*,*,#3298,.F.);
#1258=ORIENTED_EDGE('',*,*,#3296,.F.);
#1259=ORIENTED_EDGE('',*,*,#3303,.F.);
#1260=ORIENTED_EDGE('',*,*,#3294,.F.);
#1261=ORIENTED_EDGE('',*,*,#3304,.T.);
#1262=ORIENTED_EDGE('',*,*,#3301,.T.);
#1263=ORIENTED_EDGE('',*,*,#3290,.F.);
#1264=ORIENTED_EDGE('',*,*,#3302,.F.);
#1265=ORIENTED_EDGE('',*,*,#3304,.F.);
#1266=ORIENTED_EDGE('',*,*,#3293,.F.);
#1267=ORIENTED_EDGE('',*,*,#2766,.T.);
#1268=ORIENTED_EDGE('',*,*,#3037,.F.);
#1269=ORIENTED_EDGE('',*,*,#2763,.F.);
#1270=ORIENTED_EDGE('',*,*,#2754,.T.);
#1271=ORIENTED_EDGE('',*,*,#2773,.T.);
#1272=ORIENTED_EDGE('',*,*,#3039,.F.);
#1273=ORIENTED_EDGE('',*,*,#2770,.F.);
#1274=ORIENTED_EDGE('',*,*,#2714,.T.);
#1275=ORIENTED_EDGE('',*,*,#2780,.T.);
#1276=ORIENTED_EDGE('',*,*,#3035,.F.);
#1277=ORIENTED_EDGE('',*,*,#2777,.F.);
#1278=ORIENTED_EDGE('',*,*,#2722,.T.);
#1279=ORIENTED_EDGE('',*,*,#2787,.T.);
#1280=ORIENTED_EDGE('',*,*,#3041,.F.);
#1281=ORIENTED_EDGE('',*,*,#2784,.F.);
#1282=ORIENTED_EDGE('',*,*,#2730,.T.);
#1283=ORIENTED_EDGE('',*,*,#2794,.T.);
#1284=ORIENTED_EDGE('',*,*,#3033,.F.);
#1285=ORIENTED_EDGE('',*,*,#2791,.F.);
#1286=ORIENTED_EDGE('',*,*,#2738,.T.);
#1287=ORIENTED_EDGE('',*,*,#2801,.T.);
#1288=ORIENTED_EDGE('',*,*,#3043,.F.);
#1289=ORIENTED_EDGE('',*,*,#2798,.F.);
#1290=ORIENTED_EDGE('',*,*,#2746,.T.);
#1291=ORIENTED_EDGE('',*,*,#3007,.F.);
#1292=ORIENTED_EDGE('',*,*,#3003,.T.);
#1293=ORIENTED_EDGE('',*,*,#3015,.F.);
#1294=ORIENTED_EDGE('',*,*,#3010,.T.);
#1295=ORIENTED_EDGE('',*,*,#3016,.T.);
#1296=ORIENTED_EDGE('',*,*,#3005,.T.);
#1297=ORIENTED_EDGE('',*,*,#3009,.T.);
#1298=ORIENTED_EDGE('',*,*,#3012,.T.);
#1299=ORIENTED_EDGE('',*,*,#2997,.F.);
#1300=ORIENTED_EDGE('',*,*,#2993,.T.);
#1301=ORIENTED_EDGE('',*,*,#3017,.F.);
#1302=ORIENTED_EDGE('',*,*,#3000,.T.);
#1303=ORIENTED_EDGE('',*,*,#3018,.T.);
#1304=ORIENTED_EDGE('',*,*,#2995,.T.);
#1305=ORIENTED_EDGE('',*,*,#2999,.T.);
#1306=ORIENTED_EDGE('',*,*,#3002,.T.);
#1307=ORIENTED_EDGE('',*,*,#2987,.F.);
#1308=ORIENTED_EDGE('',*,*,#2983,.T.);
#1309=ORIENTED_EDGE('',*,*,#3019,.F.);
#1310=ORIENTED_EDGE('',*,*,#2990,.T.);
#1311=ORIENTED_EDGE('',*,*,#3020,.T.);
#1312=ORIENTED_EDGE('',*,*,#2985,.T.);
#1313=ORIENTED_EDGE('',*,*,#2989,.T.);
#1314=ORIENTED_EDGE('',*,*,#2992,.T.);
#1315=ORIENTED_EDGE('',*,*,#2977,.F.);
#1316=ORIENTED_EDGE('',*,*,#2973,.T.);
#1317=ORIENTED_EDGE('',*,*,#3021,.F.);
#1318=ORIENTED_EDGE('',*,*,#2980,.T.);
#1319=ORIENTED_EDGE('',*,*,#3022,.T.);
#1320=ORIENTED_EDGE('',*,*,#2975,.T.);
#1321=ORIENTED_EDGE('',*,*,#2979,.T.);
#1322=ORIENTED_EDGE('',*,*,#2982,.T.);
#1323=ORIENTED_EDGE('',*,*,#2967,.F.);
#1324=ORIENTED_EDGE('',*,*,#2963,.T.);
#1325=ORIENTED_EDGE('',*,*,#3023,.F.);
#1326=ORIENTED_EDGE('',*,*,#2970,.T.);
#1327=ORIENTED_EDGE('',*,*,#3024,.T.);
#1328=ORIENTED_EDGE('',*,*,#2965,.T.);
#1329=ORIENTED_EDGE('',*,*,#2969,.T.);
#1330=ORIENTED_EDGE('',*,*,#2972,.T.);
#1331=ORIENTED_EDGE('',*,*,#2957,.F.);
#1332=ORIENTED_EDGE('',*,*,#2953,.T.);
#1333=ORIENTED_EDGE('',*,*,#3013,.F.);
#1334=ORIENTED_EDGE('',*,*,#2960,.T.);
#1335=ORIENTED_EDGE('',*,*,#3014,.T.);
#1336=ORIENTED_EDGE('',*,*,#2955,.T.);
#1337=ORIENTED_EDGE('',*,*,#2959,.T.);
#1338=ORIENTED_EDGE('',*,*,#2962,.T.);
#1339=ORIENTED_EDGE('',*,*,#3305,.T.);
#1340=ORIENTED_EDGE('',*,*,#3306,.T.);
#1341=ORIENTED_EDGE('',*,*,#3307,.F.);
#1342=ORIENTED_EDGE('',*,*,#3308,.F.);
#1343=ORIENTED_EDGE('',*,*,#3307,.T.);
#1344=ORIENTED_EDGE('',*,*,#3309,.T.);
#1345=ORIENTED_EDGE('',*,*,#2762,.F.);
#1346=ORIENTED_EDGE('',*,*,#3310,.F.);
#1347=ORIENTED_EDGE('',*,*,#3305,.F.);
#1348=ORIENTED_EDGE('',*,*,#3311,.F.);
#1349=ORIENTED_EDGE('',*,*,#2757,.T.);
#1350=ORIENTED_EDGE('',*,*,#3312,.T.);
#1351=ORIENTED_EDGE('',*,*,#2945,.T.);
#1352=ORIENTED_EDGE('',*,*,#2941,.T.);
#1353=ORIENTED_EDGE('',*,*,#2950,.F.);
#1354=ORIENTED_EDGE('',*,*,#3313,.T.);
#1355=ORIENTED_EDGE('',*,*,#3314,.F.);
#1356=ORIENTED_EDGE('',*,*,#3089,.T.);
#1357=ORIENTED_EDGE('',*,*,#3315,.T.);
#1358=ORIENTED_EDGE('',*,*,#3316,.F.);
#1359=ORIENTED_EDGE('',*,*,#3317,.T.);
#1360=ORIENTED_EDGE('',*,*,#3318,.T.);
#1361=ORIENTED_EDGE('',*,*,#3319,.T.);
#1362=ORIENTED_EDGE('',*,*,#3320,.T.);
#1363=ORIENTED_EDGE('',*,*,#3321,.T.);
#1364=ORIENTED_EDGE('',*,*,#3322,.F.);
#1365=ORIENTED_EDGE('',*,*,#3323,.T.);
#1366=ORIENTED_EDGE('',*,*,#3090,.F.);
#1367=ORIENTED_EDGE('',*,*,#3314,.T.);
#1368=ORIENTED_EDGE('',*,*,#3324,.F.);
#1369=ORIENTED_EDGE('',*,*,#3325,.T.);
#1370=ORIENTED_EDGE('',*,*,#3326,.T.);
#1371=ORIENTED_EDGE('',*,*,#2823,.T.);
#1372=ORIENTED_EDGE('',*,*,#3327,.T.);
#1373=ORIENTED_EDGE('',*,*,#3328,.T.);
#1374=ORIENTED_EDGE('',*,*,#3329,.T.);
#1375=ORIENTED_EDGE('',*,*,#3330,.F.);
#1376=ORIENTED_EDGE('',*,*,#3331,.F.);
#1377=ORIENTED_EDGE('',*,*,#3332,.F.);
#1378=ORIENTED_EDGE('',*,*,#3333,.F.);
#1379=ORIENTED_EDGE('',*,*,#3334,.F.);
#1380=ORIENTED_EDGE('',*,*,#2825,.F.);
#1381=ORIENTED_EDGE('',*,*,#3335,.F.);
#1382=ORIENTED_EDGE('',*,*,#3336,.F.);
#1383=ORIENTED_EDGE('',*,*,#3337,.T.);
#1384=ORIENTED_EDGE('',*,*,#3315,.F.);
#1385=ORIENTED_EDGE('',*,*,#3091,.T.);
#1386=ORIENTED_EDGE('',*,*,#3338,.F.);
#1387=ORIENTED_EDGE('',*,*,#3339,.T.);
#1388=ORIENTED_EDGE('',*,*,#3340,.F.);
#1389=ORIENTED_EDGE('',*,*,#3341,.F.);
#1390=ORIENTED_EDGE('',*,*,#3342,.F.);
#1391=ORIENTED_EDGE('',*,*,#3343,.F.);
#1392=ORIENTED_EDGE('',*,*,#3344,.F.);
#1393=ORIENTED_EDGE('',*,*,#3345,.T.);
#1394=ORIENTED_EDGE('',*,*,#3346,.T.);
#1395=ORIENTED_EDGE('',*,*,#3343,.T.);
#1396=ORIENTED_EDGE('',*,*,#3347,.T.);
#1397=ORIENTED_EDGE('',*,*,#3348,.F.);
#1398=ORIENTED_EDGE('',*,*,#3330,.T.);
#1399=ORIENTED_EDGE('',*,*,#3349,.F.);
#1400=ORIENTED_EDGE('',*,*,#3318,.F.);
#1401=ORIENTED_EDGE('',*,*,#3350,.F.);
#1402=ORIENTED_EDGE('',*,*,#3351,.F.);
#1403=ORIENTED_EDGE('',*,*,#3342,.T.);
#1404=ORIENTED_EDGE('',*,*,#3352,.F.);
#1405=ORIENTED_EDGE('',*,*,#3319,.F.);
#1406=ORIENTED_EDGE('',*,*,#3349,.T.);
#1407=ORIENTED_EDGE('',*,*,#3341,.T.);
#1408=ORIENTED_EDGE('',*,*,#3353,.F.);
#1409=ORIENTED_EDGE('',*,*,#3320,.F.);
#1410=ORIENTED_EDGE('',*,*,#3352,.T.);
#1411=ORIENTED_EDGE('',*,*,#3340,.T.);
#1412=ORIENTED_EDGE('',*,*,#3354,.F.);
#1413=ORIENTED_EDGE('',*,*,#3321,.F.);
#1414=ORIENTED_EDGE('',*,*,#3353,.T.);
#1415=ORIENTED_EDGE('',*,*,#3339,.F.);
#1416=ORIENTED_EDGE('',*,*,#3355,.F.);
#1417=ORIENTED_EDGE('',*,*,#3322,.T.);
#1418=ORIENTED_EDGE('',*,*,#3354,.T.);
#1419=ORIENTED_EDGE('',*,*,#3338,.T.);
#1420=ORIENTED_EDGE('',*,*,#2946,.T.);
#1421=ORIENTED_EDGE('',*,*,#3313,.F.);
#1422=ORIENTED_EDGE('',*,*,#2949,.F.);
#1423=ORIENTED_EDGE('',*,*,#3323,.F.);
#1424=ORIENTED_EDGE('',*,*,#3355,.T.);
#1425=ORIENTED_EDGE('',*,*,#3337,.F.);
#1426=ORIENTED_EDGE('',*,*,#3356,.F.);
#1427=ORIENTED_EDGE('',*,*,#3324,.T.);
#1428=ORIENTED_EDGE('',*,*,#3316,.T.);
#1429=ORIENTED_EDGE('',*,*,#3336,.T.);
#1430=ORIENTED_EDGE('',*,*,#3357,.F.);
#1431=ORIENTED_EDGE('',*,*,#3325,.F.);
#1432=ORIENTED_EDGE('',*,*,#3356,.T.);
#1433=ORIENTED_EDGE('',*,*,#3335,.T.);
#1434=ORIENTED_EDGE('',*,*,#2824,.F.);
#1435=ORIENTED_EDGE('',*,*,#3326,.F.);
#1436=ORIENTED_EDGE('',*,*,#3357,.T.);
#1437=ORIENTED_EDGE('',*,*,#3358,.T.);
#1438=ORIENTED_EDGE('',*,*,#3359,.T.);
#1439=ORIENTED_EDGE('',*,*,#3360,.F.);
#1440=ORIENTED_EDGE('',*,*,#3361,.F.);
#1441=ORIENTED_EDGE('',*,*,#3360,.T.);
#1442=ORIENTED_EDGE('',*,*,#3362,.T.);
#1443=ORIENTED_EDGE('',*,*,#2797,.F.);
#1444=ORIENTED_EDGE('',*,*,#3363,.F.);
#1445=ORIENTED_EDGE('',*,*,#3358,.F.);
#1446=ORIENTED_EDGE('',*,*,#3364,.F.);
#1447=ORIENTED_EDGE('',*,*,#2749,.T.);
#1448=ORIENTED_EDGE('',*,*,#3365,.T.);
#1449=ORIENTED_EDGE('',*,*,#3366,.T.);
#1450=ORIENTED_EDGE('',*,*,#3367,.T.);
#1451=ORIENTED_EDGE('',*,*,#3368,.F.);
#1452=ORIENTED_EDGE('',*,*,#3369,.F.);
#1453=ORIENTED_EDGE('',*,*,#3368,.T.);
#1454=ORIENTED_EDGE('',*,*,#3370,.T.);
#1455=ORIENTED_EDGE('',*,*,#2790,.F.);
#1456=ORIENTED_EDGE('',*,*,#3371,.F.);
#1457=ORIENTED_EDGE('',*,*,#3366,.F.);
#1458=ORIENTED_EDGE('',*,*,#3372,.F.);
#1459=ORIENTED_EDGE('',*,*,#2741,.T.);
#1460=ORIENTED_EDGE('',*,*,#3373,.T.);
#1461=ORIENTED_EDGE('',*,*,#3374,.T.);
#1462=ORIENTED_EDGE('',*,*,#3375,.T.);
#1463=ORIENTED_EDGE('',*,*,#3376,.F.);
#1464=ORIENTED_EDGE('',*,*,#3377,.F.);
#1465=ORIENTED_EDGE('',*,*,#3376,.T.);
#1466=ORIENTED_EDGE('',*,*,#3378,.T.);
#1467=ORIENTED_EDGE('',*,*,#2783,.F.);
#1468=ORIENTED_EDGE('',*,*,#3379,.F.);
#1469=ORIENTED_EDGE('',*,*,#3374,.F.);
#1470=ORIENTED_EDGE('',*,*,#3380,.F.);
#1471=ORIENTED_EDGE('',*,*,#2733,.T.);
#1472=ORIENTED_EDGE('',*,*,#3381,.T.);
#1473=ORIENTED_EDGE('',*,*,#3382,.T.);
#1474=ORIENTED_EDGE('',*,*,#3383,.T.);
#1475=ORIENTED_EDGE('',*,*,#3384,.F.);
#1476=ORIENTED_EDGE('',*,*,#3385,.F.);
#1477=ORIENTED_EDGE('',*,*,#3384,.T.);
#1478=ORIENTED_EDGE('',*,*,#3386,.T.);
#1479=ORIENTED_EDGE('',*,*,#2776,.F.);
#1480=ORIENTED_EDGE('',*,*,#3387,.F.);
#1481=ORIENTED_EDGE('',*,*,#3382,.F.);
#1482=ORIENTED_EDGE('',*,*,#3388,.F.);
#1483=ORIENTED_EDGE('',*,*,#2725,.T.);
#1484=ORIENTED_EDGE('',*,*,#3389,.T.);
#1485=ORIENTED_EDGE('',*,*,#3390,.T.);
#1486=ORIENTED_EDGE('',*,*,#3391,.T.);
#1487=ORIENTED_EDGE('',*,*,#3392,.F.);
#1488=ORIENTED_EDGE('',*,*,#3393,.F.);
#1489=ORIENTED_EDGE('',*,*,#3392,.T.);
#1490=ORIENTED_EDGE('',*,*,#3394,.T.);
#1491=ORIENTED_EDGE('',*,*,#2769,.F.);
#1492=ORIENTED_EDGE('',*,*,#3395,.F.);
#1493=ORIENTED_EDGE('',*,*,#3390,.F.);
#1494=ORIENTED_EDGE('',*,*,#3396,.F.);
#1495=ORIENTED_EDGE('',*,*,#2717,.T.);
#1496=ORIENTED_EDGE('',*,*,#3397,.T.);
#1497=ORIENTED_EDGE('',*,*,#3398,.T.);
#1498=ORIENTED_EDGE('',*,*,#3074,.T.);
#1499=ORIENTED_EDGE('',*,*,#2935,.F.);
#1500=ORIENTED_EDGE('',*,*,#3399,.F.);
#1501=ORIENTED_EDGE('',*,*,#3400,.F.);
#1502=ORIENTED_EDGE('',*,*,#3401,.T.);
#1503=ORIENTED_EDGE('',*,*,#2934,.F.);
#1504=ORIENTED_EDGE('',*,*,#2874,.T.);
#1505=ORIENTED_EDGE('',*,*,#3402,.F.);
#1506=ORIENTED_EDGE('',*,*,#3399,.T.);
#1507=ORIENTED_EDGE('',*,*,#3403,.F.);
#1508=ORIENTED_EDGE('',*,*,#2880,.T.);
#1509=ORIENTED_EDGE('',*,*,#2939,.F.);
#1510=ORIENTED_EDGE('',*,*,#3404,.F.);
#1511=ORIENTED_EDGE('',*,*,#3405,.F.);
#1512=ORIENTED_EDGE('',*,*,#3071,.T.);
#1513=ORIENTED_EDGE('',*,*,#3406,.T.);
#1514=ORIENTED_EDGE('',*,*,#3407,.F.);
#1515=ORIENTED_EDGE('',*,*,#2940,.F.);
#1516=ORIENTED_EDGE('',*,*,#2885,.T.);
#1517=ORIENTED_EDGE('',*,*,#3408,.F.);
#1518=ORIENTED_EDGE('',*,*,#3409,.T.);
#1519=ORIENTED_EDGE('',*,*,#3410,.T.);
#1520=ORIENTED_EDGE('',*,*,#3411,.T.);
#1521=ORIENTED_EDGE('',*,*,#3412,.T.);
#1522=ORIENTED_EDGE('',*,*,#3413,.T.);
#1523=ORIENTED_EDGE('',*,*,#3414,.T.);
#1524=ORIENTED_EDGE('',*,*,#3415,.F.);
#1525=ORIENTED_EDGE('',*,*,#3400,.T.);
#1526=ORIENTED_EDGE('',*,*,#3402,.T.);
#1527=ORIENTED_EDGE('',*,*,#2879,.F.);
#1528=ORIENTED_EDGE('',*,*,#2881,.F.);
#1529=ORIENTED_EDGE('',*,*,#3403,.T.);
#1530=ORIENTED_EDGE('',*,*,#3416,.F.);
#1531=ORIENTED_EDGE('',*,*,#3408,.T.);
#1532=ORIENTED_EDGE('',*,*,#2889,.F.);
#1533=ORIENTED_EDGE('',*,*,#3072,.F.);
#1534=ORIENTED_EDGE('',*,*,#3405,.T.);
#1535=ORIENTED_EDGE('',*,*,#3417,.F.);
#1536=ORIENTED_EDGE('',*,*,#3418,.T.);
#1537=ORIENTED_EDGE('',*,*,#3419,.T.);
#1538=ORIENTED_EDGE('',*,*,#2803,.T.);
#1539=ORIENTED_EDGE('',*,*,#3420,.T.);
#1540=ORIENTED_EDGE('',*,*,#3421,.T.);
#1541=ORIENTED_EDGE('',*,*,#3422,.T.);
#1542=ORIENTED_EDGE('',*,*,#3423,.F.);
#1543=ORIENTED_EDGE('',*,*,#3424,.F.);
#1544=ORIENTED_EDGE('',*,*,#3425,.F.);
#1545=ORIENTED_EDGE('',*,*,#3426,.F.);
#1546=ORIENTED_EDGE('',*,*,#3427,.F.);
#1547=ORIENTED_EDGE('',*,*,#2805,.F.);
#1548=ORIENTED_EDGE('',*,*,#3428,.F.);
#1549=ORIENTED_EDGE('',*,*,#3429,.F.);
#1550=ORIENTED_EDGE('',*,*,#3430,.T.);
#1551=ORIENTED_EDGE('',*,*,#3406,.F.);
#1552=ORIENTED_EDGE('',*,*,#3075,.T.);
#1553=ORIENTED_EDGE('',*,*,#3398,.F.);
#1554=ORIENTED_EDGE('',*,*,#3431,.T.);
#1555=ORIENTED_EDGE('',*,*,#3432,.F.);
#1556=ORIENTED_EDGE('',*,*,#3433,.F.);
#1557=ORIENTED_EDGE('',*,*,#3434,.F.);
#1558=ORIENTED_EDGE('',*,*,#3435,.F.);
#1559=ORIENTED_EDGE('',*,*,#3436,.F.);
#1560=ORIENTED_EDGE('',*,*,#3437,.T.);
#1561=ORIENTED_EDGE('',*,*,#3438,.T.);
#1562=ORIENTED_EDGE('',*,*,#3435,.T.);
#1563=ORIENTED_EDGE('',*,*,#3439,.T.);
#1564=ORIENTED_EDGE('',*,*,#3440,.F.);
#1565=ORIENTED_EDGE('',*,*,#3423,.T.);
#1566=ORIENTED_EDGE('',*,*,#3441,.F.);
#1567=ORIENTED_EDGE('',*,*,#3411,.F.);
#1568=ORIENTED_EDGE('',*,*,#3442,.F.);
#1569=ORIENTED_EDGE('',*,*,#3443,.F.);
#1570=ORIENTED_EDGE('',*,*,#3434,.T.);
#1571=ORIENTED_EDGE('',*,*,#3444,.F.);
#1572=ORIENTED_EDGE('',*,*,#3412,.F.);
#1573=ORIENTED_EDGE('',*,*,#3441,.T.);
#1574=ORIENTED_EDGE('',*,*,#3433,.T.);
#1575=ORIENTED_EDGE('',*,*,#3445,.F.);
#1576=ORIENTED_EDGE('',*,*,#3413,.F.);
#1577=ORIENTED_EDGE('',*,*,#3444,.T.);
#1578=ORIENTED_EDGE('',*,*,#3432,.T.);
#1579=ORIENTED_EDGE('',*,*,#3446,.F.);
#1580=ORIENTED_EDGE('',*,*,#3414,.F.);
#1581=ORIENTED_EDGE('',*,*,#3445,.T.);
#1582=ORIENTED_EDGE('',*,*,#3431,.F.);
#1583=ORIENTED_EDGE('',*,*,#3401,.F.);
#1584=ORIENTED_EDGE('',*,*,#3415,.T.);
#1585=ORIENTED_EDGE('',*,*,#3446,.T.);
#1586=ORIENTED_EDGE('',*,*,#3404,.T.);
#1587=ORIENTED_EDGE('',*,*,#2938,.T.);
#1588=ORIENTED_EDGE('',*,*,#3409,.F.);
#1589=ORIENTED_EDGE('',*,*,#3416,.T.);
#1590=ORIENTED_EDGE('',*,*,#3430,.F.);
#1591=ORIENTED_EDGE('',*,*,#3447,.F.);
#1592=ORIENTED_EDGE('',*,*,#3417,.T.);
#1593=ORIENTED_EDGE('',*,*,#3407,.T.);
#1594=ORIENTED_EDGE('',*,*,#3429,.T.);
#1595=ORIENTED_EDGE('',*,*,#3448,.F.);
#1596=ORIENTED_EDGE('',*,*,#3418,.F.);
#1597=ORIENTED_EDGE('',*,*,#3447,.T.);
#1598=ORIENTED_EDGE('',*,*,#3428,.T.);
#1599=ORIENTED_EDGE('',*,*,#2804,.F.);
#1600=ORIENTED_EDGE('',*,*,#3419,.F.);
#1601=ORIENTED_EDGE('',*,*,#3448,.T.);
#1602=ORIENTED_EDGE('',*,*,#3449,.T.);
#1603=ORIENTED_EDGE('',*,*,#3069,.T.);
#1604=ORIENTED_EDGE('',*,*,#2928,.F.);
#1605=ORIENTED_EDGE('',*,*,#3450,.F.);
#1606=ORIENTED_EDGE('',*,*,#3451,.F.);
#1607=ORIENTED_EDGE('',*,*,#3452,.T.);
#1608=ORIENTED_EDGE('',*,*,#2927,.F.);
#1609=ORIENTED_EDGE('',*,*,#2858,.T.);
#1610=ORIENTED_EDGE('',*,*,#3453,.F.);
#1611=ORIENTED_EDGE('',*,*,#3450,.T.);
#1612=ORIENTED_EDGE('',*,*,#3454,.F.);
#1613=ORIENTED_EDGE('',*,*,#2864,.T.);
#1614=ORIENTED_EDGE('',*,*,#2932,.F.);
#1615=ORIENTED_EDGE('',*,*,#3455,.F.);
#1616=ORIENTED_EDGE('',*,*,#3456,.F.);
#1617=ORIENTED_EDGE('',*,*,#3066,.T.);
#1618=ORIENTED_EDGE('',*,*,#3457,.T.);
#1619=ORIENTED_EDGE('',*,*,#3458,.F.);
#1620=ORIENTED_EDGE('',*,*,#2933,.F.);
#1621=ORIENTED_EDGE('',*,*,#2869,.T.);
#1622=ORIENTED_EDGE('',*,*,#3459,.F.);
#1623=ORIENTED_EDGE('',*,*,#3460,.T.);
#1624=ORIENTED_EDGE('',*,*,#3461,.T.);
#1625=ORIENTED_EDGE('',*,*,#3462,.T.);
#1626=ORIENTED_EDGE('',*,*,#3463,.T.);
#1627=ORIENTED_EDGE('',*,*,#3464,.T.);
#1628=ORIENTED_EDGE('',*,*,#3465,.T.);
#1629=ORIENTED_EDGE('',*,*,#3466,.F.);
#1630=ORIENTED_EDGE('',*,*,#3451,.T.);
#1631=ORIENTED_EDGE('',*,*,#3453,.T.);
#1632=ORIENTED_EDGE('',*,*,#2863,.F.);
#1633=ORIENTED_EDGE('',*,*,#2865,.F.);
#1634=ORIENTED_EDGE('',*,*,#3454,.T.);
#1635=ORIENTED_EDGE('',*,*,#3467,.F.);
#1636=ORIENTED_EDGE('',*,*,#3459,.T.);
#1637=ORIENTED_EDGE('',*,*,#2873,.F.);
#1638=ORIENTED_EDGE('',*,*,#3067,.F.);
#1639=ORIENTED_EDGE('',*,*,#3456,.T.);
#1640=ORIENTED_EDGE('',*,*,#3468,.F.);
#1641=ORIENTED_EDGE('',*,*,#3469,.T.);
#1642=ORIENTED_EDGE('',*,*,#3470,.T.);
#1643=ORIENTED_EDGE('',*,*,#2807,.T.);
#1644=ORIENTED_EDGE('',*,*,#3471,.T.);
#1645=ORIENTED_EDGE('',*,*,#3472,.T.);
#1646=ORIENTED_EDGE('',*,*,#3473,.T.);
#1647=ORIENTED_EDGE('',*,*,#3474,.F.);
#1648=ORIENTED_EDGE('',*,*,#3475,.F.);
#1649=ORIENTED_EDGE('',*,*,#3476,.F.);
#1650=ORIENTED_EDGE('',*,*,#3477,.F.);
#1651=ORIENTED_EDGE('',*,*,#3478,.F.);
#1652=ORIENTED_EDGE('',*,*,#2809,.F.);
#1653=ORIENTED_EDGE('',*,*,#3479,.F.);
#1654=ORIENTED_EDGE('',*,*,#3480,.F.);
#1655=ORIENTED_EDGE('',*,*,#3481,.T.);
#1656=ORIENTED_EDGE('',*,*,#3457,.F.);
#1657=ORIENTED_EDGE('',*,*,#3070,.T.);
#1658=ORIENTED_EDGE('',*,*,#3449,.F.);
#1659=ORIENTED_EDGE('',*,*,#3482,.T.);
#1660=ORIENTED_EDGE('',*,*,#3483,.F.);
#1661=ORIENTED_EDGE('',*,*,#3484,.F.);
#1662=ORIENTED_EDGE('',*,*,#3485,.F.);
#1663=ORIENTED_EDGE('',*,*,#3486,.F.);
#1664=ORIENTED_EDGE('',*,*,#3487,.F.);
#1665=ORIENTED_EDGE('',*,*,#3488,.T.);
#1666=ORIENTED_EDGE('',*,*,#3489,.T.);
#1667=ORIENTED_EDGE('',*,*,#3486,.T.);
#1668=ORIENTED_EDGE('',*,*,#3490,.T.);
#1669=ORIENTED_EDGE('',*,*,#3491,.F.);
#1670=ORIENTED_EDGE('',*,*,#3474,.T.);
#1671=ORIENTED_EDGE('',*,*,#3492,.F.);
#1672=ORIENTED_EDGE('',*,*,#3462,.F.);
#1673=ORIENTED_EDGE('',*,*,#3493,.F.);
#1674=ORIENTED_EDGE('',*,*,#3494,.F.);
#1675=ORIENTED_EDGE('',*,*,#3485,.T.);
#1676=ORIENTED_EDGE('',*,*,#3495,.F.);
#1677=ORIENTED_EDGE('',*,*,#3463,.F.);
#1678=ORIENTED_EDGE('',*,*,#3492,.T.);
#1679=ORIENTED_EDGE('',*,*,#3484,.T.);
#1680=ORIENTED_EDGE('',*,*,#3496,.F.);
#1681=ORIENTED_EDGE('',*,*,#3464,.F.);
#1682=ORIENTED_EDGE('',*,*,#3495,.T.);
#1683=ORIENTED_EDGE('',*,*,#3483,.T.);
#1684=ORIENTED_EDGE('',*,*,#3497,.F.);
#1685=ORIENTED_EDGE('',*,*,#3465,.F.);
#1686=ORIENTED_EDGE('',*,*,#3496,.T.);
#1687=ORIENTED_EDGE('',*,*,#3482,.F.);
#1688=ORIENTED_EDGE('',*,*,#3452,.F.);
#1689=ORIENTED_EDGE('',*,*,#3466,.T.);
#1690=ORIENTED_EDGE('',*,*,#3497,.T.);
#1691=ORIENTED_EDGE('',*,*,#3455,.T.);
#1692=ORIENTED_EDGE('',*,*,#2931,.T.);
#1693=ORIENTED_EDGE('',*,*,#3460,.F.);
#1694=ORIENTED_EDGE('',*,*,#3467,.T.);
#1695=ORIENTED_EDGE('',*,*,#3481,.F.);
#1696=ORIENTED_EDGE('',*,*,#3498,.F.);
#1697=ORIENTED_EDGE('',*,*,#3468,.T.);
#1698=ORIENTED_EDGE('',*,*,#3458,.T.);
#1699=ORIENTED_EDGE('',*,*,#3480,.T.);
#1700=ORIENTED_EDGE('',*,*,#3499,.F.);
#1701=ORIENTED_EDGE('',*,*,#3469,.F.);
#1702=ORIENTED_EDGE('',*,*,#3498,.T.);
#1703=ORIENTED_EDGE('',*,*,#3479,.T.);
#1704=ORIENTED_EDGE('',*,*,#2808,.F.);
#1705=ORIENTED_EDGE('',*,*,#3470,.F.);
#1706=ORIENTED_EDGE('',*,*,#3499,.T.);
#1707=ORIENTED_EDGE('',*,*,#3500,.T.);
#1708=ORIENTED_EDGE('',*,*,#3064,.T.);
#1709=ORIENTED_EDGE('',*,*,#2921,.F.);
#1710=ORIENTED_EDGE('',*,*,#3501,.F.);
#1711=ORIENTED_EDGE('',*,*,#3502,.F.);
#1712=ORIENTED_EDGE('',*,*,#3503,.T.);
#1713=ORIENTED_EDGE('',*,*,#2920,.F.);
#1714=ORIENTED_EDGE('',*,*,#2842,.T.);
#1715=ORIENTED_EDGE('',*,*,#3504,.F.);
#1716=ORIENTED_EDGE('',*,*,#3501,.T.);
#1717=ORIENTED_EDGE('',*,*,#3505,.F.);
#1718=ORIENTED_EDGE('',*,*,#2848,.T.);
#1719=ORIENTED_EDGE('',*,*,#2925,.F.);
#1720=ORIENTED_EDGE('',*,*,#3506,.F.);
#1721=ORIENTED_EDGE('',*,*,#3507,.F.);
#1722=ORIENTED_EDGE('',*,*,#3061,.T.);
#1723=ORIENTED_EDGE('',*,*,#3508,.T.);
#1724=ORIENTED_EDGE('',*,*,#3509,.F.);
#1725=ORIENTED_EDGE('',*,*,#2926,.F.);
#1726=ORIENTED_EDGE('',*,*,#2853,.T.);
#1727=ORIENTED_EDGE('',*,*,#3510,.F.);
#1728=ORIENTED_EDGE('',*,*,#3511,.T.);
#1729=ORIENTED_EDGE('',*,*,#3512,.T.);
#1730=ORIENTED_EDGE('',*,*,#3513,.T.);
#1731=ORIENTED_EDGE('',*,*,#3514,.T.);
#1732=ORIENTED_EDGE('',*,*,#3515,.T.);
#1733=ORIENTED_EDGE('',*,*,#3516,.T.);
#1734=ORIENTED_EDGE('',*,*,#3517,.F.);
#1735=ORIENTED_EDGE('',*,*,#3502,.T.);
#1736=ORIENTED_EDGE('',*,*,#3504,.T.);
#1737=ORIENTED_EDGE('',*,*,#2847,.F.);
#1738=ORIENTED_EDGE('',*,*,#2849,.F.);
#1739=ORIENTED_EDGE('',*,*,#3505,.T.);
#1740=ORIENTED_EDGE('',*,*,#3518,.F.);
#1741=ORIENTED_EDGE('',*,*,#3510,.T.);
#1742=ORIENTED_EDGE('',*,*,#2857,.F.);
#1743=ORIENTED_EDGE('',*,*,#3062,.F.);
#1744=ORIENTED_EDGE('',*,*,#3507,.T.);
#1745=ORIENTED_EDGE('',*,*,#3519,.F.);
#1746=ORIENTED_EDGE('',*,*,#3520,.T.);
#1747=ORIENTED_EDGE('',*,*,#3521,.T.);
#1748=ORIENTED_EDGE('',*,*,#2811,.T.);
#1749=ORIENTED_EDGE('',*,*,#3522,.T.);
#1750=ORIENTED_EDGE('',*,*,#3523,.T.);
#1751=ORIENTED_EDGE('',*,*,#3524,.T.);
#1752=ORIENTED_EDGE('',*,*,#3525,.F.);
#1753=ORIENTED_EDGE('',*,*,#3526,.F.);
#1754=ORIENTED_EDGE('',*,*,#3527,.F.);
#1755=ORIENTED_EDGE('',*,*,#3528,.F.);
#1756=ORIENTED_EDGE('',*,*,#3529,.F.);
#1757=ORIENTED_EDGE('',*,*,#2813,.F.);
#1758=ORIENTED_EDGE('',*,*,#3530,.F.);
#1759=ORIENTED_EDGE('',*,*,#3531,.F.);
#1760=ORIENTED_EDGE('',*,*,#3532,.T.);
#1761=ORIENTED_EDGE('',*,*,#3508,.F.);
#1762=ORIENTED_EDGE('',*,*,#3065,.T.);
#1763=ORIENTED_EDGE('',*,*,#3500,.F.);
#1764=ORIENTED_EDGE('',*,*,#3533,.T.);
#1765=ORIENTED_EDGE('',*,*,#3534,.F.);
#1766=ORIENTED_EDGE('',*,*,#3535,.F.);
#1767=ORIENTED_EDGE('',*,*,#3536,.F.);
#1768=ORIENTED_EDGE('',*,*,#3537,.F.);
#1769=ORIENTED_EDGE('',*,*,#3538,.F.);
#1770=ORIENTED_EDGE('',*,*,#3539,.T.);
#1771=ORIENTED_EDGE('',*,*,#3540,.T.);
#1772=ORIENTED_EDGE('',*,*,#3537,.T.);
#1773=ORIENTED_EDGE('',*,*,#3541,.T.);
#1774=ORIENTED_EDGE('',*,*,#3542,.F.);
#1775=ORIENTED_EDGE('',*,*,#3525,.T.);
#1776=ORIENTED_EDGE('',*,*,#3543,.F.);
#1777=ORIENTED_EDGE('',*,*,#3513,.F.);
#1778=ORIENTED_EDGE('',*,*,#3544,.F.);
#1779=ORIENTED_EDGE('',*,*,#3545,.F.);
#1780=ORIENTED_EDGE('',*,*,#3536,.T.);
#1781=ORIENTED_EDGE('',*,*,#3546,.F.);
#1782=ORIENTED_EDGE('',*,*,#3514,.F.);
#1783=ORIENTED_EDGE('',*,*,#3543,.T.);
#1784=ORIENTED_EDGE('',*,*,#3535,.T.);
#1785=ORIENTED_EDGE('',*,*,#3547,.F.);
#1786=ORIENTED_EDGE('',*,*,#3515,.F.);
#1787=ORIENTED_EDGE('',*,*,#3546,.T.);
#1788=ORIENTED_EDGE('',*,*,#3534,.T.);
#1789=ORIENTED_EDGE('',*,*,#3548,.F.);
#1790=ORIENTED_EDGE('',*,*,#3516,.F.);
#1791=ORIENTED_EDGE('',*,*,#3547,.T.);
#1792=ORIENTED_EDGE('',*,*,#3533,.F.);
#1793=ORIENTED_EDGE('',*,*,#3503,.F.);
#1794=ORIENTED_EDGE('',*,*,#3517,.T.);
#1795=ORIENTED_EDGE('',*,*,#3548,.T.);
#1796=ORIENTED_EDGE('',*,*,#3506,.T.);
#1797=ORIENTED_EDGE('',*,*,#2924,.T.);
#1798=ORIENTED_EDGE('',*,*,#3511,.F.);
#1799=ORIENTED_EDGE('',*,*,#3518,.T.);
#1800=ORIENTED_EDGE('',*,*,#3532,.F.);
#1801=ORIENTED_EDGE('',*,*,#3549,.F.);
#1802=ORIENTED_EDGE('',*,*,#3519,.T.);
#1803=ORIENTED_EDGE('',*,*,#3509,.T.);
#1804=ORIENTED_EDGE('',*,*,#3531,.T.);
#1805=ORIENTED_EDGE('',*,*,#3550,.F.);
#1806=ORIENTED_EDGE('',*,*,#3520,.F.);
#1807=ORIENTED_EDGE('',*,*,#3549,.T.);
#1808=ORIENTED_EDGE('',*,*,#3530,.T.);
#1809=ORIENTED_EDGE('',*,*,#2812,.F.);
#1810=ORIENTED_EDGE('',*,*,#3521,.F.);
#1811=ORIENTED_EDGE('',*,*,#3550,.T.);
#1812=ORIENTED_EDGE('',*,*,#3551,.T.);
#1813=ORIENTED_EDGE('',*,*,#3059,.T.);
#1814=ORIENTED_EDGE('',*,*,#2914,.F.);
#1815=ORIENTED_EDGE('',*,*,#3552,.F.);
#1816=ORIENTED_EDGE('',*,*,#3553,.F.);
#1817=ORIENTED_EDGE('',*,*,#3554,.T.);
#1818=ORIENTED_EDGE('',*,*,#2913,.F.);
#1819=ORIENTED_EDGE('',*,*,#2826,.T.);
#1820=ORIENTED_EDGE('',*,*,#3555,.F.);
#1821=ORIENTED_EDGE('',*,*,#3552,.T.);
#1822=ORIENTED_EDGE('',*,*,#3556,.F.);
#1823=ORIENTED_EDGE('',*,*,#2832,.T.);
#1824=ORIENTED_EDGE('',*,*,#2918,.F.);
#1825=ORIENTED_EDGE('',*,*,#3557,.F.);
#1826=ORIENTED_EDGE('',*,*,#3558,.F.);
#1827=ORIENTED_EDGE('',*,*,#3056,.T.);
#1828=ORIENTED_EDGE('',*,*,#3559,.T.);
#1829=ORIENTED_EDGE('',*,*,#3560,.F.);
#1830=ORIENTED_EDGE('',*,*,#2919,.F.);
#1831=ORIENTED_EDGE('',*,*,#2837,.T.);
#1832=ORIENTED_EDGE('',*,*,#3561,.F.);
#1833=ORIENTED_EDGE('',*,*,#3562,.T.);
#1834=ORIENTED_EDGE('',*,*,#3563,.T.);
#1835=ORIENTED_EDGE('',*,*,#3564,.T.);
#1836=ORIENTED_EDGE('',*,*,#3565,.T.);
#1837=ORIENTED_EDGE('',*,*,#3566,.T.);
#1838=ORIENTED_EDGE('',*,*,#3567,.T.);
#1839=ORIENTED_EDGE('',*,*,#3568,.F.);
#1840=ORIENTED_EDGE('',*,*,#3553,.T.);
#1841=ORIENTED_EDGE('',*,*,#3555,.T.);
#1842=ORIENTED_EDGE('',*,*,#2831,.F.);
#1843=ORIENTED_EDGE('',*,*,#2833,.F.);
#1844=ORIENTED_EDGE('',*,*,#3556,.T.);
#1845=ORIENTED_EDGE('',*,*,#3569,.F.);
#1846=ORIENTED_EDGE('',*,*,#3561,.T.);
#1847=ORIENTED_EDGE('',*,*,#2841,.F.);
#1848=ORIENTED_EDGE('',*,*,#3057,.F.);
#1849=ORIENTED_EDGE('',*,*,#3558,.T.);
#1850=ORIENTED_EDGE('',*,*,#3570,.F.);
#1851=ORIENTED_EDGE('',*,*,#3571,.T.);
#1852=ORIENTED_EDGE('',*,*,#3572,.T.);
#1853=ORIENTED_EDGE('',*,*,#2815,.T.);
#1854=ORIENTED_EDGE('',*,*,#3573,.T.);
#1855=ORIENTED_EDGE('',*,*,#3574,.T.);
#1856=ORIENTED_EDGE('',*,*,#3575,.T.);
#1857=ORIENTED_EDGE('',*,*,#3576,.F.);
#1858=ORIENTED_EDGE('',*,*,#3577,.F.);
#1859=ORIENTED_EDGE('',*,*,#3578,.F.);
#1860=ORIENTED_EDGE('',*,*,#3579,.F.);
#1861=ORIENTED_EDGE('',*,*,#3580,.F.);
#1862=ORIENTED_EDGE('',*,*,#2817,.F.);
#1863=ORIENTED_EDGE('',*,*,#3581,.F.);
#1864=ORIENTED_EDGE('',*,*,#3582,.F.);
#1865=ORIENTED_EDGE('',*,*,#3583,.T.);
#1866=ORIENTED_EDGE('',*,*,#3559,.F.);
#1867=ORIENTED_EDGE('',*,*,#3060,.T.);
#1868=ORIENTED_EDGE('',*,*,#3551,.F.);
#1869=ORIENTED_EDGE('',*,*,#3584,.T.);
#1870=ORIENTED_EDGE('',*,*,#3585,.F.);
#1871=ORIENTED_EDGE('',*,*,#3586,.F.);
#1872=ORIENTED_EDGE('',*,*,#3587,.F.);
#1873=ORIENTED_EDGE('',*,*,#3588,.F.);
#1874=ORIENTED_EDGE('',*,*,#3589,.F.);
#1875=ORIENTED_EDGE('',*,*,#3590,.T.);
#1876=ORIENTED_EDGE('',*,*,#3591,.T.);
#1877=ORIENTED_EDGE('',*,*,#3588,.T.);
#1878=ORIENTED_EDGE('',*,*,#3592,.T.);
#1879=ORIENTED_EDGE('',*,*,#3593,.F.);
#1880=ORIENTED_EDGE('',*,*,#3576,.T.);
#1881=ORIENTED_EDGE('',*,*,#3594,.F.);
#1882=ORIENTED_EDGE('',*,*,#3564,.F.);
#1883=ORIENTED_EDGE('',*,*,#3595,.F.);
#1884=ORIENTED_EDGE('',*,*,#3596,.F.);
#1885=ORIENTED_EDGE('',*,*,#3587,.T.);
#1886=ORIENTED_EDGE('',*,*,#3597,.F.);
#1887=ORIENTED_EDGE('',*,*,#3565,.F.);
#1888=ORIENTED_EDGE('',*,*,#3594,.T.);
#1889=ORIENTED_EDGE('',*,*,#3586,.T.);
#1890=ORIENTED_EDGE('',*,*,#3598,.F.);
#1891=ORIENTED_EDGE('',*,*,#3566,.F.);
#1892=ORIENTED_EDGE('',*,*,#3597,.T.);
#1893=ORIENTED_EDGE('',*,*,#3585,.T.);
#1894=ORIENTED_EDGE('',*,*,#3599,.F.);
#1895=ORIENTED_EDGE('',*,*,#3567,.F.);
#1896=ORIENTED_EDGE('',*,*,#3598,.T.);
#1897=ORIENTED_EDGE('',*,*,#3584,.F.);
#1898=ORIENTED_EDGE('',*,*,#3554,.F.);
#1899=ORIENTED_EDGE('',*,*,#3568,.T.);
#1900=ORIENTED_EDGE('',*,*,#3599,.T.);
#1901=ORIENTED_EDGE('',*,*,#3557,.T.);
#1902=ORIENTED_EDGE('',*,*,#2917,.T.);
#1903=ORIENTED_EDGE('',*,*,#3562,.F.);
#1904=ORIENTED_EDGE('',*,*,#3569,.T.);
#1905=ORIENTED_EDGE('',*,*,#3583,.F.);
#1906=ORIENTED_EDGE('',*,*,#3600,.F.);
#1907=ORIENTED_EDGE('',*,*,#3570,.T.);
#1908=ORIENTED_EDGE('',*,*,#3560,.T.);
#1909=ORIENTED_EDGE('',*,*,#3582,.T.);
#1910=ORIENTED_EDGE('',*,*,#3601,.F.);
#1911=ORIENTED_EDGE('',*,*,#3571,.F.);
#1912=ORIENTED_EDGE('',*,*,#3600,.T.);
#1913=ORIENTED_EDGE('',*,*,#3581,.T.);
#1914=ORIENTED_EDGE('',*,*,#2816,.F.);
#1915=ORIENTED_EDGE('',*,*,#3572,.F.);
#1916=ORIENTED_EDGE('',*,*,#3601,.T.);
#1917=ORIENTED_EDGE('',*,*,#3602,.T.);
#1918=ORIENTED_EDGE('',*,*,#3079,.T.);
#1919=ORIENTED_EDGE('',*,*,#2907,.F.);
#1920=ORIENTED_EDGE('',*,*,#3603,.F.);
#1921=ORIENTED_EDGE('',*,*,#3604,.F.);
#1922=ORIENTED_EDGE('',*,*,#3605,.T.);
#1923=ORIENTED_EDGE('',*,*,#2906,.F.);
#1924=ORIENTED_EDGE('',*,*,#2890,.T.);
#1925=ORIENTED_EDGE('',*,*,#3606,.F.);
#1926=ORIENTED_EDGE('',*,*,#3603,.T.);
#1927=ORIENTED_EDGE('',*,*,#3607,.F.);
#1928=ORIENTED_EDGE('',*,*,#2896,.T.);
#1929=ORIENTED_EDGE('',*,*,#2911,.F.);
#1930=ORIENTED_EDGE('',*,*,#3608,.F.);
#1931=ORIENTED_EDGE('',*,*,#3609,.F.);
#1932=ORIENTED_EDGE('',*,*,#3076,.T.);
#1933=ORIENTED_EDGE('',*,*,#3610,.T.);
#1934=ORIENTED_EDGE('',*,*,#3611,.F.);
#1935=ORIENTED_EDGE('',*,*,#2912,.F.);
#1936=ORIENTED_EDGE('',*,*,#2901,.T.);
#1937=ORIENTED_EDGE('',*,*,#3612,.F.);
#1938=ORIENTED_EDGE('',*,*,#3613,.T.);
#1939=ORIENTED_EDGE('',*,*,#3614,.T.);
#1940=ORIENTED_EDGE('',*,*,#3615,.T.);
#1941=ORIENTED_EDGE('',*,*,#3616,.T.);
#1942=ORIENTED_EDGE('',*,*,#3617,.T.);
#1943=ORIENTED_EDGE('',*,*,#3618,.T.);
#1944=ORIENTED_EDGE('',*,*,#3619,.F.);
#1945=ORIENTED_EDGE('',*,*,#3604,.T.);
#1946=ORIENTED_EDGE('',*,*,#3606,.T.);
#1947=ORIENTED_EDGE('',*,*,#2895,.F.);
#1948=ORIENTED_EDGE('',*,*,#2897,.F.);
#1949=ORIENTED_EDGE('',*,*,#3607,.T.);
#1950=ORIENTED_EDGE('',*,*,#3620,.F.);
#1951=ORIENTED_EDGE('',*,*,#3612,.T.);
#1952=ORIENTED_EDGE('',*,*,#2905,.F.);
#1953=ORIENTED_EDGE('',*,*,#3077,.F.);
#1954=ORIENTED_EDGE('',*,*,#3609,.T.);
#1955=ORIENTED_EDGE('',*,*,#3621,.F.);
#1956=ORIENTED_EDGE('',*,*,#3622,.T.);
#1957=ORIENTED_EDGE('',*,*,#3623,.T.);
#1958=ORIENTED_EDGE('',*,*,#2819,.T.);
#1959=ORIENTED_EDGE('',*,*,#3624,.T.);
#1960=ORIENTED_EDGE('',*,*,#3625,.T.);
#1961=ORIENTED_EDGE('',*,*,#3626,.T.);
#1962=ORIENTED_EDGE('',*,*,#3627,.F.);
#1963=ORIENTED_EDGE('',*,*,#3628,.F.);
#1964=ORIENTED_EDGE('',*,*,#3629,.F.);
#1965=ORIENTED_EDGE('',*,*,#3630,.F.);
#1966=ORIENTED_EDGE('',*,*,#3631,.F.);
#1967=ORIENTED_EDGE('',*,*,#2821,.F.);
#1968=ORIENTED_EDGE('',*,*,#3632,.F.);
#1969=ORIENTED_EDGE('',*,*,#3633,.F.);
#1970=ORIENTED_EDGE('',*,*,#3634,.T.);
#1971=ORIENTED_EDGE('',*,*,#3610,.F.);
#1972=ORIENTED_EDGE('',*,*,#3080,.T.);
#1973=ORIENTED_EDGE('',*,*,#3602,.F.);
#1974=ORIENTED_EDGE('',*,*,#3635,.T.);
#1975=ORIENTED_EDGE('',*,*,#3636,.F.);
#1976=ORIENTED_EDGE('',*,*,#3637,.F.);
#1977=ORIENTED_EDGE('',*,*,#3638,.F.);
#1978=ORIENTED_EDGE('',*,*,#3639,.F.);
#1979=ORIENTED_EDGE('',*,*,#3640,.F.);
#1980=ORIENTED_EDGE('',*,*,#3641,.T.);
#1981=ORIENTED_EDGE('',*,*,#3642,.T.);
#1982=ORIENTED_EDGE('',*,*,#3639,.T.);
#1983=ORIENTED_EDGE('',*,*,#3643,.T.);
#1984=ORIENTED_EDGE('',*,*,#3644,.F.);
#1985=ORIENTED_EDGE('',*,*,#3627,.T.);
#1986=ORIENTED_EDGE('',*,*,#3645,.F.);
#1987=ORIENTED_EDGE('',*,*,#3615,.F.);
#1988=ORIENTED_EDGE('',*,*,#3646,.F.);
#1989=ORIENTED_EDGE('',*,*,#3647,.F.);
#1990=ORIENTED_EDGE('',*,*,#3638,.T.);
#1991=ORIENTED_EDGE('',*,*,#3648,.F.);
#1992=ORIENTED_EDGE('',*,*,#3616,.F.);
#1993=ORIENTED_EDGE('',*,*,#3645,.T.);
#1994=ORIENTED_EDGE('',*,*,#3637,.T.);
#1995=ORIENTED_EDGE('',*,*,#3649,.F.);
#1996=ORIENTED_EDGE('',*,*,#3617,.F.);
#1997=ORIENTED_EDGE('',*,*,#3648,.T.);
#1998=ORIENTED_EDGE('',*,*,#3636,.T.);
#1999=ORIENTED_EDGE('',*,*,#3650,.F.);
#2000=ORIENTED_EDGE('',*,*,#3618,.F.);
#2001=ORIENTED_EDGE('',*,*,#3649,.T.);
#2002=ORIENTED_EDGE('',*,*,#3635,.F.);
#2003=ORIENTED_EDGE('',*,*,#3605,.F.);
#2004=ORIENTED_EDGE('',*,*,#3619,.T.);
#2005=ORIENTED_EDGE('',*,*,#3650,.T.);
#2006=ORIENTED_EDGE('',*,*,#3608,.T.);
#2007=ORIENTED_EDGE('',*,*,#2910,.T.);
#2008=ORIENTED_EDGE('',*,*,#3613,.F.);
#2009=ORIENTED_EDGE('',*,*,#3620,.T.);
#2010=ORIENTED_EDGE('',*,*,#3634,.F.);
#2011=ORIENTED_EDGE('',*,*,#3651,.F.);
#2012=ORIENTED_EDGE('',*,*,#3621,.T.);
#2013=ORIENTED_EDGE('',*,*,#3611,.T.);
#2014=ORIENTED_EDGE('',*,*,#3633,.T.);
#2015=ORIENTED_EDGE('',*,*,#3652,.F.);
#2016=ORIENTED_EDGE('',*,*,#3622,.F.);
#2017=ORIENTED_EDGE('',*,*,#3651,.T.);
#2018=ORIENTED_EDGE('',*,*,#3632,.T.);
#2019=ORIENTED_EDGE('',*,*,#2820,.F.);
#2020=ORIENTED_EDGE('',*,*,#3623,.F.);
#2021=ORIENTED_EDGE('',*,*,#3652,.T.);
#2022=ORIENTED_EDGE('',*,*,#3653,.F.);
#2023=ORIENTED_EDGE('',*,*,#3331,.T.);
#2024=ORIENTED_EDGE('',*,*,#3348,.T.);
#2025=ORIENTED_EDGE('',*,*,#3654,.T.);
#2026=ORIENTED_EDGE('',*,*,#3655,.F.);
#2027=ORIENTED_EDGE('',*,*,#3332,.T.);
#2028=ORIENTED_EDGE('',*,*,#3653,.T.);
#2029=ORIENTED_EDGE('',*,*,#3656,.T.);
#2030=ORIENTED_EDGE('',*,*,#3657,.F.);
#2031=ORIENTED_EDGE('',*,*,#3333,.T.);
#2032=ORIENTED_EDGE('',*,*,#3655,.T.);
#2033=ORIENTED_EDGE('',*,*,#3658,.T.);
#2034=ORIENTED_EDGE('',*,*,#3317,.F.);
#2035=ORIENTED_EDGE('',*,*,#3659,.F.);
#2036=ORIENTED_EDGE('',*,*,#3660,.F.);
#2037=ORIENTED_EDGE('',*,*,#3350,.T.);
#2038=ORIENTED_EDGE('',*,*,#3329,.F.);
#2039=ORIENTED_EDGE('',*,*,#3661,.F.);
#2040=ORIENTED_EDGE('',*,*,#3662,.F.);
#2041=ORIENTED_EDGE('',*,*,#3659,.T.);
#2042=ORIENTED_EDGE('',*,*,#3328,.F.);
#2043=ORIENTED_EDGE('',*,*,#3663,.F.);
#2044=ORIENTED_EDGE('',*,*,#3664,.F.);
#2045=ORIENTED_EDGE('',*,*,#3661,.T.);
#2046=ORIENTED_EDGE('',*,*,#3665,.T.);
#2047=ORIENTED_EDGE('',*,*,#3666,.T.);
#2048=ORIENTED_EDGE('',*,*,#3667,.F.);
#2049=ORIENTED_EDGE('',*,*,#3668,.F.);
#2050=ORIENTED_EDGE('',*,*,#3663,.T.);
#2051=ORIENTED_EDGE('',*,*,#3327,.F.);
#2052=ORIENTED_EDGE('',*,*,#2822,.T.);
#2053=ORIENTED_EDGE('',*,*,#3334,.T.);
#2054=ORIENTED_EDGE('',*,*,#3657,.T.);
#2055=ORIENTED_EDGE('',*,*,#3669,.T.);
#2056=ORIENTED_EDGE('',*,*,#3670,.F.);
#2057=ORIENTED_EDGE('',*,*,#3671,.T.);
#2058=ORIENTED_EDGE('',*,*,#3667,.T.);
#2059=ORIENTED_EDGE('',*,*,#3672,.T.);
#2060=ORIENTED_EDGE('',*,*,#3673,.F.);
#2061=ORIENTED_EDGE('',*,*,#3674,.T.);
#2062=ORIENTED_EDGE('',*,*,#3670,.T.);
#2063=ORIENTED_EDGE('',*,*,#3675,.T.);
#2064=ORIENTED_EDGE('',*,*,#3676,.F.);
#2065=ORIENTED_EDGE('',*,*,#3677,.F.);
#2066=ORIENTED_EDGE('',*,*,#3678,.T.);
#2067=ORIENTED_EDGE('',*,*,#3345,.F.);
#2068=ORIENTED_EDGE('',*,*,#3679,.F.);
#2069=ORIENTED_EDGE('',*,*,#3676,.T.);
#2070=ORIENTED_EDGE('',*,*,#3344,.T.);
#2071=ORIENTED_EDGE('',*,*,#3351,.T.);
#2072=ORIENTED_EDGE('',*,*,#3660,.T.);
#2073=ORIENTED_EDGE('',*,*,#3662,.T.);
#2074=ORIENTED_EDGE('',*,*,#3664,.T.);
#2075=ORIENTED_EDGE('',*,*,#3668,.T.);
#2076=ORIENTED_EDGE('',*,*,#3677,.T.);
#2077=ORIENTED_EDGE('',*,*,#3679,.T.);
#2078=ORIENTED_EDGE('',*,*,#3346,.F.);
#2079=ORIENTED_EDGE('',*,*,#3678,.F.);
#2080=ORIENTED_EDGE('',*,*,#3675,.F.);
#2081=ORIENTED_EDGE('',*,*,#3669,.F.);
#2082=ORIENTED_EDGE('',*,*,#3658,.F.);
#2083=ORIENTED_EDGE('',*,*,#3656,.F.);
#2084=ORIENTED_EDGE('',*,*,#3654,.F.);
#2085=ORIENTED_EDGE('',*,*,#3347,.F.);
#2086=ORIENTED_EDGE('',*,*,#3680,.F.);
#2087=ORIENTED_EDGE('',*,*,#3628,.T.);
#2088=ORIENTED_EDGE('',*,*,#3644,.T.);
#2089=ORIENTED_EDGE('',*,*,#3681,.T.);
#2090=ORIENTED_EDGE('',*,*,#3682,.F.);
#2091=ORIENTED_EDGE('',*,*,#3629,.T.);
#2092=ORIENTED_EDGE('',*,*,#3680,.T.);
#2093=ORIENTED_EDGE('',*,*,#3683,.T.);
#2094=ORIENTED_EDGE('',*,*,#3684,.F.);
#2095=ORIENTED_EDGE('',*,*,#3630,.T.);
#2096=ORIENTED_EDGE('',*,*,#3682,.T.);
#2097=ORIENTED_EDGE('',*,*,#3685,.T.);
#2098=ORIENTED_EDGE('',*,*,#3614,.F.);
#2099=ORIENTED_EDGE('',*,*,#3686,.F.);
#2100=ORIENTED_EDGE('',*,*,#3687,.F.);
#2101=ORIENTED_EDGE('',*,*,#3646,.T.);
#2102=ORIENTED_EDGE('',*,*,#3626,.F.);
#2103=ORIENTED_EDGE('',*,*,#3688,.F.);
#2104=ORIENTED_EDGE('',*,*,#3689,.F.);
#2105=ORIENTED_EDGE('',*,*,#3686,.T.);
#2106=ORIENTED_EDGE('',*,*,#3625,.F.);
#2107=ORIENTED_EDGE('',*,*,#3690,.F.);
#2108=ORIENTED_EDGE('',*,*,#3691,.F.);
#2109=ORIENTED_EDGE('',*,*,#3688,.T.);
#2110=ORIENTED_EDGE('',*,*,#3692,.T.);
#2111=ORIENTED_EDGE('',*,*,#3693,.T.);
#2112=ORIENTED_EDGE('',*,*,#3694,.F.);
#2113=ORIENTED_EDGE('',*,*,#3695,.F.);
#2114=ORIENTED_EDGE('',*,*,#3690,.T.);
#2115=ORIENTED_EDGE('',*,*,#3624,.F.);
#2116=ORIENTED_EDGE('',*,*,#2818,.T.);
#2117=ORIENTED_EDGE('',*,*,#3631,.T.);
#2118=ORIENTED_EDGE('',*,*,#3684,.T.);
#2119=ORIENTED_EDGE('',*,*,#3696,.T.);
#2120=ORIENTED_EDGE('',*,*,#3697,.F.);
#2121=ORIENTED_EDGE('',*,*,#3698,.T.);
#2122=ORIENTED_EDGE('',*,*,#3694,.T.);
#2123=ORIENTED_EDGE('',*,*,#3699,.T.);
#2124=ORIENTED_EDGE('',*,*,#3700,.F.);
#2125=ORIENTED_EDGE('',*,*,#3701,.T.);
#2126=ORIENTED_EDGE('',*,*,#3697,.T.);
#2127=ORIENTED_EDGE('',*,*,#3702,.T.);
#2128=ORIENTED_EDGE('',*,*,#3703,.F.);
#2129=ORIENTED_EDGE('',*,*,#3704,.F.);
#2130=ORIENTED_EDGE('',*,*,#3705,.T.);
#2131=ORIENTED_EDGE('',*,*,#3641,.F.);
#2132=ORIENTED_EDGE('',*,*,#3706,.F.);
#2133=ORIENTED_EDGE('',*,*,#3703,.T.);
#2134=ORIENTED_EDGE('',*,*,#3640,.T.);
#2135=ORIENTED_EDGE('',*,*,#3647,.T.);
#2136=ORIENTED_EDGE('',*,*,#3687,.T.);
#2137=ORIENTED_EDGE('',*,*,#3689,.T.);
#2138=ORIENTED_EDGE('',*,*,#3691,.T.);
#2139=ORIENTED_EDGE('',*,*,#3695,.T.);
#2140=ORIENTED_EDGE('',*,*,#3704,.T.);
#2141=ORIENTED_EDGE('',*,*,#3706,.T.);
#2142=ORIENTED_EDGE('',*,*,#3642,.F.);
#2143=ORIENTED_EDGE('',*,*,#3705,.F.);
#2144=ORIENTED_EDGE('',*,*,#3702,.F.);
#2145=ORIENTED_EDGE('',*,*,#3696,.F.);
#2146=ORIENTED_EDGE('',*,*,#3685,.F.);
#2147=ORIENTED_EDGE('',*,*,#3683,.F.);
#2148=ORIENTED_EDGE('',*,*,#3681,.F.);
#2149=ORIENTED_EDGE('',*,*,#3643,.F.);
#2150=ORIENTED_EDGE('',*,*,#3707,.F.);
#2151=ORIENTED_EDGE('',*,*,#3577,.T.);
#2152=ORIENTED_EDGE('',*,*,#3593,.T.);
#2153=ORIENTED_EDGE('',*,*,#3708,.T.);
#2154=ORIENTED_EDGE('',*,*,#3709,.F.);
#2155=ORIENTED_EDGE('',*,*,#3578,.T.);
#2156=ORIENTED_EDGE('',*,*,#3707,.T.);
#2157=ORIENTED_EDGE('',*,*,#3710,.T.);
#2158=ORIENTED_EDGE('',*,*,#3711,.F.);
#2159=ORIENTED_EDGE('',*,*,#3579,.T.);
#2160=ORIENTED_EDGE('',*,*,#3709,.T.);
#2161=ORIENTED_EDGE('',*,*,#3712,.T.);
#2162=ORIENTED_EDGE('',*,*,#3563,.F.);
#2163=ORIENTED_EDGE('',*,*,#3713,.F.);
#2164=ORIENTED_EDGE('',*,*,#3714,.F.);
#2165=ORIENTED_EDGE('',*,*,#3595,.T.);
#2166=ORIENTED_EDGE('',*,*,#3575,.F.);
#2167=ORIENTED_EDGE('',*,*,#3715,.F.);
#2168=ORIENTED_EDGE('',*,*,#3716,.F.);
#2169=ORIENTED_EDGE('',*,*,#3713,.T.);
#2170=ORIENTED_EDGE('',*,*,#3574,.F.);
#2171=ORIENTED_EDGE('',*,*,#3717,.F.);
#2172=ORIENTED_EDGE('',*,*,#3718,.F.);
#2173=ORIENTED_EDGE('',*,*,#3715,.T.);
#2174=ORIENTED_EDGE('',*,*,#3719,.T.);
#2175=ORIENTED_EDGE('',*,*,#3720,.T.);
#2176=ORIENTED_EDGE('',*,*,#3721,.F.);
#2177=ORIENTED_EDGE('',*,*,#3722,.F.);
#2178=ORIENTED_EDGE('',*,*,#3717,.T.);
#2179=ORIENTED_EDGE('',*,*,#3573,.F.);
#2180=ORIENTED_EDGE('',*,*,#2814,.T.);
#2181=ORIENTED_EDGE('',*,*,#3580,.T.);
#2182=ORIENTED_EDGE('',*,*,#3711,.T.);
#2183=ORIENTED_EDGE('',*,*,#3723,.T.);
#2184=ORIENTED_EDGE('',*,*,#3724,.F.);
#2185=ORIENTED_EDGE('',*,*,#3725,.T.);
#2186=ORIENTED_EDGE('',*,*,#3721,.T.);
#2187=ORIENTED_EDGE('',*,*,#3726,.T.);
#2188=ORIENTED_EDGE('',*,*,#3727,.F.);
#2189=ORIENTED_EDGE('',*,*,#3728,.T.);
#2190=ORIENTED_EDGE('',*,*,#3724,.T.);
#2191=ORIENTED_EDGE('',*,*,#3729,.T.);
#2192=ORIENTED_EDGE('',*,*,#3730,.F.);
#2193=ORIENTED_EDGE('',*,*,#3731,.F.);
#2194=ORIENTED_EDGE('',*,*,#3732,.T.);
#2195=ORIENTED_EDGE('',*,*,#3590,.F.);
#2196=ORIENTED_EDGE('',*,*,#3733,.F.);
#2197=ORIENTED_EDGE('',*,*,#3730,.T.);
#2198=ORIENTED_EDGE('',*,*,#3589,.T.);
#2199=ORIENTED_EDGE('',*,*,#3596,.T.);
#2200=ORIENTED_EDGE('',*,*,#3714,.T.);
#2201=ORIENTED_EDGE('',*,*,#3716,.T.);
#2202=ORIENTED_EDGE('',*,*,#3718,.T.);
#2203=ORIENTED_EDGE('',*,*,#3722,.T.);
#2204=ORIENTED_EDGE('',*,*,#3731,.T.);
#2205=ORIENTED_EDGE('',*,*,#3733,.T.);
#2206=ORIENTED_EDGE('',*,*,#3591,.F.);
#2207=ORIENTED_EDGE('',*,*,#3732,.F.);
#2208=ORIENTED_EDGE('',*,*,#3729,.F.);
#2209=ORIENTED_EDGE('',*,*,#3723,.F.);
#2210=ORIENTED_EDGE('',*,*,#3712,.F.);
#2211=ORIENTED_EDGE('',*,*,#3710,.F.);
#2212=ORIENTED_EDGE('',*,*,#3708,.F.);
#2213=ORIENTED_EDGE('',*,*,#3592,.F.);
#2214=ORIENTED_EDGE('',*,*,#3734,.F.);
#2215=ORIENTED_EDGE('',*,*,#3526,.T.);
#2216=ORIENTED_EDGE('',*,*,#3542,.T.);
#2217=ORIENTED_EDGE('',*,*,#3735,.T.);
#2218=ORIENTED_EDGE('',*,*,#3736,.F.);
#2219=ORIENTED_EDGE('',*,*,#3527,.T.);
#2220=ORIENTED_EDGE('',*,*,#3734,.T.);
#2221=ORIENTED_EDGE('',*,*,#3737,.T.);
#2222=ORIENTED_EDGE('',*,*,#3738,.F.);
#2223=ORIENTED_EDGE('',*,*,#3528,.T.);
#2224=ORIENTED_EDGE('',*,*,#3736,.T.);
#2225=ORIENTED_EDGE('',*,*,#3739,.T.);
#2226=ORIENTED_EDGE('',*,*,#3512,.F.);
#2227=ORIENTED_EDGE('',*,*,#3740,.F.);
#2228=ORIENTED_EDGE('',*,*,#3741,.F.);
#2229=ORIENTED_EDGE('',*,*,#3544,.T.);
#2230=ORIENTED_EDGE('',*,*,#3524,.F.);
#2231=ORIENTED_EDGE('',*,*,#3742,.F.);
#2232=ORIENTED_EDGE('',*,*,#3743,.F.);
#2233=ORIENTED_EDGE('',*,*,#3740,.T.);
#2234=ORIENTED_EDGE('',*,*,#3523,.F.);
#2235=ORIENTED_EDGE('',*,*,#3744,.F.);
#2236=ORIENTED_EDGE('',*,*,#3745,.F.);
#2237=ORIENTED_EDGE('',*,*,#3742,.T.);
#2238=ORIENTED_EDGE('',*,*,#3746,.T.);
#2239=ORIENTED_EDGE('',*,*,#3747,.T.);
#2240=ORIENTED_EDGE('',*,*,#3748,.F.);
#2241=ORIENTED_EDGE('',*,*,#3749,.F.);
#2242=ORIENTED_EDGE('',*,*,#3744,.T.);
#2243=ORIENTED_EDGE('',*,*,#3522,.F.);
#2244=ORIENTED_EDGE('',*,*,#2810,.T.);
#2245=ORIENTED_EDGE('',*,*,#3529,.T.);
#2246=ORIENTED_EDGE('',*,*,#3738,.T.);
#2247=ORIENTED_EDGE('',*,*,#3750,.T.);
#2248=ORIENTED_EDGE('',*,*,#3751,.F.);
#2249=ORIENTED_EDGE('',*,*,#3752,.T.);
#2250=ORIENTED_EDGE('',*,*,#3748,.T.);
#2251=ORIENTED_EDGE('',*,*,#3753,.T.);
#2252=ORIENTED_EDGE('',*,*,#3754,.F.);
#2253=ORIENTED_EDGE('',*,*,#3755,.T.);
#2254=ORIENTED_EDGE('',*,*,#3751,.T.);
#2255=ORIENTED_EDGE('',*,*,#3756,.T.);
#2256=ORIENTED_EDGE('',*,*,#3757,.F.);
#2257=ORIENTED_EDGE('',*,*,#3758,.F.);
#2258=ORIENTED_EDGE('',*,*,#3759,.T.);
#2259=ORIENTED_EDGE('',*,*,#3539,.F.);
#2260=ORIENTED_EDGE('',*,*,#3760,.F.);
#2261=ORIENTED_EDGE('',*,*,#3757,.T.);
#2262=ORIENTED_EDGE('',*,*,#3538,.T.);
#2263=ORIENTED_EDGE('',*,*,#3545,.T.);
#2264=ORIENTED_EDGE('',*,*,#3741,.T.);
#2265=ORIENTED_EDGE('',*,*,#3743,.T.);
#2266=ORIENTED_EDGE('',*,*,#3745,.T.);
#2267=ORIENTED_EDGE('',*,*,#3749,.T.);
#2268=ORIENTED_EDGE('',*,*,#3758,.T.);
#2269=ORIENTED_EDGE('',*,*,#3760,.T.);
#2270=ORIENTED_EDGE('',*,*,#3540,.F.);
#2271=ORIENTED_EDGE('',*,*,#3759,.F.);
#2272=ORIENTED_EDGE('',*,*,#3756,.F.);
#2273=ORIENTED_EDGE('',*,*,#3750,.F.);
#2274=ORIENTED_EDGE('',*,*,#3739,.F.);
#2275=ORIENTED_EDGE('',*,*,#3737,.F.);
#2276=ORIENTED_EDGE('',*,*,#3735,.F.);
#2277=ORIENTED_EDGE('',*,*,#3541,.F.);
#2278=ORIENTED_EDGE('',*,*,#3761,.F.);
#2279=ORIENTED_EDGE('',*,*,#3475,.T.);
#2280=ORIENTED_EDGE('',*,*,#3491,.T.);
#2281=ORIENTED_EDGE('',*,*,#3762,.T.);
#2282=ORIENTED_EDGE('',*,*,#3763,.F.);
#2283=ORIENTED_EDGE('',*,*,#3476,.T.);
#2284=ORIENTED_EDGE('',*,*,#3761,.T.);
#2285=ORIENTED_EDGE('',*,*,#3764,.T.);
#2286=ORIENTED_EDGE('',*,*,#3765,.F.);
#2287=ORIENTED_EDGE('',*,*,#3477,.T.);
#2288=ORIENTED_EDGE('',*,*,#3763,.T.);
#2289=ORIENTED_EDGE('',*,*,#3766,.T.);
#2290=ORIENTED_EDGE('',*,*,#3461,.F.);
#2291=ORIENTED_EDGE('',*,*,#3767,.F.);
#2292=ORIENTED_EDGE('',*,*,#3768,.F.);
#2293=ORIENTED_EDGE('',*,*,#3493,.T.);
#2294=ORIENTED_EDGE('',*,*,#3473,.F.);
#2295=ORIENTED_EDGE('',*,*,#3769,.F.);
#2296=ORIENTED_EDGE('',*,*,#3770,.F.);
#2297=ORIENTED_EDGE('',*,*,#3767,.T.);
#2298=ORIENTED_EDGE('',*,*,#3472,.F.);
#2299=ORIENTED_EDGE('',*,*,#3771,.F.);
#2300=ORIENTED_EDGE('',*,*,#3772,.F.);
#2301=ORIENTED_EDGE('',*,*,#3769,.T.);
#2302=ORIENTED_EDGE('',*,*,#3773,.T.);
#2303=ORIENTED_EDGE('',*,*,#3774,.T.);
#2304=ORIENTED_EDGE('',*,*,#3775,.F.);
#2305=ORIENTED_EDGE('',*,*,#3776,.F.);
#2306=ORIENTED_EDGE('',*,*,#3771,.T.);
#2307=ORIENTED_EDGE('',*,*,#3471,.F.);
#2308=ORIENTED_EDGE('',*,*,#2806,.T.);
#2309=ORIENTED_EDGE('',*,*,#3478,.T.);
#2310=ORIENTED_EDGE('',*,*,#3765,.T.);
#2311=ORIENTED_EDGE('',*,*,#3777,.T.);
#2312=ORIENTED_EDGE('',*,*,#3778,.F.);
#2313=ORIENTED_EDGE('',*,*,#3779,.T.);
#2314=ORIENTED_EDGE('',*,*,#3775,.T.);
#2315=ORIENTED_EDGE('',*,*,#3780,.T.);
#2316=ORIENTED_EDGE('',*,*,#3781,.F.);
#2317=ORIENTED_EDGE('',*,*,#3782,.T.);
#2318=ORIENTED_EDGE('',*,*,#3778,.T.);
#2319=ORIENTED_EDGE('',*,*,#3783,.T.);
#2320=ORIENTED_EDGE('',*,*,#3784,.F.);
#2321=ORIENTED_EDGE('',*,*,#3785,.F.);
#2322=ORIENTED_EDGE('',*,*,#3786,.T.);
#2323=ORIENTED_EDGE('',*,*,#3488,.F.);
#2324=ORIENTED_EDGE('',*,*,#3787,.F.);
#2325=ORIENTED_EDGE('',*,*,#3784,.T.);
#2326=ORIENTED_EDGE('',*,*,#3487,.T.);
#2327=ORIENTED_EDGE('',*,*,#3494,.T.);
#2328=ORIENTED_EDGE('',*,*,#3768,.T.);
#2329=ORIENTED_EDGE('',*,*,#3770,.T.);
#2330=ORIENTED_EDGE('',*,*,#3772,.T.);
#2331=ORIENTED_EDGE('',*,*,#3776,.T.);
#2332=ORIENTED_EDGE('',*,*,#3785,.T.);
#2333=ORIENTED_EDGE('',*,*,#3787,.T.);
#2334=ORIENTED_EDGE('',*,*,#3489,.F.);
#2335=ORIENTED_EDGE('',*,*,#3786,.F.);
#2336=ORIENTED_EDGE('',*,*,#3783,.F.);
#2337=ORIENTED_EDGE('',*,*,#3777,.F.);
#2338=ORIENTED_EDGE('',*,*,#3766,.F.);
#2339=ORIENTED_EDGE('',*,*,#3764,.F.);
#2340=ORIENTED_EDGE('',*,*,#3762,.F.);
#2341=ORIENTED_EDGE('',*,*,#3490,.F.);
#2342=ORIENTED_EDGE('',*,*,#3788,.F.);
#2343=ORIENTED_EDGE('',*,*,#3424,.T.);
#2344=ORIENTED_EDGE('',*,*,#3440,.T.);
#2345=ORIENTED_EDGE('',*,*,#3789,.T.);
#2346=ORIENTED_EDGE('',*,*,#3790,.F.);
#2347=ORIENTED_EDGE('',*,*,#3425,.T.);
#2348=ORIENTED_EDGE('',*,*,#3788,.T.);
#2349=ORIENTED_EDGE('',*,*,#3791,.T.);
#2350=ORIENTED_EDGE('',*,*,#3792,.F.);
#2351=ORIENTED_EDGE('',*,*,#3426,.T.);
#2352=ORIENTED_EDGE('',*,*,#3790,.T.);
#2353=ORIENTED_EDGE('',*,*,#3793,.T.);
#2354=ORIENTED_EDGE('',*,*,#3410,.F.);
#2355=ORIENTED_EDGE('',*,*,#3794,.F.);
#2356=ORIENTED_EDGE('',*,*,#3795,.F.);
#2357=ORIENTED_EDGE('',*,*,#3442,.T.);
#2358=ORIENTED_EDGE('',*,*,#3422,.F.);
#2359=ORIENTED_EDGE('',*,*,#3796,.F.);
#2360=ORIENTED_EDGE('',*,*,#3797,.F.);
#2361=ORIENTED_EDGE('',*,*,#3794,.T.);
#2362=ORIENTED_EDGE('',*,*,#3421,.F.);
#2363=ORIENTED_EDGE('',*,*,#3798,.F.);
#2364=ORIENTED_EDGE('',*,*,#3799,.F.);
#2365=ORIENTED_EDGE('',*,*,#3796,.T.);
#2366=ORIENTED_EDGE('',*,*,#3800,.T.);
#2367=ORIENTED_EDGE('',*,*,#3801,.T.);
#2368=ORIENTED_EDGE('',*,*,#3802,.F.);
#2369=ORIENTED_EDGE('',*,*,#3803,.F.);
#2370=ORIENTED_EDGE('',*,*,#3798,.T.);
#2371=ORIENTED_EDGE('',*,*,#3420,.F.);
#2372=ORIENTED_EDGE('',*,*,#2802,.T.);
#2373=ORIENTED_EDGE('',*,*,#3427,.T.);
#2374=ORIENTED_EDGE('',*,*,#3792,.T.);
#2375=ORIENTED_EDGE('',*,*,#3804,.T.);
#2376=ORIENTED_EDGE('',*,*,#3805,.F.);
#2377=ORIENTED_EDGE('',*,*,#3806,.T.);
#2378=ORIENTED_EDGE('',*,*,#3802,.T.);
#2379=ORIENTED_EDGE('',*,*,#3807,.T.);
#2380=ORIENTED_EDGE('',*,*,#3808,.F.);
#2381=ORIENTED_EDGE('',*,*,#3809,.T.);
#2382=ORIENTED_EDGE('',*,*,#3805,.T.);
#2383=ORIENTED_EDGE('',*,*,#3810,.T.);
#2384=ORIENTED_EDGE('',*,*,#3811,.F.);
#2385=ORIENTED_EDGE('',*,*,#3812,.F.);
#2386=ORIENTED_EDGE('',*,*,#3813,.T.);
#2387=ORIENTED_EDGE('',*,*,#3437,.F.);
#2388=ORIENTED_EDGE('',*,*,#3814,.F.);
#2389=ORIENTED_EDGE('',*,*,#3811,.T.);
#2390=ORIENTED_EDGE('',*,*,#3436,.T.);
#2391=ORIENTED_EDGE('',*,*,#3443,.T.);
#2392=ORIENTED_EDGE('',*,*,#3795,.T.);
#2393=ORIENTED_EDGE('',*,*,#3797,.T.);
#2394=ORIENTED_EDGE('',*,*,#3799,.T.);
#2395=ORIENTED_EDGE('',*,*,#3803,.T.);
#2396=ORIENTED_EDGE('',*,*,#3812,.T.);
#2397=ORIENTED_EDGE('',*,*,#3814,.T.);
#2398=ORIENTED_EDGE('',*,*,#3438,.F.);
#2399=ORIENTED_EDGE('',*,*,#3813,.F.);
#2400=ORIENTED_EDGE('',*,*,#3810,.F.);
#2401=ORIENTED_EDGE('',*,*,#3804,.F.);
#2402=ORIENTED_EDGE('',*,*,#3793,.F.);
#2403=ORIENTED_EDGE('',*,*,#3791,.F.);
#2404=ORIENTED_EDGE('',*,*,#3789,.F.);
#2405=ORIENTED_EDGE('',*,*,#3439,.F.);
#2406=ORIENTED_EDGE('',*,*,#2758,.F.);
#2407=ORIENTED_EDGE('',*,*,#3311,.T.);
#2408=ORIENTED_EDGE('',*,*,#3308,.T.);
#2409=ORIENTED_EDGE('',*,*,#3310,.T.);
#2410=ORIENTED_EDGE('',*,*,#3312,.F.);
#2411=ORIENTED_EDGE('',*,*,#2756,.T.);
#2412=ORIENTED_EDGE('',*,*,#3309,.F.);
#2413=ORIENTED_EDGE('',*,*,#3306,.F.);
#2414=ORIENTED_EDGE('',*,*,#2718,.F.);
#2415=ORIENTED_EDGE('',*,*,#3396,.T.);
#2416=ORIENTED_EDGE('',*,*,#3393,.T.);
#2417=ORIENTED_EDGE('',*,*,#3395,.T.);
#2418=ORIENTED_EDGE('',*,*,#3397,.F.);
#2419=ORIENTED_EDGE('',*,*,#2716,.T.);
#2420=ORIENTED_EDGE('',*,*,#3394,.F.);
#2421=ORIENTED_EDGE('',*,*,#3391,.F.);
#2422=ORIENTED_EDGE('',*,*,#2726,.F.);
#2423=ORIENTED_EDGE('',*,*,#3388,.T.);
#2424=ORIENTED_EDGE('',*,*,#3385,.T.);
#2425=ORIENTED_EDGE('',*,*,#3387,.T.);
#2426=ORIENTED_EDGE('',*,*,#3389,.F.);
#2427=ORIENTED_EDGE('',*,*,#2724,.T.);
#2428=ORIENTED_EDGE('',*,*,#3386,.F.);
#2429=ORIENTED_EDGE('',*,*,#3383,.F.);
#2430=ORIENTED_EDGE('',*,*,#2734,.F.);
#2431=ORIENTED_EDGE('',*,*,#3380,.T.);
#2432=ORIENTED_EDGE('',*,*,#3377,.T.);
#2433=ORIENTED_EDGE('',*,*,#3379,.T.);
#2434=ORIENTED_EDGE('',*,*,#3381,.F.);
#2435=ORIENTED_EDGE('',*,*,#2732,.T.);
#2436=ORIENTED_EDGE('',*,*,#3378,.F.);
#2437=ORIENTED_EDGE('',*,*,#3375,.F.);
#2438=ORIENTED_EDGE('',*,*,#2742,.F.);
#2439=ORIENTED_EDGE('',*,*,#3372,.T.);
#2440=ORIENTED_EDGE('',*,*,#3369,.T.);
#2441=ORIENTED_EDGE('',*,*,#3371,.T.);
#2442=ORIENTED_EDGE('',*,*,#3373,.F.);
#2443=ORIENTED_EDGE('',*,*,#2740,.T.);
#2444=ORIENTED_EDGE('',*,*,#3370,.F.);
#2445=ORIENTED_EDGE('',*,*,#3367,.F.);
#2446=ORIENTED_EDGE('',*,*,#2750,.F.);
#2447=ORIENTED_EDGE('',*,*,#3364,.T.);
#2448=ORIENTED_EDGE('',*,*,#3361,.T.);
#2449=ORIENTED_EDGE('',*,*,#3363,.T.);
#2450=ORIENTED_EDGE('',*,*,#3365,.F.);
#2451=ORIENTED_EDGE('',*,*,#2748,.T.);
#2452=ORIENTED_EDGE('',*,*,#3362,.F.);
#2453=ORIENTED_EDGE('',*,*,#3359,.F.);
#2454=ORIENTED_EDGE('',*,*,#3815,.F.);
#2455=ORIENTED_EDGE('',*,*,#3816,.F.);
#2456=ORIENTED_EDGE('',*,*,#3817,.F.);
#2457=ORIENTED_EDGE('',*,*,#3818,.F.);
#2458=ORIENTED_EDGE('',*,*,#3819,.F.);
#2459=ORIENTED_EDGE('',*,*,#3665,.F.);
#2460=ORIENTED_EDGE('',*,*,#3819,.T.);
#2461=ORIENTED_EDGE('',*,*,#3820,.F.);
#2462=ORIENTED_EDGE('',*,*,#3821,.F.);
#2463=ORIENTED_EDGE('',*,*,#3672,.F.);
#2464=ORIENTED_EDGE('',*,*,#3666,.F.);
#2465=ORIENTED_EDGE('',*,*,#3674,.F.);
#2466=ORIENTED_EDGE('',*,*,#3822,.F.);
#2467=ORIENTED_EDGE('',*,*,#3823,.T.);
#2468=ORIENTED_EDGE('',*,*,#3815,.T.);
#2469=ORIENTED_EDGE('',*,*,#3671,.F.);
#2470=ORIENTED_EDGE('',*,*,#3673,.T.);
#2471=ORIENTED_EDGE('',*,*,#3821,.T.);
#2472=ORIENTED_EDGE('',*,*,#3824,.T.);
#2473=ORIENTED_EDGE('',*,*,#3825,.T.);
#2474=ORIENTED_EDGE('',*,*,#3826,.T.);
#2475=ORIENTED_EDGE('',*,*,#3822,.T.);
#2476=ORIENTED_EDGE('',*,*,#3818,.T.);
#2477=ORIENTED_EDGE('',*,*,#3827,.F.);
#2478=ORIENTED_EDGE('',*,*,#3824,.F.);
#2479=ORIENTED_EDGE('',*,*,#3820,.T.);
#2480=ORIENTED_EDGE('',*,*,#3817,.T.);
#2481=ORIENTED_EDGE('',*,*,#3828,.F.);
#2482=ORIENTED_EDGE('',*,*,#3825,.F.);
#2483=ORIENTED_EDGE('',*,*,#3827,.T.);
#2484=ORIENTED_EDGE('',*,*,#3816,.T.);
#2485=ORIENTED_EDGE('',*,*,#3823,.F.);
#2486=ORIENTED_EDGE('',*,*,#3826,.F.);
#2487=ORIENTED_EDGE('',*,*,#3828,.T.);
#2488=ORIENTED_EDGE('',*,*,#3829,.F.);
#2489=ORIENTED_EDGE('',*,*,#3830,.F.);
#2490=ORIENTED_EDGE('',*,*,#3831,.F.);
#2491=ORIENTED_EDGE('',*,*,#3832,.F.);
#2492=ORIENTED_EDGE('',*,*,#3833,.F.);
#2493=ORIENTED_EDGE('',*,*,#3800,.F.);
#2494=ORIENTED_EDGE('',*,*,#3833,.T.);
#2495=ORIENTED_EDGE('',*,*,#3834,.F.);
#2496=ORIENTED_EDGE('',*,*,#3835,.F.);
#2497=ORIENTED_EDGE('',*,*,#3807,.F.);
#2498=ORIENTED_EDGE('',*,*,#3801,.F.);
#2499=ORIENTED_EDGE('',*,*,#3809,.F.);
#2500=ORIENTED_EDGE('',*,*,#3836,.F.);
#2501=ORIENTED_EDGE('',*,*,#3837,.T.);
#2502=ORIENTED_EDGE('',*,*,#3829,.T.);
#2503=ORIENTED_EDGE('',*,*,#3806,.F.);
#2504=ORIENTED_EDGE('',*,*,#3808,.T.);
#2505=ORIENTED_EDGE('',*,*,#3835,.T.);
#2506=ORIENTED_EDGE('',*,*,#3838,.T.);
#2507=ORIENTED_EDGE('',*,*,#3839,.T.);
#2508=ORIENTED_EDGE('',*,*,#3840,.T.);
#2509=ORIENTED_EDGE('',*,*,#3836,.T.);
#2510=ORIENTED_EDGE('',*,*,#3832,.T.);
#2511=ORIENTED_EDGE('',*,*,#3841,.F.);
#2512=ORIENTED_EDGE('',*,*,#3838,.F.);
#2513=ORIENTED_EDGE('',*,*,#3834,.T.);
#2514=ORIENTED_EDGE('',*,*,#3831,.T.);
#2515=ORIENTED_EDGE('',*,*,#3842,.F.);
#2516=ORIENTED_EDGE('',*,*,#3839,.F.);
#2517=ORIENTED_EDGE('',*,*,#3841,.T.);
#2518=ORIENTED_EDGE('',*,*,#3830,.T.);
#2519=ORIENTED_EDGE('',*,*,#3837,.F.);
#2520=ORIENTED_EDGE('',*,*,#3840,.F.);
#2521=ORIENTED_EDGE('',*,*,#3842,.T.);
#2522=ORIENTED_EDGE('',*,*,#3843,.F.);
#2523=ORIENTED_EDGE('',*,*,#3844,.F.);
#2524=ORIENTED_EDGE('',*,*,#3845,.F.);
#2525=ORIENTED_EDGE('',*,*,#3846,.F.);
#2526=ORIENTED_EDGE('',*,*,#3847,.F.);
#2527=ORIENTED_EDGE('',*,*,#3773,.F.);
#2528=ORIENTED_EDGE('',*,*,#3847,.T.);
#2529=ORIENTED_EDGE('',*,*,#3848,.F.);
#2530=ORIENTED_EDGE('',*,*,#3849,.F.);
#2531=ORIENTED_EDGE('',*,*,#3780,.F.);
#2532=ORIENTED_EDGE('',*,*,#3774,.F.);
#2533=ORIENTED_EDGE('',*,*,#3782,.F.);
#2534=ORIENTED_EDGE('',*,*,#3850,.F.);
#2535=ORIENTED_EDGE('',*,*,#3851,.T.);
#2536=ORIENTED_EDGE('',*,*,#3843,.T.);
#2537=ORIENTED_EDGE('',*,*,#3779,.F.);
#2538=ORIENTED_EDGE('',*,*,#3781,.T.);
#2539=ORIENTED_EDGE('',*,*,#3849,.T.);
#2540=ORIENTED_EDGE('',*,*,#3852,.T.);
#2541=ORIENTED_EDGE('',*,*,#3853,.T.);
#2542=ORIENTED_EDGE('',*,*,#3854,.T.);
#2543=ORIENTED_EDGE('',*,*,#3850,.T.);
#2544=ORIENTED_EDGE('',*,*,#3846,.T.);
#2545=ORIENTED_EDGE('',*,*,#3855,.F.);
#2546=ORIENTED_EDGE('',*,*,#3852,.F.);
#2547=ORIENTED_EDGE('',*,*,#3848,.T.);
#2548=ORIENTED_EDGE('',*,*,#3845,.T.);
#2549=ORIENTED_EDGE('',*,*,#3856,.F.);
#2550=ORIENTED_EDGE('',*,*,#3853,.F.);
#2551=ORIENTED_EDGE('',*,*,#3855,.T.);
#2552=ORIENTED_EDGE('',*,*,#3844,.T.);
#2553=ORIENTED_EDGE('',*,*,#3851,.F.);
#2554=ORIENTED_EDGE('',*,*,#3854,.F.);
#2555=ORIENTED_EDGE('',*,*,#3856,.T.);
#2556=ORIENTED_EDGE('',*,*,#3857,.F.);
#2557=ORIENTED_EDGE('',*,*,#3858,.F.);
#2558=ORIENTED_EDGE('',*,*,#3859,.F.);
#2559=ORIENTED_EDGE('',*,*,#3860,.F.);
#2560=ORIENTED_EDGE('',*,*,#3861,.F.);
#2561=ORIENTED_EDGE('',*,*,#3746,.F.);
#2562=ORIENTED_EDGE('',*,*,#3861,.T.);
#2563=ORIENTED_EDGE('',*,*,#3862,.F.);
#2564=ORIENTED_EDGE('',*,*,#3863,.F.);
#2565=ORIENTED_EDGE('',*,*,#3753,.F.);
#2566=ORIENTED_EDGE('',*,*,#3747,.F.);
#2567=ORIENTED_EDGE('',*,*,#3755,.F.);
#2568=ORIENTED_EDGE('',*,*,#3864,.F.);
#2569=ORIENTED_EDGE('',*,*,#3865,.T.);
#2570=ORIENTED_EDGE('',*,*,#3857,.T.);
#2571=ORIENTED_EDGE('',*,*,#3752,.F.);
#2572=ORIENTED_EDGE('',*,*,#3754,.T.);
#2573=ORIENTED_EDGE('',*,*,#3863,.T.);
#2574=ORIENTED_EDGE('',*,*,#3866,.T.);
#2575=ORIENTED_EDGE('',*,*,#3867,.T.);
#2576=ORIENTED_EDGE('',*,*,#3868,.T.);
#2577=ORIENTED_EDGE('',*,*,#3864,.T.);
#2578=ORIENTED_EDGE('',*,*,#3860,.T.);
#2579=ORIENTED_EDGE('',*,*,#3869,.F.);
#2580=ORIENTED_EDGE('',*,*,#3866,.F.);
#2581=ORIENTED_EDGE('',*,*,#3862,.T.);
#2582=ORIENTED_EDGE('',*,*,#3859,.T.);
#2583=ORIENTED_EDGE('',*,*,#3870,.F.);
#2584=ORIENTED_EDGE('',*,*,#3867,.F.);
#2585=ORIENTED_EDGE('',*,*,#3869,.T.);
#2586=ORIENTED_EDGE('',*,*,#3858,.T.);
#2587=ORIENTED_EDGE('',*,*,#3865,.F.);
#2588=ORIENTED_EDGE('',*,*,#3868,.F.);
#2589=ORIENTED_EDGE('',*,*,#3870,.T.);
#2590=ORIENTED_EDGE('',*,*,#3871,.F.);
#2591=ORIENTED_EDGE('',*,*,#3872,.F.);
#2592=ORIENTED_EDGE('',*,*,#3873,.F.);
#2593=ORIENTED_EDGE('',*,*,#3874,.F.);
#2594=ORIENTED_EDGE('',*,*,#3875,.F.);
#2595=ORIENTED_EDGE('',*,*,#3719,.F.);
#2596=ORIENTED_EDGE('',*,*,#3875,.T.);
#2597=ORIENTED_EDGE('',*,*,#3876,.F.);
#2598=ORIENTED_EDGE('',*,*,#3877,.F.);
#2599=ORIENTED_EDGE('',*,*,#3726,.F.);
#2600=ORIENTED_EDGE('',*,*,#3720,.F.);
#2601=ORIENTED_EDGE('',*,*,#3728,.F.);
#2602=ORIENTED_EDGE('',*,*,#3878,.F.);
#2603=ORIENTED_EDGE('',*,*,#3879,.T.);
#2604=ORIENTED_EDGE('',*,*,#3871,.T.);
#2605=ORIENTED_EDGE('',*,*,#3725,.F.);
#2606=ORIENTED_EDGE('',*,*,#3727,.T.);
#2607=ORIENTED_EDGE('',*,*,#3877,.T.);
#2608=ORIENTED_EDGE('',*,*,#3880,.T.);
#2609=ORIENTED_EDGE('',*,*,#3881,.T.);
#2610=ORIENTED_EDGE('',*,*,#3882,.T.);
#2611=ORIENTED_EDGE('',*,*,#3878,.T.);
#2612=ORIENTED_EDGE('',*,*,#3874,.T.);
#2613=ORIENTED_EDGE('',*,*,#3883,.F.);
#2614=ORIENTED_EDGE('',*,*,#3880,.F.);
#2615=ORIENTED_EDGE('',*,*,#3876,.T.);
#2616=ORIENTED_EDGE('',*,*,#3873,.T.);
#2617=ORIENTED_EDGE('',*,*,#3884,.F.);
#2618=ORIENTED_EDGE('',*,*,#3881,.F.);
#2619=ORIENTED_EDGE('',*,*,#3883,.T.);
#2620=ORIENTED_EDGE('',*,*,#3872,.T.);
#2621=ORIENTED_EDGE('',*,*,#3879,.F.);
#2622=ORIENTED_EDGE('',*,*,#3882,.F.);
#2623=ORIENTED_EDGE('',*,*,#3884,.T.);
#2624=ORIENTED_EDGE('',*,*,#3885,.F.);
#2625=ORIENTED_EDGE('',*,*,#3886,.F.);
#2626=ORIENTED_EDGE('',*,*,#3887,.F.);
#2627=ORIENTED_EDGE('',*,*,#3888,.F.);
#2628=ORIENTED_EDGE('',*,*,#3889,.F.);
#2629=ORIENTED_EDGE('',*,*,#3692,.F.);
#2630=ORIENTED_EDGE('',*,*,#3889,.T.);
#2631=ORIENTED_EDGE('',*,*,#3890,.F.);
#2632=ORIENTED_EDGE('',*,*,#3891,.F.);
#2633=ORIENTED_EDGE('',*,*,#3699,.F.);
#2634=ORIENTED_EDGE('',*,*,#3693,.F.);
#2635=ORIENTED_EDGE('',*,*,#3701,.F.);
#2636=ORIENTED_EDGE('',*,*,#3892,.F.);
#2637=ORIENTED_EDGE('',*,*,#3893,.T.);
#2638=ORIENTED_EDGE('',*,*,#3885,.T.);
#2639=ORIENTED_EDGE('',*,*,#3698,.F.);
#2640=ORIENTED_EDGE('',*,*,#3700,.T.);
#2641=ORIENTED_EDGE('',*,*,#3891,.T.);
#2642=ORIENTED_EDGE('',*,*,#3894,.T.);
#2643=ORIENTED_EDGE('',*,*,#3895,.T.);
#2644=ORIENTED_EDGE('',*,*,#3896,.T.);
#2645=ORIENTED_EDGE('',*,*,#3892,.T.);
#2646=ORIENTED_EDGE('',*,*,#3888,.T.);
#2647=ORIENTED_EDGE('',*,*,#3897,.F.);
#2648=ORIENTED_EDGE('',*,*,#3894,.F.);
#2649=ORIENTED_EDGE('',*,*,#3890,.T.);
#2650=ORIENTED_EDGE('',*,*,#3887,.T.);
#2651=ORIENTED_EDGE('',*,*,#3898,.F.);
#2652=ORIENTED_EDGE('',*,*,#3895,.F.);
#2653=ORIENTED_EDGE('',*,*,#3897,.T.);
#2654=ORIENTED_EDGE('',*,*,#3886,.T.);
#2655=ORIENTED_EDGE('',*,*,#3893,.F.);
#2656=ORIENTED_EDGE('',*,*,#3896,.F.);
#2657=ORIENTED_EDGE('',*,*,#3898,.T.);
#2658=ORIENTED_EDGE('',*,*,#2799,.T.);
#2659=ORIENTED_EDGE('',*,*,#2744,.T.);
#2660=ORIENTED_EDGE('',*,*,#2796,.F.);
#2661=ORIENTED_EDGE('',*,*,#3044,.F.);
#2662=ORIENTED_EDGE('',*,*,#2792,.T.);
#2663=ORIENTED_EDGE('',*,*,#2736,.T.);
#2664=ORIENTED_EDGE('',*,*,#2789,.F.);
#2665=ORIENTED_EDGE('',*,*,#3034,.F.);
#2666=ORIENTED_EDGE('',*,*,#2785,.T.);
#2667=ORIENTED_EDGE('',*,*,#2728,.T.);
#2668=ORIENTED_EDGE('',*,*,#2782,.F.);
#2669=ORIENTED_EDGE('',*,*,#3042,.F.);
#2670=ORIENTED_EDGE('',*,*,#2778,.T.);
#2671=ORIENTED_EDGE('',*,*,#2720,.T.);
#2672=ORIENTED_EDGE('',*,*,#2775,.F.);
#2673=ORIENTED_EDGE('',*,*,#3036,.F.);
#2674=ORIENTED_EDGE('',*,*,#2771,.T.);
#2675=ORIENTED_EDGE('',*,*,#2712,.T.);
#2676=ORIENTED_EDGE('',*,*,#2768,.F.);
#2677=ORIENTED_EDGE('',*,*,#3040,.F.);
#2678=ORIENTED_EDGE('',*,*,#2764,.T.);
#2679=ORIENTED_EDGE('',*,*,#2752,.T.);
#2680=ORIENTED_EDGE('',*,*,#2761,.F.);
#2681=ORIENTED_EDGE('',*,*,#3038,.F.);
#2682=ORIENTED_EDGE('',*,*,#3899,.T.);
#2683=ORIENTED_EDGE('',*,*,#3900,.T.);
#2684=ORIENTED_EDGE('',*,*,#3901,.F.);
#2685=ORIENTED_EDGE('',*,*,#3902,.T.);
#2686=ORIENTED_EDGE('',*,*,#3903,.F.);
#2687=ORIENTED_EDGE('',*,*,#3902,.F.);
#2688=ORIENTED_EDGE('',*,*,#3904,.T.);
#2689=ORIENTED_EDGE('',*,*,#3905,.T.);
#2690=ORIENTED_EDGE('',*,*,#3906,.F.);
#2691=ORIENTED_EDGE('',*,*,#3907,.T.);
#2692=ORIENTED_EDGE('',*,*,#3908,.T.);
#2693=ORIENTED_EDGE('',*,*,#3905,.F.);
#2694=ORIENTED_EDGE('',*,*,#3906,.T.);
#2695=ORIENTED_EDGE('',*,*,#3904,.F.);
#2696=ORIENTED_EDGE('',*,*,#3901,.T.);
#2697=ORIENTED_EDGE('',*,*,#3909,.F.);
#2698=ORIENTED_EDGE('',*,*,#3910,.F.);
#2699=ORIENTED_EDGE('',*,*,#3903,.T.);
#2700=ORIENTED_EDGE('',*,*,#3908,.F.);
#2701=ORIENTED_EDGE('',*,*,#3911,.T.);
#2702=ORIENTED_EDGE('',*,*,#3912,.T.);
#2703=ORIENTED_EDGE('',*,*,#3899,.F.);
#2704=ORIENTED_EDGE('',*,*,#3900,.F.);
#2705=ORIENTED_EDGE('',*,*,#3912,.F.);
#2706=ORIENTED_EDGE('',*,*,#3913,.T.);
#2707=ORIENTED_EDGE('',*,*,#3909,.T.);
#2708=ORIENTED_EDGE('',*,*,#3907,.F.);
#2709=ORIENTED_EDGE('',*,*,#3910,.T.);
#2710=ORIENTED_EDGE('',*,*,#3913,.F.);
#2711=ORIENTED_EDGE('',*,*,#3911,.F.);
#2712=EDGE_CURVE('',#3914,#3915,#4714,.T.);
#2713=EDGE_CURVE('',#3914,#3916,#4715,.T.);
#2714=EDGE_CURVE('',#3917,#3916,#4716,.T.);
#2715=EDGE_CURVE('',#3918,#3917,#4717,.T.);
#2716=EDGE_CURVE('',#3919,#3918,#4718,.T.);
#2717=EDGE_CURVE('',#3920,#3919,#4719,.T.);
#2718=EDGE_CURVE('',#3920,#3921,#4720,.T.);
#2719=EDGE_CURVE('',#3915,#3921,#4721,.T.);
#2720=EDGE_CURVE('',#3922,#3923,#4722,.T.);
#2721=EDGE_CURVE('',#3922,#3924,#4723,.T.);
#2722=EDGE_CURVE('',#3925,#3924,#4724,.T.);
#2723=EDGE_CURVE('',#3926,#3925,#4725,.T.);
#2724=EDGE_CURVE('',#3927,#3926,#4726,.T.);
#2725=EDGE_CURVE('',#3928,#3927,#4727,.T.);
#2726=EDGE_CURVE('',#3928,#3929,#4728,.T.);
#2727=EDGE_CURVE('',#3923,#3929,#4729,.T.);
#2728=EDGE_CURVE('',#3930,#3931,#4730,.T.);
#2729=EDGE_CURVE('',#3930,#3932,#4731,.T.);
#2730=EDGE_CURVE('',#3933,#3932,#4732,.T.);
#2731=EDGE_CURVE('',#3934,#3933,#4733,.T.);
#2732=EDGE_CURVE('',#3935,#3934,#4734,.T.);
#2733=EDGE_CURVE('',#3936,#3935,#4735,.T.);
#2734=EDGE_CURVE('',#3936,#3937,#4736,.T.);
#2735=EDGE_CURVE('',#3931,#3937,#4737,.T.);
#2736=EDGE_CURVE('',#3938,#3939,#4738,.T.);
#2737=EDGE_CURVE('',#3938,#3940,#4739,.T.);
#2738=EDGE_CURVE('',#3941,#3940,#4740,.T.);
#2739=EDGE_CURVE('',#3942,#3941,#4741,.T.);
#2740=EDGE_CURVE('',#3943,#3942,#4742,.T.);
#2741=EDGE_CURVE('',#3944,#3943,#4743,.T.);
#2742=EDGE_CURVE('',#3944,#3945,#4744,.T.);
#2743=EDGE_CURVE('',#3939,#3945,#4745,.T.);
#2744=EDGE_CURVE('',#3946,#3947,#4746,.T.);
#2745=EDGE_CURVE('',#3946,#3948,#4747,.T.);
#2746=EDGE_CURVE('',#3949,#3948,#4748,.T.);
#2747=EDGE_CURVE('',#3950,#3949,#4749,.T.);
#2748=EDGE_CURVE('',#3951,#3950,#4750,.T.);
#2749=EDGE_CURVE('',#3952,#3951,#4751,.T.);
#2750=EDGE_CURVE('',#3952,#3953,#4752,.T.);
#2751=EDGE_CURVE('',#3947,#3953,#4753,.T.);
#2752=EDGE_CURVE('',#3954,#3955,#4754,.T.);
#2753=EDGE_CURVE('',#3954,#3956,#4755,.T.);
#2754=EDGE_CURVE('',#3957,#3956,#4756,.T.);
#2755=EDGE_CURVE('',#3958,#3957,#4757,.T.);
#2756=EDGE_CURVE('',#3959,#3958,#4758,.T.);
#2757=EDGE_CURVE('',#3960,#3959,#4759,.T.);
#2758=EDGE_CURVE('',#3960,#3961,#4760,.T.);
#2759=EDGE_CURVE('',#3955,#3961,#4761,.T.);
#2760=EDGE_CURVE('',#3962,#3963,#4762,.T.);
#2761=EDGE_CURVE('',#3963,#3955,#4763,.T.);
#2762=EDGE_CURVE('',#3961,#3958,#4764,.T.);
#2763=EDGE_CURVE('',#3957,#3962,#4765,.T.);
#2764=EDGE_CURVE('',#3964,#3954,#4766,.T.);
#2765=EDGE_CURVE('',#3965,#3964,#4767,.T.);
#2766=EDGE_CURVE('',#3956,#3965,#4768,.T.);
#2767=EDGE_CURVE('',#3966,#3967,#4769,.T.);
#2768=EDGE_CURVE('',#3967,#3915,#4770,.T.);
#2769=EDGE_CURVE('',#3921,#3918,#4771,.T.);
#2770=EDGE_CURVE('',#3917,#3966,#4772,.T.);
#2771=EDGE_CURVE('',#3968,#3914,#4773,.T.);
#2772=EDGE_CURVE('',#3969,#3968,#4774,.T.);
#2773=EDGE_CURVE('',#3916,#3969,#4775,.T.);
#2774=EDGE_CURVE('',#3970,#3971,#4776,.T.);
#2775=EDGE_CURVE('',#3971,#3923,#4777,.T.);
#2776=EDGE_CURVE('',#3929,#3926,#4778,.T.);
#2777=EDGE_CURVE('',#3925,#3970,#4779,.T.);
#2778=EDGE_CURVE('',#3972,#3922,#4780,.T.);
#2779=EDGE_CURVE('',#3973,#3972,#4781,.T.);
#2780=EDGE_CURVE('',#3924,#3973,#4782,.T.);
#2781=EDGE_CURVE('',#3974,#3975,#4783,.T.);
#2782=EDGE_CURVE('',#3975,#3931,#4784,.T.);
#2783=EDGE_CURVE('',#3937,#3934,#4785,.T.);
#2784=EDGE_CURVE('',#3933,#3974,#4786,.T.);
#2785=EDGE_CURVE('',#3976,#3930,#4787,.T.);
#2786=EDGE_CURVE('',#3977,#3976,#4788,.T.);
#2787=EDGE_CURVE('',#3932,#3977,#4789,.T.);
#2788=EDGE_CURVE('',#3978,#3979,#4790,.T.);
#2789=EDGE_CURVE('',#3979,#3939,#4791,.T.);
#2790=EDGE_CURVE('',#3945,#3942,#4792,.T.);
#2791=EDGE_CURVE('',#3941,#3978,#4793,.T.);
#2792=EDGE_CURVE('',#3980,#3938,#4794,.T.);
#2793=EDGE_CURVE('',#3981,#3980,#4795,.T.);
#2794=EDGE_CURVE('',#3940,#3981,#4796,.T.);
#2795=EDGE_CURVE('',#3982,#3983,#4797,.T.);
#2796=EDGE_CURVE('',#3983,#3947,#4798,.T.);
#2797=EDGE_CURVE('',#3953,#3950,#4799,.T.);
#2798=EDGE_CURVE('',#3949,#3982,#4800,.T.);
#2799=EDGE_CURVE('',#3984,#3946,#4801,.T.);
#2800=EDGE_CURVE('',#3985,#3984,#4802,.T.);
#2801=EDGE_CURVE('',#3948,#3985,#4803,.T.);
#2802=EDGE_CURVE('',#3986,#3987,#4804,.T.);
#2803=EDGE_CURVE('',#3988,#3986,#4805,.T.);
#2804=EDGE_CURVE('',#3988,#3989,#4806,.T.);
#2805=EDGE_CURVE('',#3989,#3987,#4807,.T.);
#2806=EDGE_CURVE('',#3990,#3991,#4808,.T.);
#2807=EDGE_CURVE('',#3992,#3990,#4809,.T.);
#2808=EDGE_CURVE('',#3992,#3993,#4810,.T.);
#2809=EDGE_CURVE('',#3993,#3991,#4811,.T.);
#2810=EDGE_CURVE('',#3994,#3995,#4812,.T.);
#2811=EDGE_CURVE('',#3996,#3994,#4813,.T.);
#2812=EDGE_CURVE('',#3996,#3997,#4814,.T.);
#2813=EDGE_CURVE('',#3997,#3995,#4815,.T.);
#2814=EDGE_CURVE('',#3998,#3999,#4816,.T.);
#2815=EDGE_CURVE('',#4000,#3998,#4817,.T.);
#2816=EDGE_CURVE('',#4000,#4001,#4818,.T.);
#2817=EDGE_CURVE('',#4001,#3999,#4819,.T.);
#2818=EDGE_CURVE('',#4002,#4003,#4820,.T.);
#2819=EDGE_CURVE('',#4004,#4002,#4821,.T.);
#2820=EDGE_CURVE('',#4004,#4005,#4822,.T.);
#2821=EDGE_CURVE('',#4005,#4003,#4823,.T.);
#2822=EDGE_CURVE('',#4006,#4007,#4824,.T.);
#2823=EDGE_CURVE('',#4008,#4006,#4825,.T.);
#2824=EDGE_CURVE('',#4008,#4009,#4826,.T.);
#2825=EDGE_CURVE('',#4009,#4007,#4827,.T.);
#2826=EDGE_CURVE('',#4010,#4011,#4828,.F.);
#2827=EDGE_CURVE('',#4012,#4010,#4829,.T.);
#2828=EDGE_CURVE('',#4012,#4013,#4830,.T.);
#2829=EDGE_CURVE('',#4013,#4014,#4831,.T.);
#2830=EDGE_CURVE('',#4015,#4014,#4832,.T.);
#2831=EDGE_CURVE('',#4015,#4011,#4833,.T.);
#2832=EDGE_CURVE('',#4016,#4017,#4834,.T.);
#2833=EDGE_CURVE('',#4016,#4015,#4835,.T.);
#2834=EDGE_CURVE('',#4014,#4018,#4836,.T.);
#2835=EDGE_CURVE('',#4019,#4018,#4837,.T.);
#2836=EDGE_CURVE('',#4017,#4019,#4838,.T.);
#2837=EDGE_CURVE('',#4020,#4021,#4839,.T.);
#2838=EDGE_CURVE('',#4019,#4020,#4840,.T.);
#2839=EDGE_CURVE('',#4018,#4022,#4841,.T.);
#2840=EDGE_CURVE('',#4023,#4022,#4842,.T.);
#2841=EDGE_CURVE('',#4023,#4021,#4843,.T.);
#2842=EDGE_CURVE('',#4024,#4025,#4844,.F.);
#2843=EDGE_CURVE('',#4026,#4024,#4845,.T.);
#2844=EDGE_CURVE('',#4026,#4027,#4846,.T.);
#2845=EDGE_CURVE('',#4027,#4028,#4847,.T.);
#2846=EDGE_CURVE('',#4029,#4028,#4848,.T.);
#2847=EDGE_CURVE('',#4029,#4025,#4849,.T.);
#2848=EDGE_CURVE('',#4030,#4031,#4850,.T.);
#2849=EDGE_CURVE('',#4030,#4029,#4851,.T.);
#2850=EDGE_CURVE('',#4028,#4032,#4852,.T.);
#2851=EDGE_CURVE('',#4033,#4032,#4853,.T.);
#2852=EDGE_CURVE('',#4031,#4033,#4854,.T.);
#2853=EDGE_CURVE('',#4034,#4035,#4855,.T.);
#2854=EDGE_CURVE('',#4033,#4034,#4856,.T.);
#2855=EDGE_CURVE('',#4032,#4036,#4857,.T.);
#2856=EDGE_CURVE('',#4037,#4036,#4858,.T.);
#2857=EDGE_CURVE('',#4037,#4035,#4859,.T.);
#2858=EDGE_CURVE('',#4038,#4039,#4860,.F.);
#2859=EDGE_CURVE('',#4040,#4038,#4861,.T.);
#2860=EDGE_CURVE('',#4040,#4041,#4862,.T.);
#2861=EDGE_CURVE('',#4041,#4042,#4863,.T.);
#2862=EDGE_CURVE('',#4043,#4042,#4864,.T.);
#2863=EDGE_CURVE('',#4043,#4039,#4865,.T.);
#2864=EDGE_CURVE('',#4044,#4045,#4866,.T.);
#2865=EDGE_CURVE('',#4044,#4043,#4867,.T.);
#2866=EDGE_CURVE('',#4042,#4046,#4868,.T.);
#2867=EDGE_CURVE('',#4047,#4046,#4869,.T.);
#2868=EDGE_CURVE('',#4045,#4047,#4870,.T.);
#2869=EDGE_CURVE('',#4048,#4049,#4871,.T.);
#2870=EDGE_CURVE('',#4047,#4048,#4872,.T.);
#2871=EDGE_CURVE('',#4046,#4050,#4873,.T.);
#2872=EDGE_CURVE('',#4051,#4050,#4874,.T.);
#2873=EDGE_CURVE('',#4051,#4049,#4875,.T.);
#2874=EDGE_CURVE('',#4052,#4053,#4876,.F.);
#2875=EDGE_CURVE('',#4054,#4052,#4877,.T.);
#2876=EDGE_CURVE('',#4054,#4055,#4878,.T.);
#2877=EDGE_CURVE('',#4055,#4056,#4879,.T.);
#2878=EDGE_CURVE('',#4057,#4056,#4880,.T.);
#2879=EDGE_CURVE('',#4057,#4053,#4881,.T.);
#2880=EDGE_CURVE('',#4058,#4059,#4882,.T.);
#2881=EDGE_CURVE('',#4058,#4057,#4883,.T.);
#2882=EDGE_CURVE('',#4056,#4060,#4884,.T.);
#2883=EDGE_CURVE('',#4061,#4060,#4885,.T.);
#2884=EDGE_CURVE('',#4059,#4061,#4886,.T.);
#2885=EDGE_CURVE('',#4062,#4063,#4887,.T.);
#2886=EDGE_CURVE('',#4061,#4062,#4888,.T.);
#2887=EDGE_CURVE('',#4060,#4064,#4889,.T.);
#2888=EDGE_CURVE('',#4065,#4064,#4890,.T.);
#2889=EDGE_CURVE('',#4065,#4063,#4891,.T.);
#2890=EDGE_CURVE('',#4066,#4067,#4892,.F.);
#2891=EDGE_CURVE('',#4068,#4066,#4893,.T.);
#2892=EDGE_CURVE('',#4068,#4069,#4894,.T.);
#2893=EDGE_CURVE('',#4069,#4070,#4895,.T.);
#2894=EDGE_CURVE('',#4071,#4070,#4896,.T.);
#2895=EDGE_CURVE('',#4071,#4067,#4897,.T.);
#2896=EDGE_CURVE('',#4072,#4073,#4898,.T.);
#2897=EDGE_CURVE('',#4072,#4071,#4899,.T.);
#2898=EDGE_CURVE('',#4070,#4074,#4900,.T.);
#2899=EDGE_CURVE('',#4075,#4074,#4901,.T.);
#2900=EDGE_CURVE('',#4073,#4075,#4902,.T.);
#2901=EDGE_CURVE('',#4076,#4077,#4903,.T.);
#2902=EDGE_CURVE('',#4075,#4076,#4904,.T.);
#2903=EDGE_CURVE('',#4074,#4078,#4905,.T.);
#2904=EDGE_CURVE('',#4079,#4078,#4906,.T.);
#2905=EDGE_CURVE('',#4079,#4077,#4907,.T.);
#2906=EDGE_CURVE('',#4066,#4080,#111,.F.);
#2907=EDGE_CURVE('',#4080,#4081,#4908,.T.);
#2908=EDGE_CURVE('',#4081,#4082,#4909,.T.);
#2909=EDGE_CURVE('',#4082,#4068,#4910,.T.);
#2910=EDGE_CURVE('',#4083,#4084,#112,.F.);
#2911=EDGE_CURVE('',#4083,#4073,#4911,.T.);
#2912=EDGE_CURVE('',#4076,#4084,#4912,.T.);
#2913=EDGE_CURVE('',#4010,#4085,#113,.F.);
#2914=EDGE_CURVE('',#4085,#4086,#4913,.T.);
#2915=EDGE_CURVE('',#4086,#4087,#4914,.T.);
#2916=EDGE_CURVE('',#4087,#4012,#4915,.T.);
#2917=EDGE_CURVE('',#4088,#4089,#114,.F.);
#2918=EDGE_CURVE('',#4088,#4017,#4916,.T.);
#2919=EDGE_CURVE('',#4020,#4089,#4917,.T.);
#2920=EDGE_CURVE('',#4024,#4090,#115,.F.);
#2921=EDGE_CURVE('',#4090,#4091,#4918,.T.);
#2922=EDGE_CURVE('',#4091,#4092,#4919,.T.);
#2923=EDGE_CURVE('',#4092,#4026,#4920,.T.);
#2924=EDGE_CURVE('',#4093,#4094,#116,.F.);
#2925=EDGE_CURVE('',#4093,#4031,#4921,.T.);
#2926=EDGE_CURVE('',#4034,#4094,#4922,.T.);
#2927=EDGE_CURVE('',#4038,#4095,#117,.F.);
#2928=EDGE_CURVE('',#4095,#4096,#4923,.T.);
#2929=EDGE_CURVE('',#4096,#4097,#4924,.T.);
#2930=EDGE_CURVE('',#4097,#4040,#4925,.T.);
#2931=EDGE_CURVE('',#4098,#4099,#118,.F.);
#2932=EDGE_CURVE('',#4098,#4045,#4926,.T.);
#2933=EDGE_CURVE('',#4048,#4099,#4927,.T.);
#2934=EDGE_CURVE('',#4052,#4100,#119,.F.);
#2935=EDGE_CURVE('',#4100,#4101,#4928,.T.);
#2936=EDGE_CURVE('',#4101,#4102,#4929,.T.);
#2937=EDGE_CURVE('',#4102,#4054,#4930,.T.);
#2938=EDGE_CURVE('',#4103,#4104,#120,.F.);
#2939=EDGE_CURVE('',#4103,#4059,#4931,.T.);
#2940=EDGE_CURVE('',#4062,#4104,#4932,.T.);
#2941=EDGE_CURVE('',#4105,#4106,#4933,.F.);
#2942=EDGE_CURVE('',#4107,#4105,#4934,.T.);
#2943=EDGE_CURVE('',#4107,#4108,#4935,.T.);
#2944=EDGE_CURVE('',#4108,#4106,#4936,.T.);
#2945=EDGE_CURVE('',#4109,#4105,#121,.T.);
#2946=EDGE_CURVE('',#4110,#4109,#4937,.T.);
#2947=EDGE_CURVE('',#4110,#4111,#4938,.T.);
#2948=EDGE_CURVE('',#4111,#4107,#4939,.T.);
#2949=EDGE_CURVE('',#4112,#4113,#4940,.T.);
#2950=EDGE_CURVE('',#4113,#4106,#122,.T.);
#2951=EDGE_CURVE('',#4114,#4108,#4941,.T.);
#2952=EDGE_CURVE('',#4112,#4114,#4942,.T.);
#2953=EDGE_CURVE('',#4115,#4116,#4943,.T.);
#2954=EDGE_CURVE('',#4117,#4115,#4944,.T.);
#2955=EDGE_CURVE('',#4118,#4117,#4945,.T.);
#2956=EDGE_CURVE('',#4118,#4116,#4946,.T.);
#2957=EDGE_CURVE('',#4115,#4119,#4947,.T.);
#2958=EDGE_CURVE('',#4120,#4119,#4948,.T.);
#2959=EDGE_CURVE('',#4117,#4120,#4949,.T.);
#2960=EDGE_CURVE('',#4121,#4119,#4950,.T.);
#2961=EDGE_CURVE('',#4122,#4121,#4951,.T.);
#2962=EDGE_CURVE('',#4120,#4122,#4952,.T.);
#2963=EDGE_CURVE('',#4123,#4124,#4953,.T.);
#2964=EDGE_CURVE('',#4125,#4123,#4954,.T.);
#2965=EDGE_CURVE('',#4126,#4125,#4955,.T.);
#2966=EDGE_CURVE('',#4126,#4124,#4956,.T.);
#2967=EDGE_CURVE('',#4123,#4127,#4957,.T.);
#2968=EDGE_CURVE('',#4128,#4127,#4958,.T.);
#2969=EDGE_CURVE('',#4125,#4128,#4959,.T.);
#2970=EDGE_CURVE('',#4129,#4127,#4960,.T.);
#2971=EDGE_CURVE('',#4130,#4129,#4961,.T.);
#2972=EDGE_CURVE('',#4128,#4130,#4962,.T.);
#2973=EDGE_CURVE('',#4131,#4132,#4963,.T.);
#2974=EDGE_CURVE('',#4133,#4131,#4964,.T.);
#2975=EDGE_CURVE('',#4134,#4133,#4965,.T.);
#2976=EDGE_CURVE('',#4134,#4132,#4966,.T.);
#2977=EDGE_CURVE('',#4131,#4135,#4967,.T.);
#2978=EDGE_CURVE('',#4136,#4135,#4968,.T.);
#2979=EDGE_CURVE('',#4133,#4136,#4969,.T.);
#2980=EDGE_CURVE('',#4137,#4135,#4970,.T.);
#2981=EDGE_CURVE('',#4138,#4137,#4971,.T.);
#2982=EDGE_CURVE('',#4136,#4138,#4972,.T.);
#2983=EDGE_CURVE('',#4139,#4140,#4973,.T.);
#2984=EDGE_CURVE('',#4141,#4139,#4974,.T.);
#2985=EDGE_CURVE('',#4142,#4141,#4975,.T.);
#2986=EDGE_CURVE('',#4142,#4140,#4976,.T.);
#2987=EDGE_CURVE('',#4139,#4143,#4977,.T.);
#2988=EDGE_CURVE('',#4144,#4143,#4978,.T.);
#2989=EDGE_CURVE('',#4141,#4144,#4979,.T.);
#2990=EDGE_CURVE('',#4145,#4143,#4980,.T.);
#2991=EDGE_CURVE('',#4146,#4145,#4981,.T.);
#2992=EDGE_CURVE('',#4144,#4146,#4982,.T.);
#2993=EDGE_CURVE('',#4147,#4148,#4983,.T.);
#2994=EDGE_CURVE('',#4149,#4147,#4984,.T.);
#2995=EDGE_CURVE('',#4150,#4149,#4985,.T.);
#2996=EDGE_CURVE('',#4150,#4148,#4986,.T.);
#2997=EDGE_CURVE('',#4147,#4151,#4987,.T.);
#2998=EDGE_CURVE('',#4152,#4151,#4988,.T.);
#2999=EDGE_CURVE('',#4149,#4152,#4989,.T.);
#3000=EDGE_CURVE('',#4153,#4151,#4990,.T.);
#3001=EDGE_CURVE('',#4154,#4153,#4991,.T.);
#3002=EDGE_CURVE('',#4152,#4154,#4992,.T.);
#3003=EDGE_CURVE('',#4155,#4156,#4993,.T.);
#3004=EDGE_CURVE('',#4157,#4155,#4994,.T.);
#3005=EDGE_CURVE('',#4158,#4157,#4995,.T.);
#3006=EDGE_CURVE('',#4158,#4156,#4996,.T.);
#3007=EDGE_CURVE('',#4155,#4159,#4997,.T.);
#3008=EDGE_CURVE('',#4160,#4159,#4998,.T.);
#3009=EDGE_CURVE('',#4157,#4160,#4999,.T.);
#3010=EDGE_CURVE('',#4161,#4159,#5000,.T.);
#3011=EDGE_CURVE('',#4162,#4161,#5001,.T.);
#3012=EDGE_CURVE('',#4160,#4162,#5002,.T.);
#3013=EDGE_CURVE('',#4121,#4116,#5003,.T.);
#3014=EDGE_CURVE('',#4122,#4118,#5004,.T.);
#3015=EDGE_CURVE('',#4161,#4156,#5005,.T.);
#3016=EDGE_CURVE('',#4162,#4158,#5006,.T.);
#3017=EDGE_CURVE('',#4153,#4148,#5007,.T.);
#3018=EDGE_CURVE('',#4154,#4150,#5008,.T.);
#3019=EDGE_CURVE('',#4145,#4140,#5009,.T.);
#3020=EDGE_CURVE('',#4146,#4142,#5010,.T.);
#3021=EDGE_CURVE('',#4137,#4132,#5011,.T.);
#3022=EDGE_CURVE('',#4138,#4134,#5012,.T.);
#3023=EDGE_CURVE('',#4129,#4124,#5013,.T.);
#3024=EDGE_CURVE('',#4130,#4126,#5014,.T.);
#3025=EDGE_CURVE('',#4163,#4164,#5015,.T.);
#3026=EDGE_CURVE('',#4165,#4164,#5016,.T.);
#3027=EDGE_CURVE('',#4165,#4166,#5017,.T.);
#3028=EDGE_CURVE('',#4166,#4167,#5018,.T.);
#3029=EDGE_CURVE('',#4167,#4168,#5019,.T.);
#3030=EDGE_CURVE('',#4169,#4168,#5020,.T.);
#3031=EDGE_CURVE('',#4170,#4169,#5021,.T.);
#3032=EDGE_CURVE('',#4170,#4163,#5022,.T.);
#3033=EDGE_CURVE('',#3978,#3981,#5023,.T.);
#3034=EDGE_CURVE('',#3980,#3979,#5024,.T.);
#3035=EDGE_CURVE('',#3970,#3973,#5025,.T.);
#3036=EDGE_CURVE('',#3972,#3971,#5026,.T.);
#3037=EDGE_CURVE('',#3962,#3965,#5027,.T.);
#3038=EDGE_CURVE('',#3964,#3963,#5028,.T.);
#3039=EDGE_CURVE('',#3966,#3969,#5029,.T.);
#3040=EDGE_CURVE('',#3968,#3967,#5030,.T.);
#3041=EDGE_CURVE('',#3974,#3977,#5031,.T.);
#3042=EDGE_CURVE('',#3976,#3975,#5032,.T.);
#3043=EDGE_CURVE('',#3982,#3985,#5033,.T.);
#3044=EDGE_CURVE('',#3984,#3983,#5034,.T.);
#3045=EDGE_CURVE('',#4111,#4114,#5035,.T.);
#3046=EDGE_CURVE('',#4171,#4013,#5036,.T.);
#3047=EDGE_CURVE('',#4087,#4171,#5037,.T.);
#3048=EDGE_CURVE('',#4172,#4027,#5038,.T.);
#3049=EDGE_CURVE('',#4092,#4172,#5039,.T.);
#3050=EDGE_CURVE('',#4173,#4041,#5040,.T.);
#3051=EDGE_CURVE('',#4097,#4173,#5041,.T.);
#3052=EDGE_CURVE('',#4174,#4055,#5042,.T.);
#3053=EDGE_CURVE('',#4102,#4174,#5043,.T.);
#3054=EDGE_CURVE('',#4175,#4069,#5044,.T.);
#3055=EDGE_CURVE('',#4082,#4175,#5045,.T.);
#3056=EDGE_CURVE('',#4176,#4177,#5046,.T.);
#3057=EDGE_CURVE('',#4176,#4023,#5047,.T.);
#3058=EDGE_CURVE('',#4022,#4171,#5048,.T.);
#3059=EDGE_CURVE('',#4178,#4086,#5049,.T.);
#3060=EDGE_CURVE('',#4177,#4178,#5050,.T.);
#3061=EDGE_CURVE('',#4179,#4180,#5051,.T.);
#3062=EDGE_CURVE('',#4179,#4037,#5052,.T.);
#3063=EDGE_CURVE('',#4036,#4172,#5053,.T.);
#3064=EDGE_CURVE('',#4181,#4091,#5054,.T.);
#3065=EDGE_CURVE('',#4180,#4181,#5055,.T.);
#3066=EDGE_CURVE('',#4182,#4183,#5056,.T.);
#3067=EDGE_CURVE('',#4182,#4051,#5057,.T.);
#3068=EDGE_CURVE('',#4050,#4173,#5058,.T.);
#3069=EDGE_CURVE('',#4184,#4096,#5059,.T.);
#3070=EDGE_CURVE('',#4183,#4184,#5060,.T.);
#3071=EDGE_CURVE('',#4185,#4186,#5061,.T.);
#3072=EDGE_CURVE('',#4185,#4065,#5062,.T.);
#3073=EDGE_CURVE('',#4064,#4174,#5063,.T.);
#3074=EDGE_CURVE('',#4187,#4101,#5064,.T.);
#3075=EDGE_CURVE('',#4186,#4187,#5065,.T.);
#3076=EDGE_CURVE('',#4188,#4189,#5066,.T.);
#3077=EDGE_CURVE('',#4188,#4079,#5067,.T.);
#3078=EDGE_CURVE('',#4078,#4175,#5068,.T.);
#3079=EDGE_CURVE('',#4190,#4081,#5069,.T.);
#3080=EDGE_CURVE('',#4189,#4190,#5070,.T.);
#3081=EDGE_CURVE('',#4191,#4192,#5071,.T.);
#3082=EDGE_CURVE('',#4193,#4192,#5072,.T.);
#3083=EDGE_CURVE('',#4193,#4194,#5073,.T.);
#3084=EDGE_CURVE('',#4194,#4195,#5074,.T.);
#3085=EDGE_CURVE('',#4195,#4196,#5075,.T.);
#3086=EDGE_CURVE('',#4197,#4196,#5076,.T.);
#3087=EDGE_CURVE('',#4198,#4197,#5077,.T.);
#3088=EDGE_CURVE('',#4198,#4191,#5078,.T.);
#3089=EDGE_CURVE('',#4199,#4200,#5079,.T.);
#3090=EDGE_CURVE('',#4199,#4112,#5080,.T.);
#3091=EDGE_CURVE('',#4200,#4110,#5081,.T.);
#3092=EDGE_CURVE('',#4196,#4201,#123,.T.);
#3093=EDGE_CURVE('',#4202,#4201,#5082,.T.);
#3094=EDGE_CURVE('',#4197,#4202,#124,.T.);
#3095=EDGE_CURVE('',#4201,#4203,#5083,.T.);
#3096=EDGE_CURVE('',#4204,#4203,#5084,.T.);
#3097=EDGE_CURVE('',#4202,#4204,#5085,.T.);
#3098=EDGE_CURVE('',#4205,#4206,#5086,.T.);
#3099=EDGE_CURVE('',#4206,#4207,#5087,.T.);
#3100=EDGE_CURVE('',#4207,#4208,#5088,.T.);
#3101=EDGE_CURVE('',#4208,#4205,#5089,.T.);
#3102=EDGE_CURVE('',#4209,#4210,#5090,.T.);
#3103=EDGE_CURVE('',#4210,#4211,#5091,.T.);
#3104=EDGE_CURVE('',#4211,#4212,#5092,.T.);
#3105=EDGE_CURVE('',#4212,#4209,#5093,.T.);
#3106=EDGE_CURVE('',#4213,#4214,#5094,.T.);
#3107=EDGE_CURVE('',#4214,#4215,#5095,.T.);
#3108=EDGE_CURVE('',#4215,#4216,#5096,.T.);
#3109=EDGE_CURVE('',#4216,#4213,#5097,.T.);
#3110=EDGE_CURVE('',#4217,#4218,#5098,.T.);
#3111=EDGE_CURVE('',#4218,#4219,#5099,.T.);
#3112=EDGE_CURVE('',#4219,#4220,#5100,.T.);
#3113=EDGE_CURVE('',#4220,#4217,#5101,.T.);
#3114=EDGE_CURVE('',#4221,#4222,#5102,.T.);
#3115=EDGE_CURVE('',#4222,#4223,#5103,.T.);
#3116=EDGE_CURVE('',#4223,#4224,#5104,.T.);
#3117=EDGE_CURVE('',#4224,#4221,#5105,.T.);
#3118=EDGE_CURVE('',#4225,#4226,#5106,.T.);
#3119=EDGE_CURVE('',#4226,#4227,#5107,.T.);
#3120=EDGE_CURVE('',#4227,#4228,#5108,.T.);
#3121=EDGE_CURVE('',#4228,#4225,#5109,.T.);
#3122=EDGE_CURVE('',#4229,#4230,#5110,.T.);
#3123=EDGE_CURVE('',#4230,#4231,#5111,.T.);
#3124=EDGE_CURVE('',#4231,#4232,#5112,.T.);
#3125=EDGE_CURVE('',#4232,#4229,#5113,.T.);
#3126=EDGE_CURVE('',#4233,#4234,#5114,.T.);
#3127=EDGE_CURVE('',#4234,#4235,#5115,.T.);
#3128=EDGE_CURVE('',#4235,#4236,#5116,.T.);
#3129=EDGE_CURVE('',#4236,#4233,#5117,.T.);
#3130=EDGE_CURVE('',#4237,#4238,#5118,.T.);
#3131=EDGE_CURVE('',#4238,#4239,#5119,.T.);
#3132=EDGE_CURVE('',#4239,#4240,#5120,.T.);
#3133=EDGE_CURVE('',#4240,#4237,#5121,.T.);
#3134=EDGE_CURVE('',#4241,#4242,#5122,.T.);
#3135=EDGE_CURVE('',#4242,#4243,#5123,.T.);
#3136=EDGE_CURVE('',#4243,#4244,#5124,.T.);
#3137=EDGE_CURVE('',#4244,#4241,#5125,.T.);
#3138=EDGE_CURVE('',#4245,#4246,#5126,.T.);
#3139=EDGE_CURVE('',#4246,#4247,#5127,.T.);
#3140=EDGE_CURVE('',#4247,#4248,#5128,.T.);
#3141=EDGE_CURVE('',#4248,#4245,#5129,.T.);
#3142=EDGE_CURVE('',#4249,#4250,#5130,.T.);
#3143=EDGE_CURVE('',#4250,#4251,#5131,.T.);
#3144=EDGE_CURVE('',#4251,#4252,#5132,.T.);
#3145=EDGE_CURVE('',#4252,#4249,#5133,.T.);
#3146=EDGE_CURVE('',#4203,#4253,#5134,.T.);
#3147=EDGE_CURVE('',#4254,#4253,#5135,.T.);
#3148=EDGE_CURVE('',#4204,#4254,#5136,.T.);
#3149=EDGE_CURVE('',#4253,#4255,#5137,.T.);
#3150=EDGE_CURVE('',#4256,#4255,#5138,.T.);
#3151=EDGE_CURVE('',#4254,#4256,#5139,.T.);
#3152=EDGE_CURVE('',#4255,#4163,#5140,.T.);
#3153=EDGE_CURVE('',#4256,#4170,#5141,.T.);
#3154=EDGE_CURVE('',#4168,#4191,#125,.T.);
#3155=EDGE_CURVE('',#4169,#4198,#126,.T.);
#3156=EDGE_CURVE('',#4257,#4164,#5142,.T.);
#3157=EDGE_CURVE('',#4195,#4258,#5143,.T.);
#3158=EDGE_CURVE('',#4258,#4259,#5144,.T.);
#3159=EDGE_CURVE('',#4259,#4260,#5145,.T.);
#3160=EDGE_CURVE('',#4260,#4261,#5146,.T.);
#3161=EDGE_CURVE('',#4261,#4192,#5147,.T.);
#3162=EDGE_CURVE('',#4167,#4262,#5148,.T.);
#3163=EDGE_CURVE('',#4262,#4257,#5149,.T.);
#3164=EDGE_CURVE('',#4263,#4264,#127,.T.);
#3165=EDGE_CURVE('',#4264,#4265,#5150,.T.);
#3166=EDGE_CURVE('',#4265,#4266,#5151,.T.);
#3167=EDGE_CURVE('',#4266,#4267,#5152,.T.);
#3168=EDGE_CURVE('',#4267,#4263,#5153,.T.);
#3169=EDGE_CURVE('',#4268,#4268,#128,.F.);
#3170=EDGE_CURVE('',#4269,#4269,#129,.F.);
#3171=EDGE_CURVE('',#4270,#4270,#130,.F.);
#3172=EDGE_CURVE('',#4271,#4271,#131,.F.);
#3173=EDGE_CURVE('',#4272,#4272,#132,.F.);
#3174=EDGE_CURVE('',#4273,#4273,#133,.T.);
#3175=EDGE_CURVE('',#4274,#4274,#134,.T.);
#3176=EDGE_CURVE('',#4275,#4275,#135,.T.);
#3177=EDGE_CURVE('',#4276,#4276,#136,.T.);
#3178=EDGE_CURVE('',#4277,#4277,#137,.T.);
#3179=EDGE_CURVE('',#4278,#4250,#5154,.T.);
#3180=EDGE_CURVE('',#4278,#4279,#5155,.T.);
#3181=EDGE_CURVE('',#4279,#4251,#5156,.T.);
#3182=EDGE_CURVE('',#4279,#4280,#5157,.T.);
#3183=EDGE_CURVE('',#4280,#4252,#5158,.T.);
#3184=EDGE_CURVE('',#4280,#4281,#5159,.T.);
#3185=EDGE_CURVE('',#4281,#4249,#5160,.T.);
#3186=EDGE_CURVE('',#4281,#4278,#5161,.T.);
#3187=EDGE_CURVE('',#4282,#4246,#5162,.T.);
#3188=EDGE_CURVE('',#4282,#4283,#5163,.T.);
#3189=EDGE_CURVE('',#4283,#4247,#5164,.T.);
#3190=EDGE_CURVE('',#4283,#4284,#5165,.T.);
#3191=EDGE_CURVE('',#4284,#4248,#5166,.T.);
#3192=EDGE_CURVE('',#4284,#4285,#5167,.T.);
#3193=EDGE_CURVE('',#4285,#4245,#5168,.T.);
#3194=EDGE_CURVE('',#4285,#4282,#5169,.T.);
#3195=EDGE_CURVE('',#4286,#4242,#5170,.T.);
#3196=EDGE_CURVE('',#4286,#4287,#5171,.T.);
#3197=EDGE_CURVE('',#4287,#4243,#5172,.T.);
#3198=EDGE_CURVE('',#4287,#4288,#5173,.T.);
#3199=EDGE_CURVE('',#4288,#4244,#5174,.T.);
#3200=EDGE_CURVE('',#4288,#4289,#5175,.T.);
#3201=EDGE_CURVE('',#4289,#4241,#5176,.T.);
#3202=EDGE_CURVE('',#4289,#4286,#5177,.T.);
#3203=EDGE_CURVE('',#4290,#4238,#5178,.T.);
#3204=EDGE_CURVE('',#4290,#4291,#5179,.T.);
#3205=EDGE_CURVE('',#4291,#4239,#5180,.T.);
#3206=EDGE_CURVE('',#4291,#4292,#5181,.T.);
#3207=EDGE_CURVE('',#4292,#4240,#5182,.T.);
#3208=EDGE_CURVE('',#4292,#4293,#5183,.T.);
#3209=EDGE_CURVE('',#4293,#4237,#5184,.T.);
#3210=EDGE_CURVE('',#4293,#4290,#5185,.T.);
#3211=EDGE_CURVE('',#4294,#4234,#5186,.T.);
#3212=EDGE_CURVE('',#4294,#4295,#5187,.T.);
#3213=EDGE_CURVE('',#4295,#4235,#5188,.T.);
#3214=EDGE_CURVE('',#4295,#4296,#5189,.T.);
#3215=EDGE_CURVE('',#4296,#4236,#5190,.T.);
#3216=EDGE_CURVE('',#4296,#4297,#5191,.T.);
#3217=EDGE_CURVE('',#4297,#4233,#5192,.T.);
#3218=EDGE_CURVE('',#4297,#4294,#5193,.T.);
#3219=EDGE_CURVE('',#4298,#4230,#5194,.T.);
#3220=EDGE_CURVE('',#4298,#4299,#5195,.T.);
#3221=EDGE_CURVE('',#4299,#4231,#5196,.T.);
#3222=EDGE_CURVE('',#4299,#4300,#5197,.T.);
#3223=EDGE_CURVE('',#4300,#4232,#5198,.T.);
#3224=EDGE_CURVE('',#4300,#4301,#5199,.T.);
#3225=EDGE_CURVE('',#4301,#4229,#5200,.T.);
#3226=EDGE_CURVE('',#4301,#4298,#5201,.T.);
#3227=EDGE_CURVE('',#4302,#4226,#5202,.T.);
#3228=EDGE_CURVE('',#4302,#4303,#5203,.T.);
#3229=EDGE_CURVE('',#4303,#4227,#5204,.T.);
#3230=EDGE_CURVE('',#4303,#4304,#5205,.T.);
#3231=EDGE_CURVE('',#4304,#4228,#5206,.T.);
#3232=EDGE_CURVE('',#4304,#4305,#5207,.T.);
#3233=EDGE_CURVE('',#4305,#4225,#5208,.T.);
#3234=EDGE_CURVE('',#4305,#4302,#5209,.T.);
#3235=EDGE_CURVE('',#4306,#4222,#5210,.T.);
#3236=EDGE_CURVE('',#4306,#4307,#5211,.T.);
#3237=EDGE_CURVE('',#4307,#4223,#5212,.T.);
#3238=EDGE_CURVE('',#4307,#4308,#5213,.T.);
#3239=EDGE_CURVE('',#4308,#4224,#5214,.T.);
#3240=EDGE_CURVE('',#4308,#4309,#5215,.T.);
#3241=EDGE_CURVE('',#4309,#4221,#5216,.T.);
#3242=EDGE_CURVE('',#4309,#4306,#5217,.T.);
#3243=EDGE_CURVE('',#4310,#4218,#5218,.T.);
#3244=EDGE_CURVE('',#4310,#4311,#5219,.T.);
#3245=EDGE_CURVE('',#4311,#4219,#5220,.T.);
#3246=EDGE_CURVE('',#4311,#4312,#5221,.T.);
#3247=EDGE_CURVE('',#4312,#4220,#5222,.T.);
#3248=EDGE_CURVE('',#4312,#4313,#5223,.T.);
#3249=EDGE_CURVE('',#4313,#4217,#5224,.T.);
#3250=EDGE_CURVE('',#4313,#4310,#5225,.T.);
#3251=EDGE_CURVE('',#4314,#4214,#5226,.T.);
#3252=EDGE_CURVE('',#4314,#4315,#5227,.T.);
#3253=EDGE_CURVE('',#4315,#4215,#5228,.T.);
#3254=EDGE_CURVE('',#4315,#4316,#5229,.T.);
#3255=EDGE_CURVE('',#4316,#4216,#5230,.T.);
#3256=EDGE_CURVE('',#4316,#4317,#5231,.T.);
#3257=EDGE_CURVE('',#4317,#4213,#5232,.T.);
#3258=EDGE_CURVE('',#4317,#4314,#5233,.T.);
#3259=EDGE_CURVE('',#4318,#4210,#5234,.T.);
#3260=EDGE_CURVE('',#4318,#4319,#5235,.T.);
#3261=EDGE_CURVE('',#4319,#4211,#5236,.T.);
#3262=EDGE_CURVE('',#4319,#4320,#5237,.T.);
#3263=EDGE_CURVE('',#4320,#4212,#5238,.T.);
#3264=EDGE_CURVE('',#4320,#4321,#5239,.T.);
#3265=EDGE_CURVE('',#4321,#4209,#5240,.T.);
#3266=EDGE_CURVE('',#4321,#4318,#5241,.T.);
#3267=EDGE_CURVE('',#4322,#4206,#5242,.T.);
#3268=EDGE_CURVE('',#4322,#4323,#5243,.T.);
#3269=EDGE_CURVE('',#4323,#4207,#5244,.T.);
#3270=EDGE_CURVE('',#4323,#4324,#5245,.T.);
#3271=EDGE_CURVE('',#4324,#4208,#5246,.T.);
#3272=EDGE_CURVE('',#4324,#4325,#5247,.T.);
#3273=EDGE_CURVE('',#4325,#4205,#5248,.T.);
#3274=EDGE_CURVE('',#4325,#4322,#5249,.T.);
#3275=EDGE_CURVE('',#4194,#4326,#5250,.T.);
#3276=EDGE_CURVE('',#4326,#4258,#5251,.T.);
#3277=EDGE_CURVE('',#4326,#4327,#5252,.T.);
#3278=EDGE_CURVE('',#4327,#4259,#5253,.T.);
#3279=EDGE_CURVE('',#4327,#4328,#5254,.T.);
#3280=EDGE_CURVE('',#4328,#4260,#5255,.T.);
#3281=EDGE_CURVE('',#4328,#4329,#5256,.T.);
#3282=EDGE_CURVE('',#4329,#4261,#5257,.T.);
#3283=EDGE_CURVE('',#4329,#4193,#5258,.T.);
#3284=EDGE_CURVE('',#4166,#4330,#5259,.T.);
#3285=EDGE_CURVE('',#4330,#4262,#5260,.T.);
#3286=EDGE_CURVE('',#4330,#4331,#5261,.T.);
#3287=EDGE_CURVE('',#4331,#4257,#5262,.T.);
#3288=EDGE_CURVE('',#4331,#4165,#5263,.T.);
#3289=EDGE_CURVE('',#4332,#4264,#5264,.T.);
#3290=EDGE_CURVE('',#4332,#4333,#5265,.T.);
#3291=EDGE_CURVE('',#4333,#4265,#5266,.T.);
#3292=EDGE_CURVE('',#4334,#4266,#5267,.T.);
#3293=EDGE_CURVE('',#4333,#4335,#5268,.T.);
#3294=EDGE_CURVE('',#4335,#4336,#5269,.T.);
#3295=EDGE_CURVE('',#4336,#4334,#5270,.T.);
#3296=EDGE_CURVE('',#4334,#4337,#5271,.T.);
#3297=EDGE_CURVE('',#4337,#4267,#5272,.T.);
#3298=EDGE_CURVE('',#4337,#4338,#5273,.T.);
#3299=EDGE_CURVE('',#4338,#4263,#5274,.T.);
#3300=EDGE_CURVE('',#4338,#4339,#138,.T.);
#3301=EDGE_CURVE('',#4340,#4339,#5275,.T.);
#3302=EDGE_CURVE('',#4340,#4332,#139,.T.);
#3303=EDGE_CURVE('',#4336,#4339,#5276,.T.);
#3304=EDGE_CURVE('',#4335,#4340,#5277,.T.);
#3305=EDGE_CURVE('',#4341,#4342,#5278,.T.);
#3306=EDGE_CURVE('',#4342,#4343,#5279,.T.);
#3307=EDGE_CURVE('',#4344,#4343,#5280,.T.);
#3308=EDGE_CURVE('',#4341,#4344,#5281,.T.);
#3309=EDGE_CURVE('',#4343,#3958,#140,.T.);
#3310=EDGE_CURVE('',#4344,#3961,#141,.T.);
#3311=EDGE_CURVE('',#3960,#4341,#142,.T.);
#3312=EDGE_CURVE('',#3959,#4342,#143,.T.);
#3313=EDGE_CURVE('',#4113,#4109,#5282,.T.);
#3314=EDGE_CURVE('',#4199,#4345,#5283,.T.);
#3315=EDGE_CURVE('',#4200,#4346,#5284,.T.);
#3316=EDGE_CURVE('',#4345,#4346,#5285,.T.);
#3317=EDGE_CURVE('',#4347,#4348,#5286,.T.);
#3318=EDGE_CURVE('',#4348,#4349,#144,.F.);
#3319=EDGE_CURVE('',#4349,#4350,#5287,.T.);
#3320=EDGE_CURVE('',#4350,#4351,#145,.T.);
#3321=EDGE_CURVE('',#4351,#4352,#5288,.T.);
#3322=EDGE_CURVE('',#4353,#4352,#146,.T.);
#3323=EDGE_CURVE('',#4353,#4112,#5289,.T.);
#3324=EDGE_CURVE('',#4354,#4345,#147,.T.);
#3325=EDGE_CURVE('',#4354,#4355,#5290,.T.);
#3326=EDGE_CURVE('',#4355,#4008,#148,.T.);
#3327=EDGE_CURVE('',#4006,#4356,#149,.F.);
#3328=EDGE_CURVE('',#4356,#4357,#5291,.T.);
#3329=EDGE_CURVE('',#4357,#4347,#150,.F.);
#3330=EDGE_CURVE('',#4358,#4359,#151,.F.);
#3331=EDGE_CURVE('',#4360,#4358,#5292,.T.);
#3332=EDGE_CURVE('',#4361,#4360,#152,.F.);
#3333=EDGE_CURVE('',#4362,#4361,#5293,.T.);
#3334=EDGE_CURVE('',#4007,#4362,#153,.F.);
#3335=EDGE_CURVE('',#4363,#4009,#154,.T.);
#3336=EDGE_CURVE('',#4364,#4363,#5294,.T.);
#3337=EDGE_CURVE('',#4364,#4346,#155,.T.);
#3338=EDGE_CURVE('',#4365,#4110,#5295,.T.);
#3339=EDGE_CURVE('',#4365,#4366,#156,.T.);
#3340=EDGE_CURVE('',#4367,#4366,#5296,.T.);
#3341=EDGE_CURVE('',#4368,#4367,#157,.T.);
#3342=EDGE_CURVE('',#4359,#4368,#5297,.T.);
#3343=EDGE_CURVE('',#4369,#4370,#5298,.T.);
#3344=EDGE_CURVE('',#4371,#4369,#5299,.T.);
#3345=EDGE_CURVE('',#4371,#4372,#5300,.T.);
#3346=EDGE_CURVE('',#4372,#4370,#5301,.T.);
#3347=EDGE_CURVE('',#4370,#4373,#158,.T.);
#3348=EDGE_CURVE('',#4358,#4373,#5302,.T.);
#3349=EDGE_CURVE('',#4349,#4359,#5303,.T.);
#3350=EDGE_CURVE('',#4374,#4348,#5304,.T.);
#3351=EDGE_CURVE('',#4369,#4374,#159,.T.);
#3352=EDGE_CURVE('',#4350,#4368,#5305,.T.);
#3353=EDGE_CURVE('',#4351,#4367,#5306,.T.);
#3354=EDGE_CURVE('',#4352,#4366,#5307,.T.);
#3355=EDGE_CURVE('',#4353,#4365,#5308,.T.);
#3356=EDGE_CURVE('',#4354,#4364,#5309,.T.);
#3357=EDGE_CURVE('',#4355,#4363,#5310,.T.);
#3358=EDGE_CURVE('',#4375,#4376,#5311,.T.);
#3359=EDGE_CURVE('',#4376,#4377,#5312,.T.);
#3360=EDGE_CURVE('',#4378,#4377,#5313,.T.);
#3361=EDGE_CURVE('',#4375,#4378,#5314,.T.);
#3362=EDGE_CURVE('',#4377,#3950,#160,.T.);
#3363=EDGE_CURVE('',#4378,#3953,#161,.T.);
#3364=EDGE_CURVE('',#3952,#4375,#162,.T.);
#3365=EDGE_CURVE('',#3951,#4376,#163,.T.);
#3366=EDGE_CURVE('',#4379,#4380,#5315,.T.);
#3367=EDGE_CURVE('',#4380,#4381,#5316,.T.);
#3368=EDGE_CURVE('',#4382,#4381,#5317,.T.);
#3369=EDGE_CURVE('',#4379,#4382,#5318,.T.);
#3370=EDGE_CURVE('',#4381,#3942,#164,.T.);
#3371=EDGE_CURVE('',#4382,#3945,#165,.T.);
#3372=EDGE_CURVE('',#3944,#4379,#166,.T.);
#3373=EDGE_CURVE('',#3943,#4380,#167,.T.);
#3374=EDGE_CURVE('',#4383,#4384,#5319,.T.);
#3375=EDGE_CURVE('',#4384,#4385,#5320,.T.);
#3376=EDGE_CURVE('',#4386,#4385,#5321,.T.);
#3377=EDGE_CURVE('',#4383,#4386,#5322,.T.);
#3378=EDGE_CURVE('',#4385,#3934,#168,.T.);
#3379=EDGE_CURVE('',#4386,#3937,#169,.T.);
#3380=EDGE_CURVE('',#3936,#4383,#170,.T.);
#3381=EDGE_CURVE('',#3935,#4384,#171,.T.);
#3382=EDGE_CURVE('',#4387,#4388,#5323,.T.);
#3383=EDGE_CURVE('',#4388,#4389,#5324,.T.);
#3384=EDGE_CURVE('',#4390,#4389,#5325,.T.);
#3385=EDGE_CURVE('',#4387,#4390,#5326,.T.);
#3386=EDGE_CURVE('',#4389,#3926,#172,.T.);
#3387=EDGE_CURVE('',#4390,#3929,#173,.T.);
#3388=EDGE_CURVE('',#3928,#4387,#174,.T.);
#3389=EDGE_CURVE('',#3927,#4388,#175,.T.);
#3390=EDGE_CURVE('',#4391,#4392,#5327,.T.);
#3391=EDGE_CURVE('',#4392,#4393,#5328,.T.);
#3392=EDGE_CURVE('',#4394,#4393,#5329,.T.);
#3393=EDGE_CURVE('',#4391,#4394,#5330,.T.);
#3394=EDGE_CURVE('',#4393,#3918,#176,.T.);
#3395=EDGE_CURVE('',#4394,#3921,#177,.T.);
#3396=EDGE_CURVE('',#3920,#4391,#178,.T.);
#3397=EDGE_CURVE('',#3919,#4392,#179,.T.);
#3398=EDGE_CURVE('',#4395,#4187,#5331,.T.);
#3399=EDGE_CURVE('',#4396,#4100,#5332,.T.);
#3400=EDGE_CURVE('',#4397,#4396,#5333,.T.);
#3401=EDGE_CURVE('',#4397,#4395,#5334,.T.);
#3402=EDGE_CURVE('',#4396,#4053,#180,.T.);
#3403=EDGE_CURVE('',#4058,#4398,#5335,.T.);
#3404=EDGE_CURVE('',#4398,#4103,#5336,.T.);
#3405=EDGE_CURVE('',#4185,#4399,#5337,.T.);
#3406=EDGE_CURVE('',#4186,#4400,#5338,.T.);
#3407=EDGE_CURVE('',#4399,#4400,#5339,.T.);
#3408=EDGE_CURVE('',#4401,#4063,#5340,.T.);
#3409=EDGE_CURVE('',#4401,#4104,#5341,.T.);
#3410=EDGE_CURVE('',#4402,#4403,#5342,.T.);
#3411=EDGE_CURVE('',#4403,#4404,#181,.F.);
#3412=EDGE_CURVE('',#4404,#4405,#5343,.T.);
#3413=EDGE_CURVE('',#4405,#4406,#182,.T.);
#3414=EDGE_CURVE('',#4406,#4407,#5344,.T.);
#3415=EDGE_CURVE('',#4397,#4407,#183,.T.);
#3416=EDGE_CURVE('',#4401,#4398,#184,.T.);
#3417=EDGE_CURVE('',#4408,#4399,#185,.T.);
#3418=EDGE_CURVE('',#4408,#4409,#5345,.T.);
#3419=EDGE_CURVE('',#4409,#3988,#186,.T.);
#3420=EDGE_CURVE('',#3986,#4410,#187,.F.);
#3421=EDGE_CURVE('',#4410,#4411,#5346,.T.);
#3422=EDGE_CURVE('',#4411,#4402,#188,.F.);
#3423=EDGE_CURVE('',#4412,#4413,#189,.F.);
#3424=EDGE_CURVE('',#4414,#4412,#5347,.T.);
#3425=EDGE_CURVE('',#4415,#4414,#190,.F.);
#3426=EDGE_CURVE('',#4416,#4415,#5348,.T.);
#3427=EDGE_CURVE('',#3987,#4416,#191,.F.);
#3428=EDGE_CURVE('',#4417,#3989,#192,.T.);
#3429=EDGE_CURVE('',#4418,#4417,#5349,.T.);
#3430=EDGE_CURVE('',#4418,#4400,#193,.T.);
#3431=EDGE_CURVE('',#4395,#4419,#194,.T.);
#3432=EDGE_CURVE('',#4420,#4419,#5350,.T.);
#3433=EDGE_CURVE('',#4421,#4420,#195,.T.);
#3434=EDGE_CURVE('',#4413,#4421,#5351,.T.);
#3435=EDGE_CURVE('',#4422,#4423,#5352,.T.);
#3436=EDGE_CURVE('',#4424,#4422,#5353,.T.);
#3437=EDGE_CURVE('',#4424,#4425,#5354,.T.);
#3438=EDGE_CURVE('',#4425,#4423,#5355,.T.);
#3439=EDGE_CURVE('',#4423,#4426,#196,.T.);
#3440=EDGE_CURVE('',#4412,#4426,#5356,.T.);
#3441=EDGE_CURVE('',#4404,#4413,#5357,.T.);
#3442=EDGE_CURVE('',#4427,#4403,#5358,.T.);
#3443=EDGE_CURVE('',#4422,#4427,#197,.T.);
#3444=EDGE_CURVE('',#4405,#4421,#5359,.T.);
#3445=EDGE_CURVE('',#4406,#4420,#5360,.T.);
#3446=EDGE_CURVE('',#4407,#4419,#5361,.T.);
#3447=EDGE_CURVE('',#4408,#4418,#5362,.T.);
#3448=EDGE_CURVE('',#4409,#4417,#5363,.T.);
#3449=EDGE_CURVE('',#4428,#4184,#5364,.T.);
#3450=EDGE_CURVE('',#4429,#4095,#5365,.T.);
#3451=EDGE_CURVE('',#4430,#4429,#5366,.T.);
#3452=EDGE_CURVE('',#4430,#4428,#5367,.T.);
#3453=EDGE_CURVE('',#4429,#4039,#198,.T.);
#3454=EDGE_CURVE('',#4044,#4431,#5368,.T.);
#3455=EDGE_CURVE('',#4431,#4098,#5369,.T.);
#3456=EDGE_CURVE('',#4182,#4432,#5370,.T.);
#3457=EDGE_CURVE('',#4183,#4433,#5371,.T.);
#3458=EDGE_CURVE('',#4432,#4433,#5372,.T.);
#3459=EDGE_CURVE('',#4434,#4049,#5373,.T.);
#3460=EDGE_CURVE('',#4434,#4099,#5374,.T.);
#3461=EDGE_CURVE('',#4435,#4436,#5375,.T.);
#3462=EDGE_CURVE('',#4436,#4437,#199,.F.);
#3463=EDGE_CURVE('',#4437,#4438,#5376,.T.);
#3464=EDGE_CURVE('',#4438,#4439,#200,.T.);
#3465=EDGE_CURVE('',#4439,#4440,#5377,.T.);
#3466=EDGE_CURVE('',#4430,#4440,#201,.T.);
#3467=EDGE_CURVE('',#4434,#4431,#202,.T.);
#3468=EDGE_CURVE('',#4441,#4432,#203,.T.);
#3469=EDGE_CURVE('',#4441,#4442,#5378,.T.);
#3470=EDGE_CURVE('',#4442,#3992,#204,.T.);
#3471=EDGE_CURVE('',#3990,#4443,#205,.F.);
#3472=EDGE_CURVE('',#4443,#4444,#5379,.T.);
#3473=EDGE_CURVE('',#4444,#4435,#206,.F.);
#3474=EDGE_CURVE('',#4445,#4446,#207,.F.);
#3475=EDGE_CURVE('',#4447,#4445,#5380,.T.);
#3476=EDGE_CURVE('',#4448,#4447,#208,.F.);
#3477=EDGE_CURVE('',#4449,#4448,#5381,.T.);
#3478=EDGE_CURVE('',#3991,#4449,#209,.F.);
#3479=EDGE_CURVE('',#4450,#3993,#210,.T.);
#3480=EDGE_CURVE('',#4451,#4450,#5382,.T.);
#3481=EDGE_CURVE('',#4451,#4433,#211,.T.);
#3482=EDGE_CURVE('',#4428,#4452,#212,.T.);
#3483=EDGE_CURVE('',#4453,#4452,#5383,.T.);
#3484=EDGE_CURVE('',#4454,#4453,#213,.T.);
#3485=EDGE_CURVE('',#4446,#4454,#5384,.T.);
#3486=EDGE_CURVE('',#4455,#4456,#5385,.T.);
#3487=EDGE_CURVE('',#4457,#4455,#5386,.T.);
#3488=EDGE_CURVE('',#4457,#4458,#5387,.T.);
#3489=EDGE_CURVE('',#4458,#4456,#5388,.T.);
#3490=EDGE_CURVE('',#4456,#4459,#214,.T.);
#3491=EDGE_CURVE('',#4445,#4459,#5389,.T.);
#3492=EDGE_CURVE('',#4437,#4446,#5390,.T.);
#3493=EDGE_CURVE('',#4460,#4436,#5391,.T.);
#3494=EDGE_CURVE('',#4455,#4460,#215,.T.);
#3495=EDGE_CURVE('',#4438,#4454,#5392,.T.);
#3496=EDGE_CURVE('',#4439,#4453,#5393,.T.);
#3497=EDGE_CURVE('',#4440,#4452,#5394,.T.);
#3498=EDGE_CURVE('',#4441,#4451,#5395,.T.);
#3499=EDGE_CURVE('',#4442,#4450,#5396,.T.);
#3500=EDGE_CURVE('',#4461,#4181,#5397,.T.);
#3501=EDGE_CURVE('',#4462,#4090,#5398,.T.);
#3502=EDGE_CURVE('',#4463,#4462,#5399,.T.);
#3503=EDGE_CURVE('',#4463,#4461,#5400,.T.);
#3504=EDGE_CURVE('',#4462,#4025,#216,.T.);
#3505=EDGE_CURVE('',#4030,#4464,#5401,.T.);
#3506=EDGE_CURVE('',#4464,#4093,#5402,.T.);
#3507=EDGE_CURVE('',#4179,#4465,#5403,.T.);
#3508=EDGE_CURVE('',#4180,#4466,#5404,.T.);
#3509=EDGE_CURVE('',#4465,#4466,#5405,.T.);
#3510=EDGE_CURVE('',#4467,#4035,#5406,.T.);
#3511=EDGE_CURVE('',#4467,#4094,#5407,.T.);
#3512=EDGE_CURVE('',#4468,#4469,#5408,.T.);
#3513=EDGE_CURVE('',#4469,#4470,#217,.F.);
#3514=EDGE_CURVE('',#4470,#4471,#5409,.T.);
#3515=EDGE_CURVE('',#4471,#4472,#218,.T.);
#3516=EDGE_CURVE('',#4472,#4473,#5410,.T.);
#3517=EDGE_CURVE('',#4463,#4473,#219,.T.);
#3518=EDGE_CURVE('',#4467,#4464,#220,.T.);
#3519=EDGE_CURVE('',#4474,#4465,#221,.T.);
#3520=EDGE_CURVE('',#4474,#4475,#5411,.T.);
#3521=EDGE_CURVE('',#4475,#3996,#222,.T.);
#3522=EDGE_CURVE('',#3994,#4476,#223,.F.);
#3523=EDGE_CURVE('',#4476,#4477,#5412,.T.);
#3524=EDGE_CURVE('',#4477,#4468,#224,.F.);
#3525=EDGE_CURVE('',#4478,#4479,#225,.F.);
#3526=EDGE_CURVE('',#4480,#4478,#5413,.T.);
#3527=EDGE_CURVE('',#4481,#4480,#226,.F.);
#3528=EDGE_CURVE('',#4482,#4481,#5414,.T.);
#3529=EDGE_CURVE('',#3995,#4482,#227,.F.);
#3530=EDGE_CURVE('',#4483,#3997,#228,.T.);
#3531=EDGE_CURVE('',#4484,#4483,#5415,.T.);
#3532=EDGE_CURVE('',#4484,#4466,#229,.T.);
#3533=EDGE_CURVE('',#4461,#4485,#230,.T.);
#3534=EDGE_CURVE('',#4486,#4485,#5416,.T.);
#3535=EDGE_CURVE('',#4487,#4486,#231,.T.);
#3536=EDGE_CURVE('',#4479,#4487,#5417,.T.);
#3537=EDGE_CURVE('',#4488,#4489,#5418,.T.);
#3538=EDGE_CURVE('',#4490,#4488,#5419,.T.);
#3539=EDGE_CURVE('',#4490,#4491,#5420,.T.);
#3540=EDGE_CURVE('',#4491,#4489,#5421,.T.);
#3541=EDGE_CURVE('',#4489,#4492,#232,.T.);
#3542=EDGE_CURVE('',#4478,#4492,#5422,.T.);
#3543=EDGE_CURVE('',#4470,#4479,#5423,.T.);
#3544=EDGE_CURVE('',#4493,#4469,#5424,.T.);
#3545=EDGE_CURVE('',#4488,#4493,#233,.T.);
#3546=EDGE_CURVE('',#4471,#4487,#5425,.T.);
#3547=EDGE_CURVE('',#4472,#4486,#5426,.T.);
#3548=EDGE_CURVE('',#4473,#4485,#5427,.T.);
#3549=EDGE_CURVE('',#4474,#4484,#5428,.T.);
#3550=EDGE_CURVE('',#4475,#4483,#5429,.T.);
#3551=EDGE_CURVE('',#4494,#4178,#5430,.T.);
#3552=EDGE_CURVE('',#4495,#4085,#5431,.T.);
#3553=EDGE_CURVE('',#4496,#4495,#5432,.T.);
#3554=EDGE_CURVE('',#4496,#4494,#5433,.T.);
#3555=EDGE_CURVE('',#4495,#4011,#234,.T.);
#3556=EDGE_CURVE('',#4016,#4497,#5434,.T.);
#3557=EDGE_CURVE('',#4497,#4088,#5435,.T.);
#3558=EDGE_CURVE('',#4176,#4498,#5436,.T.);
#3559=EDGE_CURVE('',#4177,#4499,#5437,.T.);
#3560=EDGE_CURVE('',#4498,#4499,#5438,.T.);
#3561=EDGE_CURVE('',#4500,#4021,#5439,.T.);
#3562=EDGE_CURVE('',#4500,#4089,#5440,.T.);
#3563=EDGE_CURVE('',#4501,#4502,#5441,.T.);
#3564=EDGE_CURVE('',#4502,#4503,#235,.F.);
#3565=EDGE_CURVE('',#4503,#4504,#5442,.T.);
#3566=EDGE_CURVE('',#4504,#4505,#236,.T.);
#3567=EDGE_CURVE('',#4505,#4506,#5443,.T.);
#3568=EDGE_CURVE('',#4496,#4506,#237,.T.);
#3569=EDGE_CURVE('',#4500,#4497,#238,.T.);
#3570=EDGE_CURVE('',#4507,#4498,#239,.T.);
#3571=EDGE_CURVE('',#4507,#4508,#5444,.T.);
#3572=EDGE_CURVE('',#4508,#4000,#240,.T.);
#3573=EDGE_CURVE('',#3998,#4509,#241,.F.);
#3574=EDGE_CURVE('',#4509,#4510,#5445,.T.);
#3575=EDGE_CURVE('',#4510,#4501,#242,.F.);
#3576=EDGE_CURVE('',#4511,#4512,#243,.F.);
#3577=EDGE_CURVE('',#4513,#4511,#5446,.T.);
#3578=EDGE_CURVE('',#4514,#4513,#244,.F.);
#3579=EDGE_CURVE('',#4515,#4514,#5447,.T.);
#3580=EDGE_CURVE('',#3999,#4515,#245,.F.);
#3581=EDGE_CURVE('',#4516,#4001,#246,.T.);
#3582=EDGE_CURVE('',#4517,#4516,#5448,.T.);
#3583=EDGE_CURVE('',#4517,#4499,#247,.T.);
#3584=EDGE_CURVE('',#4494,#4518,#248,.T.);
#3585=EDGE_CURVE('',#4519,#4518,#5449,.T.);
#3586=EDGE_CURVE('',#4520,#4519,#249,.T.);
#3587=EDGE_CURVE('',#4512,#4520,#5450,.T.);
#3588=EDGE_CURVE('',#4521,#4522,#5451,.T.);
#3589=EDGE_CURVE('',#4523,#4521,#5452,.T.);
#3590=EDGE_CURVE('',#4523,#4524,#5453,.T.);
#3591=EDGE_CURVE('',#4524,#4522,#5454,.T.);
#3592=EDGE_CURVE('',#4522,#4525,#250,.T.);
#3593=EDGE_CURVE('',#4511,#4525,#5455,.T.);
#3594=EDGE_CURVE('',#4503,#4512,#5456,.T.);
#3595=EDGE_CURVE('',#4526,#4502,#5457,.T.);
#3596=EDGE_CURVE('',#4521,#4526,#251,.T.);
#3597=EDGE_CURVE('',#4504,#4520,#5458,.T.);
#3598=EDGE_CURVE('',#4505,#4519,#5459,.T.);
#3599=EDGE_CURVE('',#4506,#4518,#5460,.T.);
#3600=EDGE_CURVE('',#4507,#4517,#5461,.T.);
#3601=EDGE_CURVE('',#4508,#4516,#5462,.T.);
#3602=EDGE_CURVE('',#4527,#4190,#5463,.T.);
#3603=EDGE_CURVE('',#4528,#4080,#5464,.T.);
#3604=EDGE_CURVE('',#4529,#4528,#5465,.T.);
#3605=EDGE_CURVE('',#4529,#4527,#5466,.T.);
#3606=EDGE_CURVE('',#4528,#4067,#252,.T.);
#3607=EDGE_CURVE('',#4072,#4530,#5467,.T.);
#3608=EDGE_CURVE('',#4530,#4083,#5468,.T.);
#3609=EDGE_CURVE('',#4188,#4531,#5469,.T.);
#3610=EDGE_CURVE('',#4189,#4532,#5470,.T.);
#3611=EDGE_CURVE('',#4531,#4532,#5471,.T.);
#3612=EDGE_CURVE('',#4533,#4077,#5472,.T.);
#3613=EDGE_CURVE('',#4533,#4084,#5473,.T.);
#3614=EDGE_CURVE('',#4534,#4535,#5474,.T.);
#3615=EDGE_CURVE('',#4535,#4536,#253,.F.);
#3616=EDGE_CURVE('',#4536,#4537,#5475,.T.);
#3617=EDGE_CURVE('',#4537,#4538,#254,.T.);
#3618=EDGE_CURVE('',#4538,#4539,#5476,.T.);
#3619=EDGE_CURVE('',#4529,#4539,#255,.T.);
#3620=EDGE_CURVE('',#4533,#4530,#256,.T.);
#3621=EDGE_CURVE('',#4540,#4531,#257,.T.);
#3622=EDGE_CURVE('',#4540,#4541,#5477,.T.);
#3623=EDGE_CURVE('',#4541,#4004,#258,.T.);
#3624=EDGE_CURVE('',#4002,#4542,#259,.F.);
#3625=EDGE_CURVE('',#4542,#4543,#5478,.T.);
#3626=EDGE_CURVE('',#4543,#4534,#260,.F.);
#3627=EDGE_CURVE('',#4544,#4545,#261,.F.);
#3628=EDGE_CURVE('',#4546,#4544,#5479,.T.);
#3629=EDGE_CURVE('',#4547,#4546,#262,.F.);
#3630=EDGE_CURVE('',#4548,#4547,#5480,.T.);
#3631=EDGE_CURVE('',#4003,#4548,#263,.F.);
#3632=EDGE_CURVE('',#4549,#4005,#264,.T.);
#3633=EDGE_CURVE('',#4550,#4549,#5481,.T.);
#3634=EDGE_CURVE('',#4550,#4532,#265,.T.);
#3635=EDGE_CURVE('',#4527,#4551,#266,.T.);
#3636=EDGE_CURVE('',#4552,#4551,#5482,.T.);
#3637=EDGE_CURVE('',#4553,#4552,#267,.T.);
#3638=EDGE_CURVE('',#4545,#4553,#5483,.T.);
#3639=EDGE_CURVE('',#4554,#4555,#5484,.T.);
#3640=EDGE_CURVE('',#4556,#4554,#5485,.T.);
#3641=EDGE_CURVE('',#4556,#4557,#5486,.T.);
#3642=EDGE_CURVE('',#4557,#4555,#5487,.T.);
#3643=EDGE_CURVE('',#4555,#4558,#268,.T.);
#3644=EDGE_CURVE('',#4544,#4558,#5488,.T.);
#3645=EDGE_CURVE('',#4536,#4545,#5489,.T.);
#3646=EDGE_CURVE('',#4559,#4535,#5490,.T.);
#3647=EDGE_CURVE('',#4554,#4559,#269,.T.);
#3648=EDGE_CURVE('',#4537,#4553,#5491,.T.);
#3649=EDGE_CURVE('',#4538,#4552,#5492,.T.);
#3650=EDGE_CURVE('',#4539,#4551,#5493,.T.);
#3651=EDGE_CURVE('',#4540,#4550,#5494,.T.);
#3652=EDGE_CURVE('',#4541,#4549,#5495,.T.);
#3653=EDGE_CURVE('',#4360,#4560,#5496,.T.);
#3654=EDGE_CURVE('',#4373,#4560,#5497,.T.);
#3655=EDGE_CURVE('',#4361,#4561,#5498,.T.);
#3656=EDGE_CURVE('',#4560,#4561,#270,.T.);
#3657=EDGE_CURVE('',#4362,#4562,#5499,.T.);
#3658=EDGE_CURVE('',#4561,#4562,#5500,.T.);
#3659=EDGE_CURVE('',#4563,#4347,#5501,.T.);
#3660=EDGE_CURVE('',#4374,#4563,#5502,.T.);
#3661=EDGE_CURVE('',#4564,#4357,#5503,.T.);
#3662=EDGE_CURVE('',#4563,#4564,#271,.T.);
#3663=EDGE_CURVE('',#4565,#4356,#5504,.T.);
#3664=EDGE_CURVE('',#4564,#4565,#5505,.T.);
#3665=EDGE_CURVE('',#4566,#4567,#5506,.F.);
#3666=EDGE_CURVE('',#4567,#4568,#13,.T.);
#3667=EDGE_CURVE('',#4569,#4568,#5507,.T.);
#3668=EDGE_CURVE('',#4565,#4569,#272,.T.);
#3669=EDGE_CURVE('',#4562,#4570,#273,.T.);
#3670=EDGE_CURVE('',#4571,#4570,#5508,.T.);
#3671=EDGE_CURVE('',#4571,#4566,#14,.T.);
#3672=EDGE_CURVE('',#4568,#4572,#5509,.T.);
#3673=EDGE_CURVE('',#4573,#4572,#5510,.T.);
#3674=EDGE_CURVE('',#4573,#4571,#5511,.T.);
#3675=EDGE_CURVE('',#4570,#4574,#5512,.T.);
#3676=EDGE_CURVE('',#4575,#4574,#5513,.T.);
#3677=EDGE_CURVE('',#4569,#4575,#5514,.T.);
#3678=EDGE_CURVE('',#4574,#4372,#274,.T.);
#3679=EDGE_CURVE('',#4575,#4371,#275,.T.);
#3680=EDGE_CURVE('',#4546,#4576,#5515,.T.);
#3681=EDGE_CURVE('',#4558,#4576,#5516,.T.);
#3682=EDGE_CURVE('',#4547,#4577,#5517,.T.);
#3683=EDGE_CURVE('',#4576,#4577,#276,.T.);
#3684=EDGE_CURVE('',#4548,#4578,#5518,.T.);
#3685=EDGE_CURVE('',#4577,#4578,#5519,.T.);
#3686=EDGE_CURVE('',#4579,#4534,#5520,.T.);
#3687=EDGE_CURVE('',#4559,#4579,#5521,.T.);
#3688=EDGE_CURVE('',#4580,#4543,#5522,.T.);
#3689=EDGE_CURVE('',#4579,#4580,#277,.T.);
#3690=EDGE_CURVE('',#4581,#4542,#5523,.T.);
#3691=EDGE_CURVE('',#4580,#4581,#5524,.T.);
#3692=EDGE_CURVE('',#4582,#4583,#5525,.F.);
#3693=EDGE_CURVE('',#4583,#4584,#15,.T.);
#3694=EDGE_CURVE('',#4585,#4584,#5526,.T.);
#3695=EDGE_CURVE('',#4581,#4585,#278,.T.);
#3696=EDGE_CURVE('',#4578,#4586,#279,.T.);
#3697=EDGE_CURVE('',#4587,#4586,#5527,.T.);
#3698=EDGE_CURVE('',#4587,#4582,#16,.T.);
#3699=EDGE_CURVE('',#4584,#4588,#5528,.T.);
#3700=EDGE_CURVE('',#4589,#4588,#5529,.T.);
#3701=EDGE_CURVE('',#4589,#4587,#5530,.T.);
#3702=EDGE_CURVE('',#4586,#4590,#5531,.T.);
#3703=EDGE_CURVE('',#4591,#4590,#5532,.T.);
#3704=EDGE_CURVE('',#4585,#4591,#5533,.T.);
#3705=EDGE_CURVE('',#4590,#4557,#280,.T.);
#3706=EDGE_CURVE('',#4591,#4556,#281,.T.);
#3707=EDGE_CURVE('',#4513,#4592,#5534,.T.);
#3708=EDGE_CURVE('',#4525,#4592,#5535,.T.);
#3709=EDGE_CURVE('',#4514,#4593,#5536,.T.);
#3710=EDGE_CURVE('',#4592,#4593,#282,.T.);
#3711=EDGE_CURVE('',#4515,#4594,#5537,.T.);
#3712=EDGE_CURVE('',#4593,#4594,#5538,.T.);
#3713=EDGE_CURVE('',#4595,#4501,#5539,.T.);
#3714=EDGE_CURVE('',#4526,#4595,#5540,.T.);
#3715=EDGE_CURVE('',#4596,#4510,#5541,.T.);
#3716=EDGE_CURVE('',#4595,#4596,#283,.T.);
#3717=EDGE_CURVE('',#4597,#4509,#5542,.T.);
#3718=EDGE_CURVE('',#4596,#4597,#5543,.T.);
#3719=EDGE_CURVE('',#4598,#4599,#5544,.F.);
#3720=EDGE_CURVE('',#4599,#4600,#17,.T.);
#3721=EDGE_CURVE('',#4601,#4600,#5545,.T.);
#3722=EDGE_CURVE('',#4597,#4601,#284,.T.);
#3723=EDGE_CURVE('',#4594,#4602,#285,.T.);
#3724=EDGE_CURVE('',#4603,#4602,#5546,.T.);
#3725=EDGE_CURVE('',#4603,#4598,#18,.T.);
#3726=EDGE_CURVE('',#4600,#4604,#5547,.T.);
#3727=EDGE_CURVE('',#4605,#4604,#5548,.T.);
#3728=EDGE_CURVE('',#4605,#4603,#5549,.T.);
#3729=EDGE_CURVE('',#4602,#4606,#5550,.T.);
#3730=EDGE_CURVE('',#4607,#4606,#5551,.T.);
#3731=EDGE_CURVE('',#4601,#4607,#5552,.T.);
#3732=EDGE_CURVE('',#4606,#4524,#286,.T.);
#3733=EDGE_CURVE('',#4607,#4523,#287,.T.);
#3734=EDGE_CURVE('',#4480,#4608,#5553,.T.);
#3735=EDGE_CURVE('',#4492,#4608,#5554,.T.);
#3736=EDGE_CURVE('',#4481,#4609,#5555,.T.);
#3737=EDGE_CURVE('',#4608,#4609,#288,.T.);
#3738=EDGE_CURVE('',#4482,#4610,#5556,.T.);
#3739=EDGE_CURVE('',#4609,#4610,#5557,.T.);
#3740=EDGE_CURVE('',#4611,#4468,#5558,.T.);
#3741=EDGE_CURVE('',#4493,#4611,#5559,.T.);
#3742=EDGE_CURVE('',#4612,#4477,#5560,.T.);
#3743=EDGE_CURVE('',#4611,#4612,#289,.T.);
#3744=EDGE_CURVE('',#4613,#4476,#5561,.T.);
#3745=EDGE_CURVE('',#4612,#4613,#5562,.T.);
#3746=EDGE_CURVE('',#4614,#4615,#5563,.F.);
#3747=EDGE_CURVE('',#4615,#4616,#19,.T.);
#3748=EDGE_CURVE('',#4617,#4616,#5564,.T.);
#3749=EDGE_CURVE('',#4613,#4617,#290,.T.);
#3750=EDGE_CURVE('',#4610,#4618,#291,.T.);
#3751=EDGE_CURVE('',#4619,#4618,#5565,.T.);
#3752=EDGE_CURVE('',#4619,#4614,#20,.T.);
#3753=EDGE_CURVE('',#4616,#4620,#5566,.T.);
#3754=EDGE_CURVE('',#4621,#4620,#5567,.T.);
#3755=EDGE_CURVE('',#4621,#4619,#5568,.T.);
#3756=EDGE_CURVE('',#4618,#4622,#5569,.T.);
#3757=EDGE_CURVE('',#4623,#4622,#5570,.T.);
#3758=EDGE_CURVE('',#4617,#4623,#5571,.T.);
#3759=EDGE_CURVE('',#4622,#4491,#292,.T.);
#3760=EDGE_CURVE('',#4623,#4490,#293,.T.);
#3761=EDGE_CURVE('',#4447,#4624,#5572,.T.);
#3762=EDGE_CURVE('',#4459,#4624,#5573,.T.);
#3763=EDGE_CURVE('',#4448,#4625,#5574,.T.);
#3764=EDGE_CURVE('',#4624,#4625,#294,.T.);
#3765=EDGE_CURVE('',#4449,#4626,#5575,.T.);
#3766=EDGE_CURVE('',#4625,#4626,#5576,.T.);
#3767=EDGE_CURVE('',#4627,#4435,#5577,.T.);
#3768=EDGE_CURVE('',#4460,#4627,#5578,.T.);
#3769=EDGE_CURVE('',#4628,#4444,#5579,.T.);
#3770=EDGE_CURVE('',#4627,#4628,#295,.T.);
#3771=EDGE_CURVE('',#4629,#4443,#5580,.T.);
#3772=EDGE_CURVE('',#4628,#4629,#5581,.T.);
#3773=EDGE_CURVE('',#4630,#4631,#5582,.F.);
#3774=EDGE_CURVE('',#4631,#4632,#21,.T.);
#3775=EDGE_CURVE('',#4633,#4632,#5583,.T.);
#3776=EDGE_CURVE('',#4629,#4633,#296,.T.);
#3777=EDGE_CURVE('',#4626,#4634,#297,.T.);
#3778=EDGE_CURVE('',#4635,#4634,#5584,.T.);
#3779=EDGE_CURVE('',#4635,#4630,#22,.T.);
#3780=EDGE_CURVE('',#4632,#4636,#5585,.T.);
#3781=EDGE_CURVE('',#4637,#4636,#5586,.T.);
#3782=EDGE_CURVE('',#4637,#4635,#5587,.T.);
#3783=EDGE_CURVE('',#4634,#4638,#5588,.T.);
#3784=EDGE_CURVE('',#4639,#4638,#5589,.T.);
#3785=EDGE_CURVE('',#4633,#4639,#5590,.T.);
#3786=EDGE_CURVE('',#4638,#4458,#298,.T.);
#3787=EDGE_CURVE('',#4639,#4457,#299,.T.);
#3788=EDGE_CURVE('',#4414,#4640,#5591,.T.);
#3789=EDGE_CURVE('',#4426,#4640,#5592,.T.);
#3790=EDGE_CURVE('',#4415,#4641,#5593,.T.);
#3791=EDGE_CURVE('',#4640,#4641,#300,.T.);
#3792=EDGE_CURVE('',#4416,#4642,#5594,.T.);
#3793=EDGE_CURVE('',#4641,#4642,#5595,.T.);
#3794=EDGE_CURVE('',#4643,#4402,#5596,.T.);
#3795=EDGE_CURVE('',#4427,#4643,#5597,.T.);
#3796=EDGE_CURVE('',#4644,#4411,#5598,.T.);
#3797=EDGE_CURVE('',#4643,#4644,#301,.T.);
#3798=EDGE_CURVE('',#4645,#4410,#5599,.T.);
#3799=EDGE_CURVE('',#4644,#4645,#5600,.T.);
#3800=EDGE_CURVE('',#4646,#4647,#5601,.F.);
#3801=EDGE_CURVE('',#4647,#4648,#23,.T.);
#3802=EDGE_CURVE('',#4649,#4648,#5602,.T.);
#3803=EDGE_CURVE('',#4645,#4649,#302,.T.);
#3804=EDGE_CURVE('',#4642,#4650,#303,.T.);
#3805=EDGE_CURVE('',#4651,#4650,#5603,.T.);
#3806=EDGE_CURVE('',#4651,#4646,#24,.T.);
#3807=EDGE_CURVE('',#4648,#4652,#5604,.T.);
#3808=EDGE_CURVE('',#4653,#4652,#5605,.T.);
#3809=EDGE_CURVE('',#4653,#4651,#5606,.T.);
#3810=EDGE_CURVE('',#4650,#4654,#5607,.T.);
#3811=EDGE_CURVE('',#4655,#4654,#5608,.T.);
#3812=EDGE_CURVE('',#4649,#4655,#5609,.T.);
#3813=EDGE_CURVE('',#4654,#4425,#304,.T.);
#3814=EDGE_CURVE('',#4655,#4424,#305,.T.);
#3815=EDGE_CURVE('',#4656,#4566,#5610,.T.);
#3816=EDGE_CURVE('',#4657,#4656,#5611,.T.);
#3817=EDGE_CURVE('',#4658,#4657,#5612,.T.);
#3818=EDGE_CURVE('',#4659,#4658,#5613,.T.);
#3819=EDGE_CURVE('',#4567,#4659,#5614,.T.);
#3820=EDGE_CURVE('',#4660,#4659,#5615,.T.);
#3821=EDGE_CURVE('',#4572,#4660,#5616,.T.);
#3822=EDGE_CURVE('',#4661,#4573,#5617,.T.);
#3823=EDGE_CURVE('',#4661,#4656,#5618,.T.);
#3824=EDGE_CURVE('',#4660,#4662,#5619,.T.);
#3825=EDGE_CURVE('',#4662,#4663,#5620,.T.);
#3826=EDGE_CURVE('',#4663,#4661,#5621,.T.);
#3827=EDGE_CURVE('',#4662,#4658,#5622,.T.);
#3828=EDGE_CURVE('',#4663,#4657,#5623,.T.);
#3829=EDGE_CURVE('',#4664,#4646,#5624,.T.);
#3830=EDGE_CURVE('',#4665,#4664,#5625,.T.);
#3831=EDGE_CURVE('',#4666,#4665,#5626,.T.);
#3832=EDGE_CURVE('',#4667,#4666,#5627,.T.);
#3833=EDGE_CURVE('',#4647,#4667,#5628,.T.);
#3834=EDGE_CURVE('',#4668,#4667,#5629,.T.);
#3835=EDGE_CURVE('',#4652,#4668,#5630,.T.);
#3836=EDGE_CURVE('',#4669,#4653,#5631,.T.);
#3837=EDGE_CURVE('',#4669,#4664,#5632,.T.);
#3838=EDGE_CURVE('',#4668,#4670,#5633,.T.);
#3839=EDGE_CURVE('',#4670,#4671,#5634,.T.);
#3840=EDGE_CURVE('',#4671,#4669,#5635,.T.);
#3841=EDGE_CURVE('',#4670,#4666,#5636,.T.);
#3842=EDGE_CURVE('',#4671,#4665,#5637,.T.);
#3843=EDGE_CURVE('',#4672,#4630,#5638,.T.);
#3844=EDGE_CURVE('',#4673,#4672,#5639,.T.);
#3845=EDGE_CURVE('',#4674,#4673,#5640,.T.);
#3846=EDGE_CURVE('',#4675,#4674,#5641,.T.);
#3847=EDGE_CURVE('',#4631,#4675,#5642,.T.);
#3848=EDGE_CURVE('',#4676,#4675,#5643,.T.);
#3849=EDGE_CURVE('',#4636,#4676,#5644,.T.);
#3850=EDGE_CURVE('',#4677,#4637,#5645,.T.);
#3851=EDGE_CURVE('',#4677,#4672,#5646,.T.);
#3852=EDGE_CURVE('',#4676,#4678,#5647,.T.);
#3853=EDGE_CURVE('',#4678,#4679,#5648,.T.);
#3854=EDGE_CURVE('',#4679,#4677,#5649,.T.);
#3855=EDGE_CURVE('',#4678,#4674,#5650,.T.);
#3856=EDGE_CURVE('',#4679,#4673,#5651,.T.);
#3857=EDGE_CURVE('',#4680,#4614,#5652,.T.);
#3858=EDGE_CURVE('',#4681,#4680,#5653,.T.);
#3859=EDGE_CURVE('',#4682,#4681,#5654,.T.);
#3860=EDGE_CURVE('',#4683,#4682,#5655,.T.);
#3861=EDGE_CURVE('',#4615,#4683,#5656,.T.);
#3862=EDGE_CURVE('',#4684,#4683,#5657,.T.);
#3863=EDGE_CURVE('',#4620,#4684,#5658,.T.);
#3864=EDGE_CURVE('',#4685,#4621,#5659,.T.);
#3865=EDGE_CURVE('',#4685,#4680,#5660,.T.);
#3866=EDGE_CURVE('',#4684,#4686,#5661,.T.);
#3867=EDGE_CURVE('',#4686,#4687,#5662,.T.);
#3868=EDGE_CURVE('',#4687,#4685,#5663,.T.);
#3869=EDGE_CURVE('',#4686,#4682,#5664,.T.);
#3870=EDGE_CURVE('',#4687,#4681,#5665,.T.);
#3871=EDGE_CURVE('',#4688,#4598,#5666,.T.);
#3872=EDGE_CURVE('',#4689,#4688,#5667,.T.);
#3873=EDGE_CURVE('',#4690,#4689,#5668,.T.);
#3874=EDGE_CURVE('',#4691,#4690,#5669,.T.);
#3875=EDGE_CURVE('',#4599,#4691,#5670,.T.);
#3876=EDGE_CURVE('',#4692,#4691,#5671,.T.);
#3877=EDGE_CURVE('',#4604,#4692,#5672,.T.);
#3878=EDGE_CURVE('',#4693,#4605,#5673,.T.);
#3879=EDGE_CURVE('',#4693,#4688,#5674,.T.);
#3880=EDGE_CURVE('',#4692,#4694,#5675,.T.);
#3881=EDGE_CURVE('',#4694,#4695,#5676,.T.);
#3882=EDGE_CURVE('',#4695,#4693,#5677,.T.);
#3883=EDGE_CURVE('',#4694,#4690,#5678,.T.);
#3884=EDGE_CURVE('',#4695,#4689,#5679,.T.);
#3885=EDGE_CURVE('',#4696,#4582,#5680,.T.);
#3886=EDGE_CURVE('',#4697,#4696,#5681,.T.);
#3887=EDGE_CURVE('',#4698,#4697,#5682,.T.);
#3888=EDGE_CURVE('',#4699,#4698,#5683,.T.);
#3889=EDGE_CURVE('',#4583,#4699,#5684,.T.);
#3890=EDGE_CURVE('',#4700,#4699,#5685,.T.);
#3891=EDGE_CURVE('',#4588,#4700,#5686,.T.);
#3892=EDGE_CURVE('',#4701,#4589,#5687,.T.);
#3893=EDGE_CURVE('',#4701,#4696,#5688,.T.);
#3894=EDGE_CURVE('',#4700,#4702,#5689,.T.);
#3895=EDGE_CURVE('',#4702,#4703,#5690,.T.);
#3896=EDGE_CURVE('',#4703,#4701,#5691,.T.);
#3897=EDGE_CURVE('',#4702,#4698,#5692,.T.);
#3898=EDGE_CURVE('',#4703,#4697,#5693,.T.);
#3899=EDGE_CURVE('',#4704,#4705,#5694,.T.);
#3900=EDGE_CURVE('',#4705,#4706,#5695,.T.);
#3901=EDGE_CURVE('',#4707,#4706,#5696,.T.);
#3902=EDGE_CURVE('',#4707,#4704,#5697,.T.);
#3903=EDGE_CURVE('',#4704,#4708,#306,.T.);
#3904=EDGE_CURVE('',#4707,#4709,#307,.T.);
#3905=EDGE_CURVE('',#4709,#4708,#5698,.T.);
#3906=EDGE_CURVE('',#4710,#4709,#5699,.T.);
#3907=EDGE_CURVE('',#4710,#4711,#5700,.T.);
#3908=EDGE_CURVE('',#4711,#4708,#5701,.T.);
#3909=EDGE_CURVE('',#4712,#4706,#5702,.T.);
#3910=EDGE_CURVE('',#4710,#4712,#5703,.T.);
#3911=EDGE_CURVE('',#4711,#4713,#5704,.T.);
#3912=EDGE_CURVE('',#4713,#4705,#5705,.T.);
#3913=EDGE_CURVE('',#4713,#4712,#5706,.T.);
#3914=VERTEX_POINT('',#14588);
#3915=VERTEX_POINT('',#14589);
#3916=VERTEX_POINT('',#14591);
#3917=VERTEX_POINT('',#14593);
#3918=VERTEX_POINT('',#14595);
#3919=VERTEX_POINT('',#14597);
#3920=VERTEX_POINT('',#14599);
#3921=VERTEX_POINT('',#14601);
#3922=VERTEX_POINT('',#14605);
#3923=VERTEX_POINT('',#14606);
#3924=VERTEX_POINT('',#14608);
#3925=VERTEX_POINT('',#14610);
#3926=VERTEX_POINT('',#14612);
#3927=VERTEX_POINT('',#14614);
#3928=VERTEX_POINT('',#14616);
#3929=VERTEX_POINT('',#14618);
#3930=VERTEX_POINT('',#14622);
#3931=VERTEX_POINT('',#14623);
#3932=VERTEX_POINT('',#14625);
#3933=VERTEX_POINT('',#14627);
#3934=VERTEX_POINT('',#14629);
#3935=VERTEX_POINT('',#14631);
#3936=VERTEX_POINT('',#14633);
#3937=VERTEX_POINT('',#14635);
#3938=VERTEX_POINT('',#14639);
#3939=VERTEX_POINT('',#14640);
#3940=VERTEX_POINT('',#14642);
#3941=VERTEX_POINT('',#14644);
#3942=VERTEX_POINT('',#14646);
#3943=VERTEX_POINT('',#14648);
#3944=VERTEX_POINT('',#14650);
#3945=VERTEX_POINT('',#14652);
#3946=VERTEX_POINT('',#14656);
#3947=VERTEX_POINT('',#14657);
#3948=VERTEX_POINT('',#14659);
#3949=VERTEX_POINT('',#14661);
#3950=VERTEX_POINT('',#14663);
#3951=VERTEX_POINT('',#14665);
#3952=VERTEX_POINT('',#14667);
#3953=VERTEX_POINT('',#14669);
#3954=VERTEX_POINT('',#14673);
#3955=VERTEX_POINT('',#14674);
#3956=VERTEX_POINT('',#14676);
#3957=VERTEX_POINT('',#14678);
#3958=VERTEX_POINT('',#14680);
#3959=VERTEX_POINT('',#14682);
#3960=VERTEX_POINT('',#14684);
#3961=VERTEX_POINT('',#14686);
#3962=VERTEX_POINT('',#14690);
#3963=VERTEX_POINT('',#14691);
#3964=VERTEX_POINT('',#14697);
#3965=VERTEX_POINT('',#14699);
#3966=VERTEX_POINT('',#14703);
#3967=VERTEX_POINT('',#14704);
#3968=VERTEX_POINT('',#14710);
#3969=VERTEX_POINT('',#14712);
#3970=VERTEX_POINT('',#14716);
#3971=VERTEX_POINT('',#14717);
#3972=VERTEX_POINT('',#14723);
#3973=VERTEX_POINT('',#14725);
#3974=VERTEX_POINT('',#14729);
#3975=VERTEX_POINT('',#14730);
#3976=VERTEX_POINT('',#14736);
#3977=VERTEX_POINT('',#14738);
#3978=VERTEX_POINT('',#14742);
#3979=VERTEX_POINT('',#14743);
#3980=VERTEX_POINT('',#14749);
#3981=VERTEX_POINT('',#14751);
#3982=VERTEX_POINT('',#14755);
#3983=VERTEX_POINT('',#14756);
#3984=VERTEX_POINT('',#14762);
#3985=VERTEX_POINT('',#14764);
#3986=VERTEX_POINT('',#14768);
#3987=VERTEX_POINT('',#14769);
#3988=VERTEX_POINT('',#14771);
#3989=VERTEX_POINT('',#14773);
#3990=VERTEX_POINT('',#14777);
#3991=VERTEX_POINT('',#14778);
#3992=VERTEX_POINT('',#14780);
#3993=VERTEX_POINT('',#14782);
#3994=VERTEX_POINT('',#14786);
#3995=VERTEX_POINT('',#14787);
#3996=VERTEX_POINT('',#14789);
#3997=VERTEX_POINT('',#14791);
#3998=VERTEX_POINT('',#14795);
#3999=VERTEX_POINT('',#14796);
#4000=VERTEX_POINT('',#14798);
#4001=VERTEX_POINT('',#14800);
#4002=VERTEX_POINT('',#14804);
#4003=VERTEX_POINT('',#14805);
#4004=VERTEX_POINT('',#14807);
#4005=VERTEX_POINT('',#14809);
#4006=VERTEX_POINT('',#14813);
#4007=VERTEX_POINT('',#14814);
#4008=VERTEX_POINT('',#14816);
#4009=VERTEX_POINT('',#14818);
#4010=VERTEX_POINT('',#14822);
#4011=VERTEX_POINT('',#14823);
#4012=VERTEX_POINT('',#14825);
#4013=VERTEX_POINT('',#14827);
#4014=VERTEX_POINT('',#14829);
#4015=VERTEX_POINT('',#14831);
#4016=VERTEX_POINT('',#14835);
#4017=VERTEX_POINT('',#14836);
#4018=VERTEX_POINT('',#14839);
#4019=VERTEX_POINT('',#14841);
#4020=VERTEX_POINT('',#14845);
#4021=VERTEX_POINT('',#14846);
#4022=VERTEX_POINT('',#14849);
#4023=VERTEX_POINT('',#14851);
#4024=VERTEX_POINT('',#14855);
#4025=VERTEX_POINT('',#14856);
#4026=VERTEX_POINT('',#14858);
#4027=VERTEX_POINT('',#14860);
#4028=VERTEX_POINT('',#14862);
#4029=VERTEX_POINT('',#14864);
#4030=VERTEX_POINT('',#14868);
#4031=VERTEX_POINT('',#14869);
#4032=VERTEX_POINT('',#14872);
#4033=VERTEX_POINT('',#14874);
#4034=VERTEX_POINT('',#14878);
#4035=VERTEX_POINT('',#14879);
#4036=VERTEX_POINT('',#14882);
#4037=VERTEX_POINT('',#14884);
#4038=VERTEX_POINT('',#14888);
#4039=VERTEX_POINT('',#14889);
#4040=VERTEX_POINT('',#14891);
#4041=VERTEX_POINT('',#14893);
#4042=VERTEX_POINT('',#14895);
#4043=VERTEX_POINT('',#14897);
#4044=VERTEX_POINT('',#14901);
#4045=VERTEX_POINT('',#14902);
#4046=VERTEX_POINT('',#14905);
#4047=VERTEX_POINT('',#14907);
#4048=VERTEX_POINT('',#14911);
#4049=VERTEX_POINT('',#14912);
#4050=VERTEX_POINT('',#14915);
#4051=VERTEX_POINT('',#14917);
#4052=VERTEX_POINT('',#14921);
#4053=VERTEX_POINT('',#14922);
#4054=VERTEX_POINT('',#14924);
#4055=VERTEX_POINT('',#14926);
#4056=VERTEX_POINT('',#14928);
#4057=VERTEX_POINT('',#14930);
#4058=VERTEX_POINT('',#14934);
#4059=VERTEX_POINT('',#14935);
#4060=VERTEX_POINT('',#14938);
#4061=VERTEX_POINT('',#14940);
#4062=VERTEX_POINT('',#14944);
#4063=VERTEX_POINT('',#14945);
#4064=VERTEX_POINT('',#14948);
#4065=VERTEX_POINT('',#14950);
#4066=VERTEX_POINT('',#14954);
#4067=VERTEX_POINT('',#14955);
#4068=VERTEX_POINT('',#14957);
#4069=VERTEX_POINT('',#14959);
#4070=VERTEX_POINT('',#14961);
#4071=VERTEX_POINT('',#14963);
#4072=VERTEX_POINT('',#14967);
#4073=VERTEX_POINT('',#14968);
#4074=VERTEX_POINT('',#14971);
#4075=VERTEX_POINT('',#14973);
#4076=VERTEX_POINT('',#14977);
#4077=VERTEX_POINT('',#14978);
#4078=VERTEX_POINT('',#14981);
#4079=VERTEX_POINT('',#14983);
#4080=VERTEX_POINT('',#14987);
#4081=VERTEX_POINT('',#14989);
#4082=VERTEX_POINT('',#14991);
#4083=VERTEX_POINT('',#14995);
#4084=VERTEX_POINT('',#14996);
#4085=VERTEX_POINT('',#15001);
#4086=VERTEX_POINT('',#15003);
#4087=VERTEX_POINT('',#15005);
#4088=VERTEX_POINT('',#15009);
#4089=VERTEX_POINT('',#15010);
#4090=VERTEX_POINT('',#15015);
#4091=VERTEX_POINT('',#15017);
#4092=VERTEX_POINT('',#15019);
#4093=VERTEX_POINT('',#15023);
#4094=VERTEX_POINT('',#15024);
#4095=VERTEX_POINT('',#15029);
#4096=VERTEX_POINT('',#15031);
#4097=VERTEX_POINT('',#15033);
#4098=VERTEX_POINT('',#15037);
#4099=VERTEX_POINT('',#15038);
#4100=VERTEX_POINT('',#15043);
#4101=VERTEX_POINT('',#15045);
#4102=VERTEX_POINT('',#15047);
#4103=VERTEX_POINT('',#15051);
#4104=VERTEX_POINT('',#15052);
#4105=VERTEX_POINT('',#15057);
#4106=VERTEX_POINT('',#15058);
#4107=VERTEX_POINT('',#15060);
#4108=VERTEX_POINT('',#15062);
#4109=VERTEX_POINT('',#15066);
#4110=VERTEX_POINT('',#15068);
#4111=VERTEX_POINT('',#15070);
#4112=VERTEX_POINT('',#15074);
#4113=VERTEX_POINT('',#15075);
#4114=VERTEX_POINT('',#15078);
#4115=VERTEX_POINT('',#15082);
#4116=VERTEX_POINT('',#15083);
#4117=VERTEX_POINT('',#15085);
#4118=VERTEX_POINT('',#15087);
#4119=VERTEX_POINT('',#15091);
#4120=VERTEX_POINT('',#15093);
#4121=VERTEX_POINT('',#15097);
#4122=VERTEX_POINT('',#15099);
#4123=VERTEX_POINT('',#15103);
#4124=VERTEX_POINT('',#15104);
#4125=VERTEX_POINT('',#15106);
#4126=VERTEX_POINT('',#15108);
#4127=VERTEX_POINT('',#15112);
#4128=VERTEX_POINT('',#15114);
#4129=VERTEX_POINT('',#15118);
#4130=VERTEX_POINT('',#15120);
#4131=VERTEX_POINT('',#15124);
#4132=VERTEX_POINT('',#15125);
#4133=VERTEX_POINT('',#15127);
#4134=VERTEX_POINT('',#15129);
#4135=VERTEX_POINT('',#15133);
#4136=VERTEX_POINT('',#15135);
#4137=VERTEX_POINT('',#15139);
#4138=VERTEX_POINT('',#15141);
#4139=VERTEX_POINT('',#15145);
#4140=VERTEX_POINT('',#15146);
#4141=VERTEX_POINT('',#15148);
#4142=VERTEX_POINT('',#15150);
#4143=VERTEX_POINT('',#15154);
#4144=VERTEX_POINT('',#15156);
#4145=VERTEX_POINT('',#15160);
#4146=VERTEX_POINT('',#15162);
#4147=VERTEX_POINT('',#15166);
#4148=VERTEX_POINT('',#15167);
#4149=VERTEX_POINT('',#15169);
#4150=VERTEX_POINT('',#15171);
#4151=VERTEX_POINT('',#15175);
#4152=VERTEX_POINT('',#15177);
#4153=VERTEX_POINT('',#15181);
#4154=VERTEX_POINT('',#15183);
#4155=VERTEX_POINT('',#15187);
#4156=VERTEX_POINT('',#15188);
#4157=VERTEX_POINT('',#15190);
#4158=VERTEX_POINT('',#15192);
#4159=VERTEX_POINT('',#15196);
#4160=VERTEX_POINT('',#15198);
#4161=VERTEX_POINT('',#15202);
#4162=VERTEX_POINT('',#15204);
#4163=VERTEX_POINT('',#15220);
#4164=VERTEX_POINT('',#15221);
#4165=VERTEX_POINT('',#15223);
#4166=VERTEX_POINT('',#15225);
#4167=VERTEX_POINT('',#15227);
#4168=VERTEX_POINT('',#15229);
#4169=VERTEX_POINT('',#15231);
#4170=VERTEX_POINT('',#15233);
#4171=VERTEX_POINT('',#15251);
#4172=VERTEX_POINT('',#15255);
#4173=VERTEX_POINT('',#15259);
#4174=VERTEX_POINT('',#15263);
#4175=VERTEX_POINT('',#15267);
#4176=VERTEX_POINT('',#15271);
#4177=VERTEX_POINT('',#15272);
#4178=VERTEX_POINT('',#15276);
#4179=VERTEX_POINT('',#15279);
#4180=VERTEX_POINT('',#15280);
#4181=VERTEX_POINT('',#15284);
#4182=VERTEX_POINT('',#15287);
#4183=VERTEX_POINT('',#15288);
#4184=VERTEX_POINT('',#15292);
#4185=VERTEX_POINT('',#15295);
#4186=VERTEX_POINT('',#15296);
#4187=VERTEX_POINT('',#15300);
#4188=VERTEX_POINT('',#15303);
#4189=VERTEX_POINT('',#15304);
#4190=VERTEX_POINT('',#15308);
#4191=VERTEX_POINT('',#15311);
#4192=VERTEX_POINT('',#15312);
#4193=VERTEX_POINT('',#15314);
#4194=VERTEX_POINT('',#15316);
#4195=VERTEX_POINT('',#15318);
#4196=VERTEX_POINT('',#15320);
#4197=VERTEX_POINT('',#15322);
#4198=VERTEX_POINT('',#15324);
#4199=VERTEX_POINT('',#15327);
#4200=VERTEX_POINT('',#15328);
#4201=VERTEX_POINT('',#15333);
#4202=VERTEX_POINT('',#15335);
#4203=VERTEX_POINT('',#15339);
#4204=VERTEX_POINT('',#15341);
#4205=VERTEX_POINT('',#15345);
#4206=VERTEX_POINT('',#15346);
#4207=VERTEX_POINT('',#15348);
#4208=VERTEX_POINT('',#15350);
#4209=VERTEX_POINT('',#15353);
#4210=VERTEX_POINT('',#15354);
#4211=VERTEX_POINT('',#15356);
#4212=VERTEX_POINT('',#15358);
#4213=VERTEX_POINT('',#15361);
#4214=VERTEX_POINT('',#15362);
#4215=VERTEX_POINT('',#15364);
#4216=VERTEX_POINT('',#15366);
#4217=VERTEX_POINT('',#15369);
#4218=VERTEX_POINT('',#15370);
#4219=VERTEX_POINT('',#15372);
#4220=VERTEX_POINT('',#15374);
#4221=VERTEX_POINT('',#15377);
#4222=VERTEX_POINT('',#15378);
#4223=VERTEX_POINT('',#15380);
#4224=VERTEX_POINT('',#15382);
#4225=VERTEX_POINT('',#15385);
#4226=VERTEX_POINT('',#15386);
#4227=VERTEX_POINT('',#15388);
#4228=VERTEX_POINT('',#15390);
#4229=VERTEX_POINT('',#15393);
#4230=VERTEX_POINT('',#15394);
#4231=VERTEX_POINT('',#15396);
#4232=VERTEX_POINT('',#15398);
#4233=VERTEX_POINT('',#15401);
#4234=VERTEX_POINT('',#15402);
#4235=VERTEX_POINT('',#15404);
#4236=VERTEX_POINT('',#15406);
#4237=VERTEX_POINT('',#15409);
#4238=VERTEX_POINT('',#15410);
#4239=VERTEX_POINT('',#15412);
#4240=VERTEX_POINT('',#15414);
#4241=VERTEX_POINT('',#15417);
#4242=VERTEX_POINT('',#15418);
#4243=VERTEX_POINT('',#15420);
#4244=VERTEX_POINT('',#15422);
#4245=VERTEX_POINT('',#15425);
#4246=VERTEX_POINT('',#15426);
#4247=VERTEX_POINT('',#15428);
#4248=VERTEX_POINT('',#15430);
#4249=VERTEX_POINT('',#15433);
#4250=VERTEX_POINT('',#15434);
#4251=VERTEX_POINT('',#15436);
#4252=VERTEX_POINT('',#15438);
#4253=VERTEX_POINT('',#15441);
#4254=VERTEX_POINT('',#15443);
#4255=VERTEX_POINT('',#15447);
#4256=VERTEX_POINT('',#15449);
#4257=VERTEX_POINT('',#15459);
#4258=VERTEX_POINT('',#15461);
#4259=VERTEX_POINT('',#15463);
#4260=VERTEX_POINT('',#15465);
#4261=VERTEX_POINT('',#15467);
#4262=VERTEX_POINT('',#15470);
#4263=VERTEX_POINT('',#15473);
#4264=VERTEX_POINT('',#15474);
#4265=VERTEX_POINT('',#15476);
#4266=VERTEX_POINT('',#15478);
#4267=VERTEX_POINT('',#15480);
#4268=VERTEX_POINT('',#15484);
#4269=VERTEX_POINT('',#15486);
#4270=VERTEX_POINT('',#15488);
#4271=VERTEX_POINT('',#15490);
#4272=VERTEX_POINT('',#15492);
#4273=VERTEX_POINT('',#15495);
#4274=VERTEX_POINT('',#15499);
#4275=VERTEX_POINT('',#15503);
#4276=VERTEX_POINT('',#15507);
#4277=VERTEX_POINT('',#15511);
#4278=VERTEX_POINT('',#15520);
#4279=VERTEX_POINT('',#15522);
#4280=VERTEX_POINT('',#15526);
#4281=VERTEX_POINT('',#15530);
#4282=VERTEX_POINT('',#15537);
#4283=VERTEX_POINT('',#15539);
#4284=VERTEX_POINT('',#15543);
#4285=VERTEX_POINT('',#15547);
#4286=VERTEX_POINT('',#15554);
#4287=VERTEX_POINT('',#15556);
#4288=VERTEX_POINT('',#15560);
#4289=VERTEX_POINT('',#15564);
#4290=VERTEX_POINT('',#15571);
#4291=VERTEX_POINT('',#15573);
#4292=VERTEX_POINT('',#15577);
#4293=VERTEX_POINT('',#15581);
#4294=VERTEX_POINT('',#15588);
#4295=VERTEX_POINT('',#15590);
#4296=VERTEX_POINT('',#15594);
#4297=VERTEX_POINT('',#15598);
#4298=VERTEX_POINT('',#15605);
#4299=VERTEX_POINT('',#15607);
#4300=VERTEX_POINT('',#15611);
#4301=VERTEX_POINT('',#15615);
#4302=VERTEX_POINT('',#15622);
#4303=VERTEX_POINT('',#15624);
#4304=VERTEX_POINT('',#15628);
#4305=VERTEX_POINT('',#15632);
#4306=VERTEX_POINT('',#15639);
#4307=VERTEX_POINT('',#15641);
#4308=VERTEX_POINT('',#15645);
#4309=VERTEX_POINT('',#15649);
#4310=VERTEX_POINT('',#15656);
#4311=VERTEX_POINT('',#15658);
#4312=VERTEX_POINT('',#15662);
#4313=VERTEX_POINT('',#15666);
#4314=VERTEX_POINT('',#15673);
#4315=VERTEX_POINT('',#15675);
#4316=VERTEX_POINT('',#15679);
#4317=VERTEX_POINT('',#15683);
#4318=VERTEX_POINT('',#15690);
#4319=VERTEX_POINT('',#15692);
#4320=VERTEX_POINT('',#15696);
#4321=VERTEX_POINT('',#15700);
#4322=VERTEX_POINT('',#15707);
#4323=VERTEX_POINT('',#15709);
#4324=VERTEX_POINT('',#15713);
#4325=VERTEX_POINT('',#15717);
#4326=VERTEX_POINT('',#15724);
#4327=VERTEX_POINT('',#15728);
#4328=VERTEX_POINT('',#15732);
#4329=VERTEX_POINT('',#15736);
#4330=VERTEX_POINT('',#15743);
#4331=VERTEX_POINT('',#15747);
#4332=VERTEX_POINT('',#15754);
#4333=VERTEX_POINT('',#15756);
#4334=VERTEX_POINT('',#15760);
#4335=VERTEX_POINT('',#15762);
#4336=VERTEX_POINT('',#15764);
#4337=VERTEX_POINT('',#15768);
#4338=VERTEX_POINT('',#15772);
#4339=VERTEX_POINT('',#15776);
#4340=VERTEX_POINT('',#15778);
#4341=VERTEX_POINT('',#15805);
#4342=VERTEX_POINT('',#15806);
#4343=VERTEX_POINT('',#15808);
#4344=VERTEX_POINT('',#15810);
#4345=VERTEX_POINT('',#15822);
#4346=VERTEX_POINT('',#15824);
#4347=VERTEX_POINT('',#15828);
#4348=VERTEX_POINT('',#15829);
#4349=VERTEX_POINT('',#15831);
#4350=VERTEX_POINT('',#15833);
#4351=VERTEX_POINT('',#15835);
#4352=VERTEX_POINT('',#15837);
#4353=VERTEX_POINT('',#15839);
#4354=VERTEX_POINT('',#15842);
#4355=VERTEX_POINT('',#15844);
#4356=VERTEX_POINT('',#15847);
#4357=VERTEX_POINT('',#15849);
#4358=VERTEX_POINT('',#15853);
#4359=VERTEX_POINT('',#15854);
#4360=VERTEX_POINT('',#15856);
#4361=VERTEX_POINT('',#15858);
#4362=VERTEX_POINT('',#15860);
#4363=VERTEX_POINT('',#15863);
#4364=VERTEX_POINT('',#15865);
#4365=VERTEX_POINT('',#15868);
#4366=VERTEX_POINT('',#15870);
#4367=VERTEX_POINT('',#15872);
#4368=VERTEX_POINT('',#15874);
#4369=VERTEX_POINT('',#15878);
#4370=VERTEX_POINT('',#15879);
#4371=VERTEX_POINT('',#15881);
#4372=VERTEX_POINT('',#15883);
#4373=VERTEX_POINT('',#15887);
#4374=VERTEX_POINT('',#15891);
#4375=VERTEX_POINT('',#15909);
#4376=VERTEX_POINT('',#15910);
#4377=VERTEX_POINT('',#15912);
#4378=VERTEX_POINT('',#15914);
#4379=VERTEX_POINT('',#15924);
#4380=VERTEX_POINT('',#15925);
#4381=VERTEX_POINT('',#15927);
#4382=VERTEX_POINT('',#15929);
#4383=VERTEX_POINT('',#15939);
#4384=VERTEX_POINT('',#15940);
#4385=VERTEX_POINT('',#15942);
#4386=VERTEX_POINT('',#15944);
#4387=VERTEX_POINT('',#15954);
#4388=VERTEX_POINT('',#15955);
#4389=VERTEX_POINT('',#15957);
#4390=VERTEX_POINT('',#15959);
#4391=VERTEX_POINT('',#15969);
#4392=VERTEX_POINT('',#15970);
#4393=VERTEX_POINT('',#15972);
#4394=VERTEX_POINT('',#15974);
#4395=VERTEX_POINT('',#15984);
#4396=VERTEX_POINT('',#15986);
#4397=VERTEX_POINT('',#15988);
#4398=VERTEX_POINT('',#15994);
#4399=VERTEX_POINT('',#15998);
#4400=VERTEX_POINT('',#16000);
#4401=VERTEX_POINT('',#16004);
#4402=VERTEX_POINT('',#16008);
#4403=VERTEX_POINT('',#16009);
#4404=VERTEX_POINT('',#16011);
#4405=VERTEX_POINT('',#16013);
#4406=VERTEX_POINT('',#16015);
#4407=VERTEX_POINT('',#16017);
#4408=VERTEX_POINT('',#16021);
#4409=VERTEX_POINT('',#16023);
#4410=VERTEX_POINT('',#16026);
#4411=VERTEX_POINT('',#16028);
#4412=VERTEX_POINT('',#16032);
#4413=VERTEX_POINT('',#16033);
#4414=VERTEX_POINT('',#16035);
#4415=VERTEX_POINT('',#16037);
#4416=VERTEX_POINT('',#16039);
#4417=VERTEX_POINT('',#16042);
#4418=VERTEX_POINT('',#16044);
#4419=VERTEX_POINT('',#16047);
#4420=VERTEX_POINT('',#16049);
#4421=VERTEX_POINT('',#16051);
#4422=VERTEX_POINT('',#16055);
#4423=VERTEX_POINT('',#16056);
#4424=VERTEX_POINT('',#16058);
#4425=VERTEX_POINT('',#16060);
#4426=VERTEX_POINT('',#16064);
#4427=VERTEX_POINT('',#16068);
#4428=VERTEX_POINT('',#16085);
#4429=VERTEX_POINT('',#16087);
#4430=VERTEX_POINT('',#16089);
#4431=VERTEX_POINT('',#16095);
#4432=VERTEX_POINT('',#16099);
#4433=VERTEX_POINT('',#16101);
#4434=VERTEX_POINT('',#16105);
#4435=VERTEX_POINT('',#16109);
#4436=VERTEX_POINT('',#16110);
#4437=VERTEX_POINT('',#16112);
#4438=VERTEX_POINT('',#16114);
#4439=VERTEX_POINT('',#16116);
#4440=VERTEX_POINT('',#16118);
#4441=VERTEX_POINT('',#16122);
#4442=VERTEX_POINT('',#16124);
#4443=VERTEX_POINT('',#16127);
#4444=VERTEX_POINT('',#16129);
#4445=VERTEX_POINT('',#16133);
#4446=VERTEX_POINT('',#16134);
#4447=VERTEX_POINT('',#16136);
#4448=VERTEX_POINT('',#16138);
#4449=VERTEX_POINT('',#16140);
#4450=VERTEX_POINT('',#16143);
#4451=VERTEX_POINT('',#16145);
#4452=VERTEX_POINT('',#16148);
#4453=VERTEX_POINT('',#16150);
#4454=VERTEX_POINT('',#16152);
#4455=VERTEX_POINT('',#16156);
#4456=VERTEX_POINT('',#16157);
#4457=VERTEX_POINT('',#16159);
#4458=VERTEX_POINT('',#16161);
#4459=VERTEX_POINT('',#16165);
#4460=VERTEX_POINT('',#16169);
#4461=VERTEX_POINT('',#16186);
#4462=VERTEX_POINT('',#16188);
#4463=VERTEX_POINT('',#16190);
#4464=VERTEX_POINT('',#16196);
#4465=VERTEX_POINT('',#16200);
#4466=VERTEX_POINT('',#16202);
#4467=VERTEX_POINT('',#16206);
#4468=VERTEX_POINT('',#16210);
#4469=VERTEX_POINT('',#16211);
#4470=VERTEX_POINT('',#16213);
#4471=VERTEX_POINT('',#16215);
#4472=VERTEX_POINT('',#16217);
#4473=VERTEX_POINT('',#16219);
#4474=VERTEX_POINT('',#16223);
#4475=VERTEX_POINT('',#16225);
#4476=VERTEX_POINT('',#16228);
#4477=VERTEX_POINT('',#16230);
#4478=VERTEX_POINT('',#16234);
#4479=VERTEX_POINT('',#16235);
#4480=VERTEX_POINT('',#16237);
#4481=VERTEX_POINT('',#16239);
#4482=VERTEX_POINT('',#16241);
#4483=VERTEX_POINT('',#16244);
#4484=VERTEX_POINT('',#16246);
#4485=VERTEX_POINT('',#16249);
#4486=VERTEX_POINT('',#16251);
#4487=VERTEX_POINT('',#16253);
#4488=VERTEX_POINT('',#16257);
#4489=VERTEX_POINT('',#16258);
#4490=VERTEX_POINT('',#16260);
#4491=VERTEX_POINT('',#16262);
#4492=VERTEX_POINT('',#16266);
#4493=VERTEX_POINT('',#16270);
#4494=VERTEX_POINT('',#16287);
#4495=VERTEX_POINT('',#16289);
#4496=VERTEX_POINT('',#16291);
#4497=VERTEX_POINT('',#16297);
#4498=VERTEX_POINT('',#16301);
#4499=VERTEX_POINT('',#16303);
#4500=VERTEX_POINT('',#16307);
#4501=VERTEX_POINT('',#16311);
#4502=VERTEX_POINT('',#16312);
#4503=VERTEX_POINT('',#16314);
#4504=VERTEX_POINT('',#16316);
#4505=VERTEX_POINT('',#16318);
#4506=VERTEX_POINT('',#16320);
#4507=VERTEX_POINT('',#16324);
#4508=VERTEX_POINT('',#16326);
#4509=VERTEX_POINT('',#16329);
#4510=VERTEX_POINT('',#16331);
#4511=VERTEX_POINT('',#16335);
#4512=VERTEX_POINT('',#16336);
#4513=VERTEX_POINT('',#16338);
#4514=VERTEX_POINT('',#16340);
#4515=VERTEX_POINT('',#16342);
#4516=VERTEX_POINT('',#16345);
#4517=VERTEX_POINT('',#16347);
#4518=VERTEX_POINT('',#16350);
#4519=VERTEX_POINT('',#16352);
#4520=VERTEX_POINT('',#16354);
#4521=VERTEX_POINT('',#16358);
#4522=VERTEX_POINT('',#16359);
#4523=VERTEX_POINT('',#16361);
#4524=VERTEX_POINT('',#16363);
#4525=VERTEX_POINT('',#16367);
#4526=VERTEX_POINT('',#16371);
#4527=VERTEX_POINT('',#16388);
#4528=VERTEX_POINT('',#16390);
#4529=VERTEX_POINT('',#16392);
#4530=VERTEX_POINT('',#16398);
#4531=VERTEX_POINT('',#16402);
#4532=VERTEX_POINT('',#16404);
#4533=VERTEX_POINT('',#16408);
#4534=VERTEX_POINT('',#16412);
#4535=VERTEX_POINT('',#16413);
#4536=VERTEX_POINT('',#16415);
#4537=VERTEX_POINT('',#16417);
#4538=VERTEX_POINT('',#16419);
#4539=VERTEX_POINT('',#16421);
#4540=VERTEX_POINT('',#16425);
#4541=VERTEX_POINT('',#16427);
#4542=VERTEX_POINT('',#16430);
#4543=VERTEX_POINT('',#16432);
#4544=VERTEX_POINT('',#16436);
#4545=VERTEX_POINT('',#16437);
#4546=VERTEX_POINT('',#16439);
#4547=VERTEX_POINT('',#16441);
#4548=VERTEX_POINT('',#16443);
#4549=VERTEX_POINT('',#16446);
#4550=VERTEX_POINT('',#16448);
#4551=VERTEX_POINT('',#16451);
#4552=VERTEX_POINT('',#16453);
#4553=VERTEX_POINT('',#16455);
#4554=VERTEX_POINT('',#16459);
#4555=VERTEX_POINT('',#16460);
#4556=VERTEX_POINT('',#16462);
#4557=VERTEX_POINT('',#16464);
#4558=VERTEX_POINT('',#16468);
#4559=VERTEX_POINT('',#16472);
#4560=VERTEX_POINT('',#16489);
#4561=VERTEX_POINT('',#16493);
#4562=VERTEX_POINT('',#16497);
#4563=VERTEX_POINT('',#16501);
#4564=VERTEX_POINT('',#16505);
#4565=VERTEX_POINT('',#16509);
#4566=VERTEX_POINT('',#16513);
#4567=VERTEX_POINT('',#16514);
#4568=VERTEX_POINT('',#16516);
#4569=VERTEX_POINT('',#16518);
#4570=VERTEX_POINT('',#16521);
#4571=VERTEX_POINT('',#16523);
#4572=VERTEX_POINT('',#16527);
#4573=VERTEX_POINT('',#16529);
#4574=VERTEX_POINT('',#16532);
#4575=VERTEX_POINT('',#16534);
#4576=VERTEX_POINT('',#16543);
#4577=VERTEX_POINT('',#16547);
#4578=VERTEX_POINT('',#16551);
#4579=VERTEX_POINT('',#16555);
#4580=VERTEX_POINT('',#16559);
#4581=VERTEX_POINT('',#16563);
#4582=VERTEX_POINT('',#16567);
#4583=VERTEX_POINT('',#16568);
#4584=VERTEX_POINT('',#16570);
#4585=VERTEX_POINT('',#16572);
#4586=VERTEX_POINT('',#16575);
#4587=VERTEX_POINT('',#16577);
#4588=VERTEX_POINT('',#16581);
#4589=VERTEX_POINT('',#16583);
#4590=VERTEX_POINT('',#16586);
#4591=VERTEX_POINT('',#16588);
#4592=VERTEX_POINT('',#16597);
#4593=VERTEX_POINT('',#16601);
#4594=VERTEX_POINT('',#16605);
#4595=VERTEX_POINT('',#16609);
#4596=VERTEX_POINT('',#16613);
#4597=VERTEX_POINT('',#16617);
#4598=VERTEX_POINT('',#16621);
#4599=VERTEX_POINT('',#16622);
#4600=VERTEX_POINT('',#16624);
#4601=VERTEX_POINT('',#16626);
#4602=VERTEX_POINT('',#16629);
#4603=VERTEX_POINT('',#16631);
#4604=VERTEX_POINT('',#16635);
#4605=VERTEX_POINT('',#16637);
#4606=VERTEX_POINT('',#16640);
#4607=VERTEX_POINT('',#16642);
#4608=VERTEX_POINT('',#16651);
#4609=VERTEX_POINT('',#16655);
#4610=VERTEX_POINT('',#16659);
#4611=VERTEX_POINT('',#16663);
#4612=VERTEX_POINT('',#16667);
#4613=VERTEX_POINT('',#16671);
#4614=VERTEX_POINT('',#16675);
#4615=VERTEX_POINT('',#16676);
#4616=VERTEX_POINT('',#16678);
#4617=VERTEX_POINT('',#16680);
#4618=VERTEX_POINT('',#16683);
#4619=VERTEX_POINT('',#16685);
#4620=VERTEX_POINT('',#16689);
#4621=VERTEX_POINT('',#16691);
#4622=VERTEX_POINT('',#16694);
#4623=VERTEX_POINT('',#16696);
#4624=VERTEX_POINT('',#16705);
#4625=VERTEX_POINT('',#16709);
#4626=VERTEX_POINT('',#16713);
#4627=VERTEX_POINT('',#16717);
#4628=VERTEX_POINT('',#16721);
#4629=VERTEX_POINT('',#16725);
#4630=VERTEX_POINT('',#16729);
#4631=VERTEX_POINT('',#16730);
#4632=VERTEX_POINT('',#16732);
#4633=VERTEX_POINT('',#16734);
#4634=VERTEX_POINT('',#16737);
#4635=VERTEX_POINT('',#16739);
#4636=VERTEX_POINT('',#16743);
#4637=VERTEX_POINT('',#16745);
#4638=VERTEX_POINT('',#16748);
#4639=VERTEX_POINT('',#16750);
#4640=VERTEX_POINT('',#16759);
#4641=VERTEX_POINT('',#16763);
#4642=VERTEX_POINT('',#16767);
#4643=VERTEX_POINT('',#16771);
#4644=VERTEX_POINT('',#16775);
#4645=VERTEX_POINT('',#16779);
#4646=VERTEX_POINT('',#16783);
#4647=VERTEX_POINT('',#16784);
#4648=VERTEX_POINT('',#16786);
#4649=VERTEX_POINT('',#16788);
#4650=VERTEX_POINT('',#16791);
#4651=VERTEX_POINT('',#16793);
#4652=VERTEX_POINT('',#16797);
#4653=VERTEX_POINT('',#16799);
#4654=VERTEX_POINT('',#16802);
#4655=VERTEX_POINT('',#16804);
#4656=VERTEX_POINT('',#16825);
#4657=VERTEX_POINT('',#16827);
#4658=VERTEX_POINT('',#16829);
#4659=VERTEX_POINT('',#16831);
#4660=VERTEX_POINT('',#16835);
#4661=VERTEX_POINT('',#16839);
#4662=VERTEX_POINT('',#16843);
#4663=VERTEX_POINT('',#16845);
#4664=VERTEX_POINT('',#16854);
#4665=VERTEX_POINT('',#16856);
#4666=VERTEX_POINT('',#16858);
#4667=VERTEX_POINT('',#16860);
#4668=VERTEX_POINT('',#16864);
#4669=VERTEX_POINT('',#16868);
#4670=VERTEX_POINT('',#16872);
#4671=VERTEX_POINT('',#16874);
#4672=VERTEX_POINT('',#16883);
#4673=VERTEX_POINT('',#16885);
#4674=VERTEX_POINT('',#16887);
#4675=VERTEX_POINT('',#16889);
#4676=VERTEX_POINT('',#16893);
#4677=VERTEX_POINT('',#16897);
#4678=VERTEX_POINT('',#16901);
#4679=VERTEX_POINT('',#16903);
#4680=VERTEX_POINT('',#16912);
#4681=VERTEX_POINT('',#16914);
#4682=VERTEX_POINT('',#16916);
#4683=VERTEX_POINT('',#16918);
#4684=VERTEX_POINT('',#16922);
#4685=VERTEX_POINT('',#16926);
#4686=VERTEX_POINT('',#16930);
#4687=VERTEX_POINT('',#16932);
#4688=VERTEX_POINT('',#16941);
#4689=VERTEX_POINT('',#16943);
#4690=VERTEX_POINT('',#16945);
#4691=VERTEX_POINT('',#16947);
#4692=VERTEX_POINT('',#16951);
#4693=VERTEX_POINT('',#16955);
#4694=VERTEX_POINT('',#16959);
#4695=VERTEX_POINT('',#16961);
#4696=VERTEX_POINT('',#16970);
#4697=VERTEX_POINT('',#16972);
#4698=VERTEX_POINT('',#16974);
#4699=VERTEX_POINT('',#16976);
#4700=VERTEX_POINT('',#16980);
#4701=VERTEX_POINT('',#16984);
#4702=VERTEX_POINT('',#16988);
#4703=VERTEX_POINT('',#16990);
#4704=VERTEX_POINT('',#17005);
#4705=VERTEX_POINT('',#17006);
#4706=VERTEX_POINT('',#17008);
#4707=VERTEX_POINT('',#17010);
#4708=VERTEX_POINT('',#17014);
#4709=VERTEX_POINT('',#17016);
#4710=VERTEX_POINT('',#17020);
#4711=VERTEX_POINT('',#17022);
#4712=VERTEX_POINT('',#17026);
#4713=VERTEX_POINT('',#17030);
#4714=LINE('',#14587,#5707);
#4715=LINE('',#14590,#5708);
#4716=LINE('',#14592,#5709);
#4717=LINE('',#14594,#5710);
#4718=LINE('',#14596,#5711);
#4719=LINE('',#14598,#5712);
#4720=LINE('',#14600,#5713);
#4721=LINE('',#14602,#5714);
#4722=LINE('',#14604,#5715);
#4723=LINE('',#14607,#5716);
#4724=LINE('',#14609,#5717);
#4725=LINE('',#14611,#5718);
#4726=LINE('',#14613,#5719);
#4727=LINE('',#14615,#5720);
#4728=LINE('',#14617,#5721);
#4729=LINE('',#14619,#5722);
#4730=LINE('',#14621,#5723);
#4731=LINE('',#14624,#5724);
#4732=LINE('',#14626,#5725);
#4733=LINE('',#14628,#5726);
#4734=LINE('',#14630,#5727);
#4735=LINE('',#14632,#5728);
#4736=LINE('',#14634,#5729);
#4737=LINE('',#14636,#5730);
#4738=LINE('',#14638,#5731);
#4739=LINE('',#14641,#5732);
#4740=LINE('',#14643,#5733);
#4741=LINE('',#14645,#5734);
#4742=LINE('',#14647,#5735);
#4743=LINE('',#14649,#5736);
#4744=LINE('',#14651,#5737);
#4745=LINE('',#14653,#5738);
#4746=LINE('',#14655,#5739);
#4747=LINE('',#14658,#5740);
#4748=LINE('',#14660,#5741);
#4749=LINE('',#14662,#5742);
#4750=LINE('',#14664,#5743);
#4751=LINE('',#14666,#5744);
#4752=LINE('',#14668,#5745);
#4753=LINE('',#14670,#5746);
#4754=LINE('',#14672,#5747);
#4755=LINE('',#14675,#5748);
#4756=LINE('',#14677,#5749);
#4757=LINE('',#14679,#5750);
#4758=LINE('',#14681,#5751);
#4759=LINE('',#14683,#5752);
#4760=LINE('',#14685,#5753);
#4761=LINE('',#14687,#5754);
#4762=LINE('',#14689,#5755);
#4763=LINE('',#14692,#5756);
#4764=LINE('',#14693,#5757);
#4765=LINE('',#14694,#5758);
#4766=LINE('',#14696,#5759);
#4767=LINE('',#14698,#5760);
#4768=LINE('',#14700,#5761);
#4769=LINE('',#14702,#5762);
#4770=LINE('',#14705,#5763);
#4771=LINE('',#14706,#5764);
#4772=LINE('',#14707,#5765);
#4773=LINE('',#14709,#5766);
#4774=LINE('',#14711,#5767);
#4775=LINE('',#14713,#5768);
#4776=LINE('',#14715,#5769);
#4777=LINE('',#14718,#5770);
#4778=LINE('',#14719,#5771);
#4779=LINE('',#14720,#5772);
#4780=LINE('',#14722,#5773);
#4781=LINE('',#14724,#5774);
#4782=LINE('',#14726,#5775);
#4783=LINE('',#14728,#5776);
#4784=LINE('',#14731,#5777);
#4785=LINE('',#14732,#5778);
#4786=LINE('',#14733,#5779);
#4787=LINE('',#14735,#5780);
#4788=LINE('',#14737,#5781);
#4789=LINE('',#14739,#5782);
#4790=LINE('',#14741,#5783);
#4791=LINE('',#14744,#5784);
#4792=LINE('',#14745,#5785);
#4793=LINE('',#14746,#5786);
#4794=LINE('',#14748,#5787);
#4795=LINE('',#14750,#5788);
#4796=LINE('',#14752,#5789);
#4797=LINE('',#14754,#5790);
#4798=LINE('',#14757,#5791);
#4799=LINE('',#14758,#5792);
#4800=LINE('',#14759,#5793);
#4801=LINE('',#14761,#5794);
#4802=LINE('',#14763,#5795);
#4803=LINE('',#14765,#5796);
#4804=LINE('',#14767,#5797);
#4805=LINE('',#14770,#5798);
#4806=LINE('',#14772,#5799);
#4807=LINE('',#14774,#5800);
#4808=LINE('',#14776,#5801);
#4809=LINE('',#14779,#5802);
#4810=LINE('',#14781,#5803);
#4811=LINE('',#14783,#5804);
#4812=LINE('',#14785,#5805);
#4813=LINE('',#14788,#5806);
#4814=LINE('',#14790,#5807);
#4815=LINE('',#14792,#5808);
#4816=LINE('',#14794,#5809);
#4817=LINE('',#14797,#5810);
#4818=LINE('',#14799,#5811);
#4819=LINE('',#14801,#5812);
#4820=LINE('',#14803,#5813);
#4821=LINE('',#14806,#5814);
#4822=LINE('',#14808,#5815);
#4823=LINE('',#14810,#5816);
#4824=LINE('',#14812,#5817);
#4825=LINE('',#14815,#5818);
#4826=LINE('',#14817,#5819);
#4827=LINE('',#14819,#5820);
#4828=LINE('',#14821,#5821);
#4829=LINE('',#14824,#5822);
#4830=LINE('',#14826,#5823);
#4831=LINE('',#14828,#5824);
#4832=LINE('',#14830,#5825);
#4833=LINE('',#14832,#5826);
#4834=LINE('',#14834,#5827);
#4835=LINE('',#14837,#5828);
#4836=LINE('',#14838,#5829);
#4837=LINE('',#14840,#5830);
#4838=LINE('',#14842,#5831);
#4839=LINE('',#14844,#5832);
#4840=LINE('',#14847,#5833);
#4841=LINE('',#14848,#5834);
#4842=LINE('',#14850,#5835);
#4843=LINE('',#14852,#5836);
#4844=LINE('',#14854,#5837);
#4845=LINE('',#14857,#5838);
#4846=LINE('',#14859,#5839);
#4847=LINE('',#14861,#5840);
#4848=LINE('',#14863,#5841);
#4849=LINE('',#14865,#5842);
#4850=LINE('',#14867,#5843);
#4851=LINE('',#14870,#5844);
#4852=LINE('',#14871,#5845);
#4853=LINE('',#14873,#5846);
#4854=LINE('',#14875,#5847);
#4855=LINE('',#14877,#5848);
#4856=LINE('',#14880,#5849);
#4857=LINE('',#14881,#5850);
#4858=LINE('',#14883,#5851);
#4859=LINE('',#14885,#5852);
#4860=LINE('',#14887,#5853);
#4861=LINE('',#14890,#5854);
#4862=LINE('',#14892,#5855);
#4863=LINE('',#14894,#5856);
#4864=LINE('',#14896,#5857);
#4865=LINE('',#14898,#5858);
#4866=LINE('',#14900,#5859);
#4867=LINE('',#14903,#5860);
#4868=LINE('',#14904,#5861);
#4869=LINE('',#14906,#5862);
#4870=LINE('',#14908,#5863);
#4871=LINE('',#14910,#5864);
#4872=LINE('',#14913,#5865);
#4873=LINE('',#14914,#5866);
#4874=LINE('',#14916,#5867);
#4875=LINE('',#14918,#5868);
#4876=LINE('',#14920,#5869);
#4877=LINE('',#14923,#5870);
#4878=LINE('',#14925,#5871);
#4879=LINE('',#14927,#5872);
#4880=LINE('',#14929,#5873);
#4881=LINE('',#14931,#5874);
#4882=LINE('',#14933,#5875);
#4883=LINE('',#14936,#5876);
#4884=LINE('',#14937,#5877);
#4885=LINE('',#14939,#5878);
#4886=LINE('',#14941,#5879);
#4887=LINE('',#14943,#5880);
#4888=LINE('',#14946,#5881);
#4889=LINE('',#14947,#5882);
#4890=LINE('',#14949,#5883);
#4891=LINE('',#14951,#5884);
#4892=LINE('',#14953,#5885);
#4893=LINE('',#14956,#5886);
#4894=LINE('',#14958,#5887);
#4895=LINE('',#14960,#5888);
#4896=LINE('',#14962,#5889);
#4897=LINE('',#14964,#5890);
#4898=LINE('',#14966,#5891);
#4899=LINE('',#14969,#5892);
#4900=LINE('',#14970,#5893);
#4901=LINE('',#14972,#5894);
#4902=LINE('',#14974,#5895);
#4903=LINE('',#14976,#5896);
#4904=LINE('',#14979,#5897);
#4905=LINE('',#14980,#5898);
#4906=LINE('',#14982,#5899);
#4907=LINE('',#14984,#5900);
#4908=LINE('',#14988,#5901);
#4909=LINE('',#14990,#5902);
#4910=LINE('',#14992,#5903);
#4911=LINE('',#14997,#5904);
#4912=LINE('',#14998,#5905);
#4913=LINE('',#15002,#5906);
#4914=LINE('',#15004,#5907);
#4915=LINE('',#15006,#5908);
#4916=LINE('',#15011,#5909);
#4917=LINE('',#15012,#5910);
#4918=LINE('',#15016,#5911);
#4919=LINE('',#15018,#5912);
#4920=LINE('',#15020,#5913);
#4921=LINE('',#15025,#5914);
#4922=LINE('',#15026,#5915);
#4923=LINE('',#15030,#5916);
#4924=LINE('',#15032,#5917);
#4925=LINE('',#15034,#5918);
#4926=LINE('',#15039,#5919);
#4927=LINE('',#15040,#5920);
#4928=LINE('',#15044,#5921);
#4929=LINE('',#15046,#5922);
#4930=LINE('',#15048,#5923);
#4931=LINE('',#15053,#5924);
#4932=LINE('',#15054,#5925);
#4933=LINE('',#15056,#5926);
#4934=LINE('',#15059,#5927);
#4935=LINE('',#15061,#5928);
#4936=LINE('',#15063,#5929);
#4937=LINE('',#15067,#5930);
#4938=LINE('',#15069,#5931);
#4939=LINE('',#15071,#5932);
#4940=LINE('',#15073,#5933);
#4941=LINE('',#15077,#5934);
#4942=LINE('',#15079,#5935);
#4943=LINE('',#15081,#5936);
#4944=LINE('',#15084,#5937);
#4945=LINE('',#15086,#5938);
#4946=LINE('',#15088,#5939);
#4947=LINE('',#15090,#5940);
#4948=LINE('',#15092,#5941);
#4949=LINE('',#15094,#5942);
#4950=LINE('',#15096,#5943);
#4951=LINE('',#15098,#5944);
#4952=LINE('',#15100,#5945);
#4953=LINE('',#15102,#5946);
#4954=LINE('',#15105,#5947);
#4955=LINE('',#15107,#5948);
#4956=LINE('',#15109,#5949);
#4957=LINE('',#15111,#5950);
#4958=LINE('',#15113,#5951);
#4959=LINE('',#15115,#5952);
#4960=LINE('',#15117,#5953);
#4961=LINE('',#15119,#5954);
#4962=LINE('',#15121,#5955);
#4963=LINE('',#15123,#5956);
#4964=LINE('',#15126,#5957);
#4965=LINE('',#15128,#5958);
#4966=LINE('',#15130,#5959);
#4967=LINE('',#15132,#5960);
#4968=LINE('',#15134,#5961);
#4969=LINE('',#15136,#5962);
#4970=LINE('',#15138,#5963);
#4971=LINE('',#15140,#5964);
#4972=LINE('',#15142,#5965);
#4973=LINE('',#15144,#5966);
#4974=LINE('',#15147,#5967);
#4975=LINE('',#15149,#5968);
#4976=LINE('',#15151,#5969);
#4977=LINE('',#15153,#5970);
#4978=LINE('',#15155,#5971);
#4979=LINE('',#15157,#5972);
#4980=LINE('',#15159,#5973);
#4981=LINE('',#15161,#5974);
#4982=LINE('',#15163,#5975);
#4983=LINE('',#15165,#5976);
#4984=LINE('',#15168,#5977);
#4985=LINE('',#15170,#5978);
#4986=LINE('',#15172,#5979);
#4987=LINE('',#15174,#5980);
#4988=LINE('',#15176,#5981);
#4989=LINE('',#15178,#5982);
#4990=LINE('',#15180,#5983);
#4991=LINE('',#15182,#5984);
#4992=LINE('',#15184,#5985);
#4993=LINE('',#15186,#5986);
#4994=LINE('',#15189,#5987);
#4995=LINE('',#15191,#5988);
#4996=LINE('',#15193,#5989);
#4997=LINE('',#15195,#5990);
#4998=LINE('',#15197,#5991);
#4999=LINE('',#15199,#5992);
#5000=LINE('',#15201,#5993);
#5001=LINE('',#15203,#5994);
#5002=LINE('',#15205,#5995);
#5003=LINE('',#15207,#5996);
#5004=LINE('',#15208,#5997);
#5005=LINE('',#15209,#5998);
#5006=LINE('',#15210,#5999);
#5007=LINE('',#15211,#6000);
#5008=LINE('',#15212,#6001);
#5009=LINE('',#15213,#6002);
#5010=LINE('',#15214,#6003);
#5011=LINE('',#15215,#6004);
#5012=LINE('',#15216,#6005);
#5013=LINE('',#15217,#6006);
#5014=LINE('',#15218,#6007);
#5015=LINE('',#15219,#6008);
#5016=LINE('',#15222,#6009);
#5017=LINE('',#15224,#6010);
#5018=LINE('',#15226,#6011);
#5019=LINE('',#15228,#6012);
#5020=LINE('',#15230,#6013);
#5021=LINE('',#15232,#6014);
#5022=LINE('',#15234,#6015);
#5023=LINE('',#15235,#6016);
#5024=LINE('',#15236,#6017);
#5025=LINE('',#15237,#6018);
#5026=LINE('',#15238,#6019);
#5027=LINE('',#15239,#6020);
#5028=LINE('',#15240,#6021);
#5029=LINE('',#15241,#6022);
#5030=LINE('',#15242,#6023);
#5031=LINE('',#15243,#6024);
#5032=LINE('',#15244,#6025);
#5033=LINE('',#15245,#6026);
#5034=LINE('',#15246,#6027);
#5035=LINE('',#15248,#6028);
#5036=LINE('',#15250,#6029);
#5037=LINE('',#15252,#6030);
#5038=LINE('',#15254,#6031);
#5039=LINE('',#15256,#6032);
#5040=LINE('',#15258,#6033);
#5041=LINE('',#15260,#6034);
#5042=LINE('',#15262,#6035);
#5043=LINE('',#15264,#6036);
#5044=LINE('',#15266,#6037);
#5045=LINE('',#15268,#6038);
#5046=LINE('',#15270,#6039);
#5047=LINE('',#15273,#6040);
#5048=LINE('',#15274,#6041);
#5049=LINE('',#15275,#6042);
#5050=LINE('',#15277,#6043);
#5051=LINE('',#15278,#6044);
#5052=LINE('',#15281,#6045);
#5053=LINE('',#15282,#6046);
#5054=LINE('',#15283,#6047);
#5055=LINE('',#15285,#6048);
#5056=LINE('',#15286,#6049);
#5057=LINE('',#15289,#6050);
#5058=LINE('',#15290,#6051);
#5059=LINE('',#15291,#6052);
#5060=LINE('',#15293,#6053);
#5061=LINE('',#15294,#6054);
#5062=LINE('',#15297,#6055);
#5063=LINE('',#15298,#6056);
#5064=LINE('',#15299,#6057);
#5065=LINE('',#15301,#6058);
#5066=LINE('',#15302,#6059);
#5067=LINE('',#15305,#6060);
#5068=LINE('',#15306,#6061);
#5069=LINE('',#15307,#6062);
#5070=LINE('',#15309,#6063);
#5071=LINE('',#15310,#6064);
#5072=LINE('',#15313,#6065);
#5073=LINE('',#15315,#6066);
#5074=LINE('',#15317,#6067);
#5075=LINE('',#15319,#6068);
#5076=LINE('',#15321,#6069);
#5077=LINE('',#15323,#6070);
#5078=LINE('',#15325,#6071);
#5079=LINE('',#15326,#6072);
#5080=LINE('',#15329,#6073);
#5081=LINE('',#15330,#6074);
#5082=LINE('',#15334,#6075);
#5083=LINE('',#15338,#6076);
#5084=LINE('',#15340,#6077);
#5085=LINE('',#15342,#6078);
#5086=LINE('',#15344,#6079);
#5087=LINE('',#15347,#6080);
#5088=LINE('',#15349,#6081);
#5089=LINE('',#15351,#6082);
#5090=LINE('',#15352,#6083);
#5091=LINE('',#15355,#6084);
#5092=LINE('',#15357,#6085);
#5093=LINE('',#15359,#6086);
#5094=LINE('',#15360,#6087);
#5095=LINE('',#15363,#6088);
#5096=LINE('',#15365,#6089);
#5097=LINE('',#15367,#6090);
#5098=LINE('',#15368,#6091);
#5099=LINE('',#15371,#6092);
#5100=LINE('',#15373,#6093);
#5101=LINE('',#15375,#6094);
#5102=LINE('',#15376,#6095);
#5103=LINE('',#15379,#6096);
#5104=LINE('',#15381,#6097);
#5105=LINE('',#15383,#6098);
#5106=LINE('',#15384,#6099);
#5107=LINE('',#15387,#6100);
#5108=LINE('',#15389,#6101);
#5109=LINE('',#15391,#6102);
#5110=LINE('',#15392,#6103);
#5111=LINE('',#15395,#6104);
#5112=LINE('',#15397,#6105);
#5113=LINE('',#15399,#6106);
#5114=LINE('',#15400,#6107);
#5115=LINE('',#15403,#6108);
#5116=LINE('',#15405,#6109);
#5117=LINE('',#15407,#6110);
#5118=LINE('',#15408,#6111);
#5119=LINE('',#15411,#6112);
#5120=LINE('',#15413,#6113);
#5121=LINE('',#15415,#6114);
#5122=LINE('',#15416,#6115);
#5123=LINE('',#15419,#6116);
#5124=LINE('',#15421,#6117);
#5125=LINE('',#15423,#6118);
#5126=LINE('',#15424,#6119);
#5127=LINE('',#15427,#6120);
#5128=LINE('',#15429,#6121);
#5129=LINE('',#15431,#6122);
#5130=LINE('',#15432,#6123);
#5131=LINE('',#15435,#6124);
#5132=LINE('',#15437,#6125);
#5133=LINE('',#15439,#6126);
#5134=LINE('',#15440,#6127);
#5135=LINE('',#15442,#6128);
#5136=LINE('',#15444,#6129);
#5137=LINE('',#15446,#6130);
#5138=LINE('',#15448,#6131);
#5139=LINE('',#15450,#6132);
#5140=LINE('',#15452,#6133);
#5141=LINE('',#15453,#6134);
#5142=LINE('',#15458,#6135);
#5143=LINE('',#15460,#6136);
#5144=LINE('',#15462,#6137);
#5145=LINE('',#15464,#6138);
#5146=LINE('',#15466,#6139);
#5147=LINE('',#15468,#6140);
#5148=LINE('',#15469,#6141);
#5149=LINE('',#15471,#6142);
#5150=LINE('',#15475,#6143);
#5151=LINE('',#15477,#6144);
#5152=LINE('',#15479,#6145);
#5153=LINE('',#15481,#6146);
#5154=LINE('',#15519,#6147);
#5155=LINE('',#15521,#6148);
#5156=LINE('',#15523,#6149);
#5157=LINE('',#15525,#6150);
#5158=LINE('',#15527,#6151);
#5159=LINE('',#15529,#6152);
#5160=LINE('',#15531,#6153);
#5161=LINE('',#15533,#6154);
#5162=LINE('',#15536,#6155);
#5163=LINE('',#15538,#6156);
#5164=LINE('',#15540,#6157);
#5165=LINE('',#15542,#6158);
#5166=LINE('',#15544,#6159);
#5167=LINE('',#15546,#6160);
#5168=LINE('',#15548,#6161);
#5169=LINE('',#15550,#6162);
#5170=LINE('',#15553,#6163);
#5171=LINE('',#15555,#6164);
#5172=LINE('',#15557,#6165);
#5173=LINE('',#15559,#6166);
#5174=LINE('',#15561,#6167);
#5175=LINE('',#15563,#6168);
#5176=LINE('',#15565,#6169);
#5177=LINE('',#15567,#6170);
#5178=LINE('',#15570,#6171);
#5179=LINE('',#15572,#6172);
#5180=LINE('',#15574,#6173);
#5181=LINE('',#15576,#6174);
#5182=LINE('',#15578,#6175);
#5183=LINE('',#15580,#6176);
#5184=LINE('',#15582,#6177);
#5185=LINE('',#15584,#6178);
#5186=LINE('',#15587,#6179);
#5187=LINE('',#15589,#6180);
#5188=LINE('',#15591,#6181);
#5189=LINE('',#15593,#6182);
#5190=LINE('',#15595,#6183);
#5191=LINE('',#15597,#6184);
#5192=LINE('',#15599,#6185);
#5193=LINE('',#15601,#6186);
#5194=LINE('',#15604,#6187);
#5195=LINE('',#15606,#6188);
#5196=LINE('',#15608,#6189);
#5197=LINE('',#15610,#6190);
#5198=LINE('',#15612,#6191);
#5199=LINE('',#15614,#6192);
#5200=LINE('',#15616,#6193);
#5201=LINE('',#15618,#6194);
#5202=LINE('',#15621,#6195);
#5203=LINE('',#15623,#6196);
#5204=LINE('',#15625,#6197);
#5205=LINE('',#15627,#6198);
#5206=LINE('',#15629,#6199);
#5207=LINE('',#15631,#6200);
#5208=LINE('',#15633,#6201);
#5209=LINE('',#15635,#6202);
#5210=LINE('',#15638,#6203);
#5211=LINE('',#15640,#6204);
#5212=LINE('',#15642,#6205);
#5213=LINE('',#15644,#6206);
#5214=LINE('',#15646,#6207);
#5215=LINE('',#15648,#6208);
#5216=LINE('',#15650,#6209);
#5217=LINE('',#15652,#6210);
#5218=LINE('',#15655,#6211);
#5219=LINE('',#15657,#6212);
#5220=LINE('',#15659,#6213);
#5221=LINE('',#15661,#6214);
#5222=LINE('',#15663,#6215);
#5223=LINE('',#15665,#6216);
#5224=LINE('',#15667,#6217);
#5225=LINE('',#15669,#6218);
#5226=LINE('',#15672,#6219);
#5227=LINE('',#15674,#6220);
#5228=LINE('',#15676,#6221);
#5229=LINE('',#15678,#6222);
#5230=LINE('',#15680,#6223);
#5231=LINE('',#15682,#6224);
#5232=LINE('',#15684,#6225);
#5233=LINE('',#15686,#6226);
#5234=LINE('',#15689,#6227);
#5235=LINE('',#15691,#6228);
#5236=LINE('',#15693,#6229);
#5237=LINE('',#15695,#6230);
#5238=LINE('',#15697,#6231);
#5239=LINE('',#15699,#6232);
#5240=LINE('',#15701,#6233);
#5241=LINE('',#15703,#6234);
#5242=LINE('',#15706,#6235);
#5243=LINE('',#15708,#6236);
#5244=LINE('',#15710,#6237);
#5245=LINE('',#15712,#6238);
#5246=LINE('',#15714,#6239);
#5247=LINE('',#15716,#6240);
#5248=LINE('',#15718,#6241);
#5249=LINE('',#15720,#6242);
#5250=LINE('',#15723,#6243);
#5251=LINE('',#15725,#6244);
#5252=LINE('',#15727,#6245);
#5253=LINE('',#15729,#6246);
#5254=LINE('',#15731,#6247);
#5255=LINE('',#15733,#6248);
#5256=LINE('',#15735,#6249);
#5257=LINE('',#15737,#6250);
#5258=LINE('',#15739,#6251);
#5259=LINE('',#15742,#6252);
#5260=LINE('',#15744,#6253);
#5261=LINE('',#15746,#6254);
#5262=LINE('',#15748,#6255);
#5263=LINE('',#15750,#6256);
#5264=LINE('',#15753,#6257);
#5265=LINE('',#15755,#6258);
#5266=LINE('',#15757,#6259);
#5267=LINE('',#15759,#6260);
#5268=LINE('',#15761,#6261);
#5269=LINE('',#15763,#6262);
#5270=LINE('',#15765,#6263);
#5271=LINE('',#15767,#6264);
#5272=LINE('',#15769,#6265);
#5273=LINE('',#15771,#6266);
#5274=LINE('',#15773,#6267);
#5275=LINE('',#15777,#6268);
#5276=LINE('',#15781,#6269);
#5277=LINE('',#15783,#6270);
#5278=LINE('',#15804,#6271);
#5279=LINE('',#15807,#6272);
#5280=LINE('',#15809,#6273);
#5281=LINE('',#15811,#6274);
#5282=LINE('',#15819,#6275);
#5283=LINE('',#15821,#6276);
#5284=LINE('',#15823,#6277);
#5285=LINE('',#15825,#6278);
#5286=LINE('',#15827,#6279);
#5287=LINE('',#15832,#6280);
#5288=LINE('',#15836,#6281);
#5289=LINE('',#15840,#6282);
#5290=LINE('',#15843,#6283);
#5291=LINE('',#15848,#6284);
#5292=LINE('',#15855,#6285);
#5293=LINE('',#15859,#6286);
#5294=LINE('',#15864,#6287);
#5295=LINE('',#15867,#6288);
#5296=LINE('',#15871,#6289);
#5297=LINE('',#15875,#6290);
#5298=LINE('',#15877,#6291);
#5299=LINE('',#15880,#6292);
#5300=LINE('',#15882,#6293);
#5301=LINE('',#15884,#6294);
#5302=LINE('',#15888,#6295);
#5303=LINE('',#15889,#6296);
#5304=LINE('',#15890,#6297);
#5305=LINE('',#15894,#6298);
#5306=LINE('',#15896,#6299);
#5307=LINE('',#15898,#6300);
#5308=LINE('',#15900,#6301);
#5309=LINE('',#15903,#6302);
#5310=LINE('',#15905,#6303);
#5311=LINE('',#15908,#6304);
#5312=LINE('',#15911,#6305);
#5313=LINE('',#15913,#6306);
#5314=LINE('',#15915,#6307);
#5315=LINE('',#15923,#6308);
#5316=LINE('',#15926,#6309);
#5317=LINE('',#15928,#6310);
#5318=LINE('',#15930,#6311);
#5319=LINE('',#15938,#6312);
#5320=LINE('',#15941,#6313);
#5321=LINE('',#15943,#6314);
#5322=LINE('',#15945,#6315);
#5323=LINE('',#15953,#6316);
#5324=LINE('',#15956,#6317);
#5325=LINE('',#15958,#6318);
#5326=LINE('',#15960,#6319);
#5327=LINE('',#15968,#6320);
#5328=LINE('',#15971,#6321);
#5329=LINE('',#15973,#6322);
#5330=LINE('',#15975,#6323);
#5331=LINE('',#15983,#6324);
#5332=LINE('',#15985,#6325);
#5333=LINE('',#15987,#6326);
#5334=LINE('',#15989,#6327);
#5335=LINE('',#15993,#6328);
#5336=LINE('',#15995,#6329);
#5337=LINE('',#15997,#6330);
#5338=LINE('',#15999,#6331);
#5339=LINE('',#16001,#6332);
#5340=LINE('',#16003,#6333);
#5341=LINE('',#16005,#6334);
#5342=LINE('',#16007,#6335);
#5343=LINE('',#16012,#6336);
#5344=LINE('',#16016,#6337);
#5345=LINE('',#16022,#6338);
#5346=LINE('',#16027,#6339);
#5347=LINE('',#16034,#6340);
#5348=LINE('',#16038,#6341);
#5349=LINE('',#16043,#6342);
#5350=LINE('',#16048,#6343);
#5351=LINE('',#16052,#6344);
#5352=LINE('',#16054,#6345);
#5353=LINE('',#16057,#6346);
#5354=LINE('',#16059,#6347);
#5355=LINE('',#16061,#6348);
#5356=LINE('',#16065,#6349);
#5357=LINE('',#16066,#6350);
#5358=LINE('',#16067,#6351);
#5359=LINE('',#16071,#6352);
#5360=LINE('',#16073,#6353);
#5361=LINE('',#16075,#6354);
#5362=LINE('',#16079,#6355);
#5363=LINE('',#16081,#6356);
#5364=LINE('',#16084,#6357);
#5365=LINE('',#16086,#6358);
#5366=LINE('',#16088,#6359);
#5367=LINE('',#16090,#6360);
#5368=LINE('',#16094,#6361);
#5369=LINE('',#16096,#6362);
#5370=LINE('',#16098,#6363);
#5371=LINE('',#16100,#6364);
#5372=LINE('',#16102,#6365);
#5373=LINE('',#16104,#6366);
#5374=LINE('',#16106,#6367);
#5375=LINE('',#16108,#6368);
#5376=LINE('',#16113,#6369);
#5377=LINE('',#16117,#6370);
#5378=LINE('',#16123,#6371);
#5379=LINE('',#16128,#6372);
#5380=LINE('',#16135,#6373);
#5381=LINE('',#16139,#6374);
#5382=LINE('',#16144,#6375);
#5383=LINE('',#16149,#6376);
#5384=LINE('',#16153,#6377);
#5385=LINE('',#16155,#6378);
#5386=LINE('',#16158,#6379);
#5387=LINE('',#16160,#6380);
#5388=LINE('',#16162,#6381);
#5389=LINE('',#16166,#6382);
#5390=LINE('',#16167,#6383);
#5391=LINE('',#16168,#6384);
#5392=LINE('',#16172,#6385);
#5393=LINE('',#16174,#6386);
#5394=LINE('',#16176,#6387);
#5395=LINE('',#16180,#6388);
#5396=LINE('',#16182,#6389);
#5397=LINE('',#16185,#6390);
#5398=LINE('',#16187,#6391);
#5399=LINE('',#16189,#6392);
#5400=LINE('',#16191,#6393);
#5401=LINE('',#16195,#6394);
#5402=LINE('',#16197,#6395);
#5403=LINE('',#16199,#6396);
#5404=LINE('',#16201,#6397);
#5405=LINE('',#16203,#6398);
#5406=LINE('',#16205,#6399);
#5407=LINE('',#16207,#6400);
#5408=LINE('',#16209,#6401);
#5409=LINE('',#16214,#6402);
#5410=LINE('',#16218,#6403);
#5411=LINE('',#16224,#6404);
#5412=LINE('',#16229,#6405);
#5413=LINE('',#16236,#6406);
#5414=LINE('',#16240,#6407);
#5415=LINE('',#16245,#6408);
#5416=LINE('',#16250,#6409);
#5417=LINE('',#16254,#6410);
#5418=LINE('',#16256,#6411);
#5419=LINE('',#16259,#6412);
#5420=LINE('',#16261,#6413);
#5421=LINE('',#16263,#6414);
#5422=LINE('',#16267,#6415);
#5423=LINE('',#16268,#6416);
#5424=LINE('',#16269,#6417);
#5425=LINE('',#16273,#6418);
#5426=LINE('',#16275,#6419);
#5427=LINE('',#16277,#6420);
#5428=LINE('',#16281,#6421);
#5429=LINE('',#16283,#6422);
#5430=LINE('',#16286,#6423);
#5431=LINE('',#16288,#6424);
#5432=LINE('',#16290,#6425);
#5433=LINE('',#16292,#6426);
#5434=LINE('',#16296,#6427);
#5435=LINE('',#16298,#6428);
#5436=LINE('',#16300,#6429);
#5437=LINE('',#16302,#6430);
#5438=LINE('',#16304,#6431);
#5439=LINE('',#16306,#6432);
#5440=LINE('',#16308,#6433);
#5441=LINE('',#16310,#6434);
#5442=LINE('',#16315,#6435);
#5443=LINE('',#16319,#6436);
#5444=LINE('',#16325,#6437);
#5445=LINE('',#16330,#6438);
#5446=LINE('',#16337,#6439);
#5447=LINE('',#16341,#6440);
#5448=LINE('',#16346,#6441);
#5449=LINE('',#16351,#6442);
#5450=LINE('',#16355,#6443);
#5451=LINE('',#16357,#6444);
#5452=LINE('',#16360,#6445);
#5453=LINE('',#16362,#6446);
#5454=LINE('',#16364,#6447);
#5455=LINE('',#16368,#6448);
#5456=LINE('',#16369,#6449);
#5457=LINE('',#16370,#6450);
#5458=LINE('',#16374,#6451);
#5459=LINE('',#16376,#6452);
#5460=LINE('',#16378,#6453);
#5461=LINE('',#16382,#6454);
#5462=LINE('',#16384,#6455);
#5463=LINE('',#16387,#6456);
#5464=LINE('',#16389,#6457);
#5465=LINE('',#16391,#6458);
#5466=LINE('',#16393,#6459);
#5467=LINE('',#16397,#6460);
#5468=LINE('',#16399,#6461);
#5469=LINE('',#16401,#6462);
#5470=LINE('',#16403,#6463);
#5471=LINE('',#16405,#6464);
#5472=LINE('',#16407,#6465);
#5473=LINE('',#16409,#6466);
#5474=LINE('',#16411,#6467);
#5475=LINE('',#16416,#6468);
#5476=LINE('',#16420,#6469);
#5477=LINE('',#16426,#6470);
#5478=LINE('',#16431,#6471);
#5479=LINE('',#16438,#6472);
#5480=LINE('',#16442,#6473);
#5481=LINE('',#16447,#6474);
#5482=LINE('',#16452,#6475);
#5483=LINE('',#16456,#6476);
#5484=LINE('',#16458,#6477);
#5485=LINE('',#16461,#6478);
#5486=LINE('',#16463,#6479);
#5487=LINE('',#16465,#6480);
#5488=LINE('',#16469,#6481);
#5489=LINE('',#16470,#6482);
#5490=LINE('',#16471,#6483);
#5491=LINE('',#16475,#6484);
#5492=LINE('',#16477,#6485);
#5493=LINE('',#16479,#6486);
#5494=LINE('',#16483,#6487);
#5495=LINE('',#16485,#6488);
#5496=LINE('',#16488,#6489);
#5497=LINE('',#16490,#6490);
#5498=LINE('',#16492,#6491);
#5499=LINE('',#16496,#6492);
#5500=LINE('',#16498,#6493);
#5501=LINE('',#16500,#6494);
#5502=LINE('',#16502,#6495);
#5503=LINE('',#16504,#6496);
#5504=LINE('',#16508,#6497);
#5505=LINE('',#16510,#6498);
#5506=LINE('',#16512,#6499);
#5507=LINE('',#16517,#6500);
#5508=LINE('',#16522,#6501);
#5509=LINE('',#16526,#6502);
#5510=LINE('',#16528,#6503);
#5511=LINE('',#16530,#6504);
#5512=LINE('',#16531,#6505);
#5513=LINE('',#16533,#6506);
#5514=LINE('',#16535,#6507);
#5515=LINE('',#16542,#6508);
#5516=LINE('',#16544,#6509);
#5517=LINE('',#16546,#6510);
#5518=LINE('',#16550,#6511);
#5519=LINE('',#16552,#6512);
#5520=LINE('',#16554,#6513);
#5521=LINE('',#16556,#6514);
#5522=LINE('',#16558,#6515);
#5523=LINE('',#16562,#6516);
#5524=LINE('',#16564,#6517);
#5525=LINE('',#16566,#6518);
#5526=LINE('',#16571,#6519);
#5527=LINE('',#16576,#6520);
#5528=LINE('',#16580,#6521);
#5529=LINE('',#16582,#6522);
#5530=LINE('',#16584,#6523);
#5531=LINE('',#16585,#6524);
#5532=LINE('',#16587,#6525);
#5533=LINE('',#16589,#6526);
#5534=LINE('',#16596,#6527);
#5535=LINE('',#16598,#6528);
#5536=LINE('',#16600,#6529);
#5537=LINE('',#16604,#6530);
#5538=LINE('',#16606,#6531);
#5539=LINE('',#16608,#6532);
#5540=LINE('',#16610,#6533);
#5541=LINE('',#16612,#6534);
#5542=LINE('',#16616,#6535);
#5543=LINE('',#16618,#6536);
#5544=LINE('',#16620,#6537);
#5545=LINE('',#16625,#6538);
#5546=LINE('',#16630,#6539);
#5547=LINE('',#16634,#6540);
#5548=LINE('',#16636,#6541);
#5549=LINE('',#16638,#6542);
#5550=LINE('',#16639,#6543);
#5551=LINE('',#16641,#6544);
#5552=LINE('',#16643,#6545);
#5553=LINE('',#16650,#6546);
#5554=LINE('',#16652,#6547);
#5555=LINE('',#16654,#6548);
#5556=LINE('',#16658,#6549);
#5557=LINE('',#16660,#6550);
#5558=LINE('',#16662,#6551);
#5559=LINE('',#16664,#6552);
#5560=LINE('',#16666,#6553);
#5561=LINE('',#16670,#6554);
#5562=LINE('',#16672,#6555);
#5563=LINE('',#16674,#6556);
#5564=LINE('',#16679,#6557);
#5565=LINE('',#16684,#6558);
#5566=LINE('',#16688,#6559);
#5567=LINE('',#16690,#6560);
#5568=LINE('',#16692,#6561);
#5569=LINE('',#16693,#6562);
#5570=LINE('',#16695,#6563);
#5571=LINE('',#16697,#6564);
#5572=LINE('',#16704,#6565);
#5573=LINE('',#16706,#6566);
#5574=LINE('',#16708,#6567);
#5575=LINE('',#16712,#6568);
#5576=LINE('',#16714,#6569);
#5577=LINE('',#16716,#6570);
#5578=LINE('',#16718,#6571);
#5579=LINE('',#16720,#6572);
#5580=LINE('',#16724,#6573);
#5581=LINE('',#16726,#6574);
#5582=LINE('',#16728,#6575);
#5583=LINE('',#16733,#6576);
#5584=LINE('',#16738,#6577);
#5585=LINE('',#16742,#6578);
#5586=LINE('',#16744,#6579);
#5587=LINE('',#16746,#6580);
#5588=LINE('',#16747,#6581);
#5589=LINE('',#16749,#6582);
#5590=LINE('',#16751,#6583);
#5591=LINE('',#16758,#6584);
#5592=LINE('',#16760,#6585);
#5593=LINE('',#16762,#6586);
#5594=LINE('',#16766,#6587);
#5595=LINE('',#16768,#6588);
#5596=LINE('',#16770,#6589);
#5597=LINE('',#16772,#6590);
#5598=LINE('',#16774,#6591);
#5599=LINE('',#16778,#6592);
#5600=LINE('',#16780,#6593);
#5601=LINE('',#16782,#6594);
#5602=LINE('',#16787,#6595);
#5603=LINE('',#16792,#6596);
#5604=LINE('',#16796,#6597);
#5605=LINE('',#16798,#6598);
#5606=LINE('',#16800,#6599);
#5607=LINE('',#16801,#6600);
#5608=LINE('',#16803,#6601);
#5609=LINE('',#16805,#6602);
#5610=LINE('',#16824,#6603);
#5611=LINE('',#16826,#6604);
#5612=LINE('',#16828,#6605);
#5613=LINE('',#16830,#6606);
#5614=LINE('',#16832,#6607);
#5615=LINE('',#16834,#6608);
#5616=LINE('',#16836,#6609);
#5617=LINE('',#16838,#6610);
#5618=LINE('',#16840,#6611);
#5619=LINE('',#16842,#6612);
#5620=LINE('',#16844,#6613);
#5621=LINE('',#16846,#6614);
#5622=LINE('',#16848,#6615);
#5623=LINE('',#16850,#6616);
#5624=LINE('',#16853,#6617);
#5625=LINE('',#16855,#6618);
#5626=LINE('',#16857,#6619);
#5627=LINE('',#16859,#6620);
#5628=LINE('',#16861,#6621);
#5629=LINE('',#16863,#6622);
#5630=LINE('',#16865,#6623);
#5631=LINE('',#16867,#6624);
#5632=LINE('',#16869,#6625);
#5633=LINE('',#16871,#6626);
#5634=LINE('',#16873,#6627);
#5635=LINE('',#16875,#6628);
#5636=LINE('',#16877,#6629);
#5637=LINE('',#16879,#6630);
#5638=LINE('',#16882,#6631);
#5639=LINE('',#16884,#6632);
#5640=LINE('',#16886,#6633);
#5641=LINE('',#16888,#6634);
#5642=LINE('',#16890,#6635);
#5643=LINE('',#16892,#6636);
#5644=LINE('',#16894,#6637);
#5645=LINE('',#16896,#6638);
#5646=LINE('',#16898,#6639);
#5647=LINE('',#16900,#6640);
#5648=LINE('',#16902,#6641);
#5649=LINE('',#16904,#6642);
#5650=LINE('',#16906,#6643);
#5651=LINE('',#16908,#6644);
#5652=LINE('',#16911,#6645);
#5653=LINE('',#16913,#6646);
#5654=LINE('',#16915,#6647);
#5655=LINE('',#16917,#6648);
#5656=LINE('',#16919,#6649);
#5657=LINE('',#16921,#6650);
#5658=LINE('',#16923,#6651);
#5659=LINE('',#16925,#6652);
#5660=LINE('',#16927,#6653);
#5661=LINE('',#16929,#6654);
#5662=LINE('',#16931,#6655);
#5663=LINE('',#16933,#6656);
#5664=LINE('',#16935,#6657);
#5665=LINE('',#16937,#6658);
#5666=LINE('',#16940,#6659);
#5667=LINE('',#16942,#6660);
#5668=LINE('',#16944,#6661);
#5669=LINE('',#16946,#6662);
#5670=LINE('',#16948,#6663);
#5671=LINE('',#16950,#6664);
#5672=LINE('',#16952,#6665);
#5673=LINE('',#16954,#6666);
#5674=LINE('',#16956,#6667);
#5675=LINE('',#16958,#6668);
#5676=LINE('',#16960,#6669);
#5677=LINE('',#16962,#6670);
#5678=LINE('',#16964,#6671);
#5679=LINE('',#16966,#6672);
#5680=LINE('',#16969,#6673);
#5681=LINE('',#16971,#6674);
#5682=LINE('',#16973,#6675);
#5683=LINE('',#16975,#6676);
#5684=LINE('',#16977,#6677);
#5685=LINE('',#16979,#6678);
#5686=LINE('',#16981,#6679);
#5687=LINE('',#16983,#6680);
#5688=LINE('',#16985,#6681);
#5689=LINE('',#16987,#6682);
#5690=LINE('',#16989,#6683);
#5691=LINE('',#16991,#6684);
#5692=LINE('',#16993,#6685);
#5693=LINE('',#16995,#6686);
#5694=LINE('',#17004,#6687);
#5695=LINE('',#17007,#6688);
#5696=LINE('',#17009,#6689);
#5697=LINE('',#17011,#6690);
#5698=LINE('',#17017,#6691);
#5699=LINE('',#17019,#6692);
#5700=LINE('',#17021,#6693);
#5701=LINE('',#17023,#6694);
#5702=LINE('',#17025,#6695);
#5703=LINE('',#17027,#6696);
#5704=LINE('',#17029,#6697);
#5705=LINE('',#17031,#6698);
#5706=LINE('',#17033,#6699);
#5707=VECTOR('',#12282,1000.);
#5708=VECTOR('',#12283,1000.);
#5709=VECTOR('',#12284,1000.);
#5710=VECTOR('',#12285,1000.);
#5711=VECTOR('',#12286,1000.);
#5712=VECTOR('',#12287,1000.);
#5713=VECTOR('',#12288,1000.);
#5714=VECTOR('',#12289,1000.);
#5715=VECTOR('',#12292,1000.);
#5716=VECTOR('',#12293,1000.);
#5717=VECTOR('',#12294,1000.);
#5718=VECTOR('',#12295,1000.);
#5719=VECTOR('',#12296,1000.);
#5720=VECTOR('',#12297,1000.);
#5721=VECTOR('',#12298,1000.);
#5722=VECTOR('',#12299,1000.);
#5723=VECTOR('',#12302,1000.);
#5724=VECTOR('',#12303,1000.);
#5725=VECTOR('',#12304,1000.);
#5726=VECTOR('',#12305,1000.);
#5727=VECTOR('',#12306,1000.);
#5728=VECTOR('',#12307,1000.);
#5729=VECTOR('',#12308,1000.);
#5730=VECTOR('',#12309,1000.);
#5731=VECTOR('',#12312,1000.);
#5732=VECTOR('',#12313,1000.);
#5733=VECTOR('',#12314,1000.);
#5734=VECTOR('',#12315,1000.);
#5735=VECTOR('',#12316,1000.);
#5736=VECTOR('',#12317,1000.);
#5737=VECTOR('',#12318,1000.);
#5738=VECTOR('',#12319,1000.);
#5739=VECTOR('',#12322,1000.);
#5740=VECTOR('',#12323,1000.);
#5741=VECTOR('',#12324,1000.);
#5742=VECTOR('',#12325,1000.);
#5743=VECTOR('',#12326,1000.);
#5744=VECTOR('',#12327,1000.);
#5745=VECTOR('',#12328,1000.);
#5746=VECTOR('',#12329,1000.);
#5747=VECTOR('',#12332,1000.);
#5748=VECTOR('',#12333,1000.);
#5749=VECTOR('',#12334,1000.);
#5750=VECTOR('',#12335,1000.);
#5751=VECTOR('',#12336,1000.);
#5752=VECTOR('',#12337,1000.);
#5753=VECTOR('',#12338,1000.);
#5754=VECTOR('',#12339,1000.);
#5755=VECTOR('',#12342,1000.);
#5756=VECTOR('',#12343,1000.);
#5757=VECTOR('',#12344,1000.);
#5758=VECTOR('',#12345,1000.);
#5759=VECTOR('',#12348,1000.);
#5760=VECTOR('',#12349,1000.);
#5761=VECTOR('',#12350,1000.);
#5762=VECTOR('',#12353,1000.);
#5763=VECTOR('',#12354,1000.);
#5764=VECTOR('',#12355,1000.);
#5765=VECTOR('',#12356,1000.);
#5766=VECTOR('',#12359,1000.);
#5767=VECTOR('',#12360,1000.);
#5768=VECTOR('',#12361,1000.);
#5769=VECTOR('',#12364,1000.);
#5770=VECTOR('',#12365,1000.);
#5771=VECTOR('',#12366,1000.);
#5772=VECTOR('',#12367,1000.);
#5773=VECTOR('',#12370,1000.);
#5774=VECTOR('',#12371,1000.);
#5775=VECTOR('',#12372,1000.);
#5776=VECTOR('',#12375,1000.);
#5777=VECTOR('',#12376,1000.);
#5778=VECTOR('',#12377,1000.);
#5779=VECTOR('',#12378,1000.);
#5780=VECTOR('',#12381,1000.);
#5781=VECTOR('',#12382,1000.);
#5782=VECTOR('',#12383,1000.);
#5783=VECTOR('',#12386,1000.);
#5784=VECTOR('',#12387,1000.);
#5785=VECTOR('',#12388,1000.);
#5786=VECTOR('',#12389,1000.);
#5787=VECTOR('',#12392,1000.);
#5788=VECTOR('',#12393,1000.);
#5789=VECTOR('',#12394,1000.);
#5790=VECTOR('',#12397,1000.);
#5791=VECTOR('',#12398,1000.);
#5792=VECTOR('',#12399,1000.);
#5793=VECTOR('',#12400,1000.);
#5794=VECTOR('',#12403,1000.);
#5795=VECTOR('',#12404,1000.);
#5796=VECTOR('',#12405,1000.);
#5797=VECTOR('',#12408,1000.);
#5798=VECTOR('',#12409,1000.);
#5799=VECTOR('',#12410,1000.);
#5800=VECTOR('',#12411,1000.);
#5801=VECTOR('',#12414,1000.);
#5802=VECTOR('',#12415,1000.);
#5803=VECTOR('',#12416,1000.);
#5804=VECTOR('',#12417,1000.);
#5805=VECTOR('',#12420,1000.);
#5806=VECTOR('',#12421,1000.);
#5807=VECTOR('',#12422,1000.);
#5808=VECTOR('',#12423,1000.);
#5809=VECTOR('',#12426,1000.);
#5810=VECTOR('',#12427,1000.);
#5811=VECTOR('',#12428,1000.);
#5812=VECTOR('',#12429,1000.);
#5813=VECTOR('',#12432,1000.);
#5814=VECTOR('',#12433,1000.);
#5815=VECTOR('',#12434,1000.);
#5816=VECTOR('',#12435,1000.);
#5817=VECTOR('',#12438,1000.);
#5818=VECTOR('',#12439,1000.);
#5819=VECTOR('',#12440,1000.);
#5820=VECTOR('',#12441,1000.);
#5821=VECTOR('',#12444,1000.);
#5822=VECTOR('',#12445,1000.);
#5823=VECTOR('',#12446,1000.);
#5824=VECTOR('',#12447,1000.);
#5825=VECTOR('',#12448,1000.);
#5826=VECTOR('',#12449,1000.);
#5827=VECTOR('',#12452,1000.);
#5828=VECTOR('',#12453,1000.);
#5829=VECTOR('',#12454,1000.);
#5830=VECTOR('',#12455,1000.);
#5831=VECTOR('',#12456,1000.);
#5832=VECTOR('',#12459,1000.);
#5833=VECTOR('',#12460,1000.);
#5834=VECTOR('',#12461,1000.);
#5835=VECTOR('',#12462,1000.);
#5836=VECTOR('',#12463,1000.);
#5837=VECTOR('',#12466,1000.);
#5838=VECTOR('',#12467,1000.);
#5839=VECTOR('',#12468,1000.);
#5840=VECTOR('',#12469,1000.);
#5841=VECTOR('',#12470,1000.);
#5842=VECTOR('',#12471,1000.);
#5843=VECTOR('',#12474,1000.);
#5844=VECTOR('',#12475,1000.);
#5845=VECTOR('',#12476,1000.);
#5846=VECTOR('',#12477,1000.);
#5847=VECTOR('',#12478,1000.);
#5848=VECTOR('',#12481,1000.);
#5849=VECTOR('',#12482,1000.);
#5850=VECTOR('',#12483,1000.);
#5851=VECTOR('',#12484,1000.);
#5852=VECTOR('',#12485,1000.);
#5853=VECTOR('',#12488,1000.);
#5854=VECTOR('',#12489,1000.);
#5855=VECTOR('',#12490,1000.);
#5856=VECTOR('',#12491,1000.);
#5857=VECTOR('',#12492,1000.);
#5858=VECTOR('',#12493,1000.);
#5859=VECTOR('',#12496,1000.);
#5860=VECTOR('',#12497,1000.);
#5861=VECTOR('',#12498,1000.);
#5862=VECTOR('',#12499,1000.);
#5863=VECTOR('',#12500,1000.);
#5864=VECTOR('',#12503,1000.);
#5865=VECTOR('',#12504,1000.);
#5866=VECTOR('',#12505,1000.);
#5867=VECTOR('',#12506,1000.);
#5868=VECTOR('',#12507,1000.);
#5869=VECTOR('',#12510,1000.);
#5870=VECTOR('',#12511,1000.);
#5871=VECTOR('',#12512,1000.);
#5872=VECTOR('',#12513,1000.);
#5873=VECTOR('',#12514,1000.);
#5874=VECTOR('',#12515,1000.);
#5875=VECTOR('',#12518,1000.);
#5876=VECTOR('',#12519,1000.);
#5877=VECTOR('',#12520,1000.);
#5878=VECTOR('',#12521,1000.);
#5879=VECTOR('',#12522,1000.);
#5880=VECTOR('',#12525,1000.);
#5881=VECTOR('',#12526,1000.);
#5882=VECTOR('',#12527,1000.);
#5883=VECTOR('',#12528,1000.);
#5884=VECTOR('',#12529,1000.);
#5885=VECTOR('',#12532,1000.);
#5886=VECTOR('',#12533,1000.);
#5887=VECTOR('',#12534,1000.);
#5888=VECTOR('',#12535,1000.);
#5889=VECTOR('',#12536,1000.);
#5890=VECTOR('',#12537,1000.);
#5891=VECTOR('',#12540,1000.);
#5892=VECTOR('',#12541,1000.);
#5893=VECTOR('',#12542,1000.);
#5894=VECTOR('',#12543,1000.);
#5895=VECTOR('',#12544,1000.);
#5896=VECTOR('',#12547,1000.);
#5897=VECTOR('',#12548,1000.);
#5898=VECTOR('',#12549,1000.);
#5899=VECTOR('',#12550,1000.);
#5900=VECTOR('',#12551,1000.);
#5901=VECTOR('',#12556,1000.);
#5902=VECTOR('',#12557,1000.);
#5903=VECTOR('',#12558,1000.);
#5904=VECTOR('',#12563,1000.);
#5905=VECTOR('',#12564,1000.);
#5906=VECTOR('',#12569,1000.);
#5907=VECTOR('',#12570,1000.);
#5908=VECTOR('',#12571,1000.);
#5909=VECTOR('',#12576,1000.);
#5910=VECTOR('',#12577,1000.);
#5911=VECTOR('',#12582,1000.);
#5912=VECTOR('',#12583,1000.);
#5913=VECTOR('',#12584,1000.);
#5914=VECTOR('',#12589,1000.);
#5915=VECTOR('',#12590,1000.);
#5916=VECTOR('',#12595,1000.);
#5917=VECTOR('',#12596,1000.);
#5918=VECTOR('',#12597,1000.);
#5919=VECTOR('',#12602,1000.);
#5920=VECTOR('',#12603,1000.);
#5921=VECTOR('',#12608,1000.);
#5922=VECTOR('',#12609,1000.);
#5923=VECTOR('',#12610,1000.);
#5924=VECTOR('',#12615,1000.);
#5925=VECTOR('',#12616,1000.);
#5926=VECTOR('',#12619,1000.);
#5927=VECTOR('',#12620,1000.);
#5928=VECTOR('',#12621,1000.);
#5929=VECTOR('',#12622,1000.);
#5930=VECTOR('',#12627,1000.);
#5931=VECTOR('',#12628,1000.);
#5932=VECTOR('',#12629,1000.);
#5933=VECTOR('',#12632,1000.);
#5934=VECTOR('',#12635,1000.);
#5935=VECTOR('',#12636,1000.);
#5936=VECTOR('',#12639,1000.);
#5937=VECTOR('',#12640,1000.);
#5938=VECTOR('',#12641,1000.);
#5939=VECTOR('',#12642,1000.);
#5940=VECTOR('',#12645,1000.);
#5941=VECTOR('',#12646,1000.);
#5942=VECTOR('',#12647,1000.);
#5943=VECTOR('',#12650,1000.);
#5944=VECTOR('',#12651,1000.);
#5945=VECTOR('',#12652,1000.);
#5946=VECTOR('',#12655,1000.);
#5947=VECTOR('',#12656,1000.);
#5948=VECTOR('',#12657,1000.);
#5949=VECTOR('',#12658,1000.);
#5950=VECTOR('',#12661,1000.);
#5951=VECTOR('',#12662,1000.);
#5952=VECTOR('',#12663,1000.);
#5953=VECTOR('',#12666,1000.);
#5954=VECTOR('',#12667,1000.);
#5955=VECTOR('',#12668,1000.);
#5956=VECTOR('',#12671,1000.);
#5957=VECTOR('',#12672,1000.);
#5958=VECTOR('',#12673,1000.);
#5959=VECTOR('',#12674,1000.);
#5960=VECTOR('',#12677,1000.);
#5961=VECTOR('',#12678,1000.);
#5962=VECTOR('',#12679,1000.);
#5963=VECTOR('',#12682,1000.);
#5964=VECTOR('',#12683,1000.);
#5965=VECTOR('',#12684,1000.);
#5966=VECTOR('',#12687,1000.);
#5967=VECTOR('',#12688,1000.);
#5968=VECTOR('',#12689,1000.);
#5969=VECTOR('',#12690,1000.);
#5970=VECTOR('',#12693,1000.);
#5971=VECTOR('',#12694,1000.);
#5972=VECTOR('',#12695,1000.);
#5973=VECTOR('',#12698,1000.);
#5974=VECTOR('',#12699,1000.);
#5975=VECTOR('',#12700,1000.);
#5976=VECTOR('',#12703,1000.);
#5977=VECTOR('',#12704,1000.);
#5978=VECTOR('',#12705,1000.);
#5979=VECTOR('',#12706,1000.);
#5980=VECTOR('',#12709,1000.);
#5981=VECTOR('',#12710,1000.);
#5982=VECTOR('',#12711,1000.);
#5983=VECTOR('',#12714,1000.);
#5984=VECTOR('',#12715,1000.);
#5985=VECTOR('',#12716,1000.);
#5986=VECTOR('',#12719,1000.);
#5987=VECTOR('',#12720,1000.);
#5988=VECTOR('',#12721,1000.);
#5989=VECTOR('',#12722,1000.);
#5990=VECTOR('',#12725,1000.);
#5991=VECTOR('',#12726,1000.);
#5992=VECTOR('',#12727,1000.);
#5993=VECTOR('',#12730,1000.);
#5994=VECTOR('',#12731,1000.);
#5995=VECTOR('',#12732,1000.);
#5996=VECTOR('',#12735,1000.);
#5997=VECTOR('',#12736,1000.);
#5998=VECTOR('',#12737,1000.);
#5999=VECTOR('',#12738,1000.);
#6000=VECTOR('',#12739,1000.);
#6001=VECTOR('',#12740,1000.);
#6002=VECTOR('',#12741,1000.);
#6003=VECTOR('',#12742,1000.);
#6004=VECTOR('',#12743,1000.);
#6005=VECTOR('',#12744,1000.);
#6006=VECTOR('',#12745,1000.);
#6007=VECTOR('',#12746,1000.);
#6008=VECTOR('',#12747,1000.);
#6009=VECTOR('',#12748,1000.);
#6010=VECTOR('',#12749,1000.);
#6011=VECTOR('',#12750,1000.);
#6012=VECTOR('',#12751,1000.);
#6013=VECTOR('',#12752,1000.);
#6014=VECTOR('',#12753,1000.);
#6015=VECTOR('',#12754,1000.);
#6016=VECTOR('',#12755,1000.);
#6017=VECTOR('',#12756,1000.);
#6018=VECTOR('',#12757,1000.);
#6019=VECTOR('',#12758,1000.);
#6020=VECTOR('',#12759,1000.);
#6021=VECTOR('',#12760,1000.);
#6022=VECTOR('',#12761,1000.);
#6023=VECTOR('',#12762,1000.);
#6024=VECTOR('',#12763,1000.);
#6025=VECTOR('',#12764,1000.);
#6026=VECTOR('',#12765,1000.);
#6027=VECTOR('',#12766,1000.);
#6028=VECTOR('',#12769,1000.);
#6029=VECTOR('',#12772,1000.);
#6030=VECTOR('',#12773,1000.);
#6031=VECTOR('',#12776,1000.);
#6032=VECTOR('',#12777,1000.);
#6033=VECTOR('',#12780,1000.);
#6034=VECTOR('',#12781,1000.);
#6035=VECTOR('',#12784,1000.);
#6036=VECTOR('',#12785,1000.);
#6037=VECTOR('',#12788,1000.);
#6038=VECTOR('',#12789,1000.);
#6039=VECTOR('',#12792,1000.);
#6040=VECTOR('',#12793,1000.);
#6041=VECTOR('',#12794,1000.);
#6042=VECTOR('',#12795,1000.);
#6043=VECTOR('',#12796,1000.);
#6044=VECTOR('',#12797,1000.);
#6045=VECTOR('',#12798,1000.);
#6046=VECTOR('',#12799,1000.);
#6047=VECTOR('',#12800,1000.);
#6048=VECTOR('',#12801,1000.);
#6049=VECTOR('',#12802,1000.);
#6050=VECTOR('',#12803,1000.);
#6051=VECTOR('',#12804,1000.);
#6052=VECTOR('',#12805,1000.);
#6053=VECTOR('',#12806,1000.);
#6054=VECTOR('',#12807,1000.);
#6055=VECTOR('',#12808,1000.);
#6056=VECTOR('',#12809,1000.);
#6057=VECTOR('',#12810,1000.);
#6058=VECTOR('',#12811,1000.);
#6059=VECTOR('',#12812,1000.);
#6060=VECTOR('',#12813,1000.);
#6061=VECTOR('',#12814,1000.);
#6062=VECTOR('',#12815,1000.);
#6063=VECTOR('',#12816,1000.);
#6064=VECTOR('',#12817,1000.);
#6065=VECTOR('',#12818,1000.);
#6066=VECTOR('',#12819,1000.);
#6067=VECTOR('',#12820,1000.);
#6068=VECTOR('',#12821,1000.);
#6069=VECTOR('',#12822,1000.);
#6070=VECTOR('',#12823,1000.);
#6071=VECTOR('',#12824,1000.);
#6072=VECTOR('',#12825,1000.);
#6073=VECTOR('',#12826,1000.);
#6074=VECTOR('',#12827,1000.);
#6075=VECTOR('',#12832,1000.);
#6076=VECTOR('',#12837,1000.);
#6077=VECTOR('',#12838,1000.);
#6078=VECTOR('',#12839,1000.);
#6079=VECTOR('',#12842,1000.);
#6080=VECTOR('',#12843,1000.);
#6081=VECTOR('',#12844,1000.);
#6082=VECTOR('',#12845,1000.);
#6083=VECTOR('',#12846,1000.);
#6084=VECTOR('',#12847,1000.);
#6085=VECTOR('',#12848,1000.);
#6086=VECTOR('',#12849,1000.);
#6087=VECTOR('',#12850,1000.);
#6088=VECTOR('',#12851,1000.);
#6089=VECTOR('',#12852,1000.);
#6090=VECTOR('',#12853,1000.);
#6091=VECTOR('',#12854,1000.);
#6092=VECTOR('',#12855,1000.);
#6093=VECTOR('',#12856,1000.);
#6094=VECTOR('',#12857,1000.);
#6095=VECTOR('',#12858,1000.);
#6096=VECTOR('',#12859,1000.);
#6097=VECTOR('',#12860,1000.);
#6098=VECTOR('',#12861,1000.);
#6099=VECTOR('',#12862,1000.);
#6100=VECTOR('',#12863,1000.);
#6101=VECTOR('',#12864,1000.);
#6102=VECTOR('',#12865,1000.);
#6103=VECTOR('',#12866,1000.);
#6104=VECTOR('',#12867,1000.);
#6105=VECTOR('',#12868,1000.);
#6106=VECTOR('',#12869,1000.);
#6107=VECTOR('',#12870,1000.);
#6108=VECTOR('',#12871,1000.);
#6109=VECTOR('',#12872,1000.);
#6110=VECTOR('',#12873,1000.);
#6111=VECTOR('',#12874,1000.);
#6112=VECTOR('',#12875,1000.);
#6113=VECTOR('',#12876,1000.);
#6114=VECTOR('',#12877,1000.);
#6115=VECTOR('',#12878,1000.);
#6116=VECTOR('',#12879,1000.);
#6117=VECTOR('',#12880,1000.);
#6118=VECTOR('',#12881,1000.);
#6119=VECTOR('',#12882,1000.);
#6120=VECTOR('',#12883,1000.);
#6121=VECTOR('',#12884,1000.);
#6122=VECTOR('',#12885,1000.);
#6123=VECTOR('',#12886,1000.);
#6124=VECTOR('',#12887,1000.);
#6125=VECTOR('',#12888,1000.);
#6126=VECTOR('',#12889,1000.);
#6127=VECTOR('',#12890,1000.);
#6128=VECTOR('',#12891,1000.);
#6129=VECTOR('',#12892,1000.);
#6130=VECTOR('',#12895,1000.);
#6131=VECTOR('',#12896,1000.);
#6132=VECTOR('',#12897,1000.);
#6133=VECTOR('',#12900,1000.);
#6134=VECTOR('',#12901,1000.);
#6135=VECTOR('',#12910,1000.);
#6136=VECTOR('',#12911,1000.);
#6137=VECTOR('',#12912,1000.);
#6138=VECTOR('',#12913,1000.);
#6139=VECTOR('',#12914,1000.);
#6140=VECTOR('',#12915,1000.);
#6141=VECTOR('',#12916,1000.);
#6142=VECTOR('',#12917,1000.);
#6143=VECTOR('',#12920,1000.);
#6144=VECTOR('',#12921,1000.);
#6145=VECTOR('',#12922,1000.);
#6146=VECTOR('',#12923,1000.);
#6147=VECTOR('',#12978,1000.);
#6148=VECTOR('',#12979,1000.);
#6149=VECTOR('',#12980,1000.);
#6150=VECTOR('',#12983,1000.);
#6151=VECTOR('',#12984,1000.);
#6152=VECTOR('',#12987,1000.);
#6153=VECTOR('',#12988,1000.);
#6154=VECTOR('',#12991,1000.);
#6155=VECTOR('',#12996,1000.);
#6156=VECTOR('',#12997,1000.);
#6157=VECTOR('',#12998,1000.);
#6158=VECTOR('',#13001,1000.);
#6159=VECTOR('',#13002,1000.);
#6160=VECTOR('',#13005,1000.);
#6161=VECTOR('',#13006,1000.);
#6162=VECTOR('',#13009,1000.);
#6163=VECTOR('',#13014,1000.);
#6164=VECTOR('',#13015,1000.);
#6165=VECTOR('',#13016,1000.);
#6166=VECTOR('',#13019,1000.);
#6167=VECTOR('',#13020,1000.);
#6168=VECTOR('',#13023,1000.);
#6169=VECTOR('',#13024,1000.);
#6170=VECTOR('',#13027,1000.);
#6171=VECTOR('',#13032,1000.);
#6172=VECTOR('',#13033,1000.);
#6173=VECTOR('',#13034,1000.);
#6174=VECTOR('',#13037,1000.);
#6175=VECTOR('',#13038,1000.);
#6176=VECTOR('',#13041,1000.);
#6177=VECTOR('',#13042,1000.);
#6178=VECTOR('',#13045,1000.);
#6179=VECTOR('',#13050,1000.);
#6180=VECTOR('',#13051,1000.);
#6181=VECTOR('',#13052,1000.);
#6182=VECTOR('',#13055,1000.);
#6183=VECTOR('',#13056,1000.);
#6184=VECTOR('',#13059,1000.);
#6185=VECTOR('',#13060,1000.);
#6186=VECTOR('',#13063,1000.);
#6187=VECTOR('',#13068,1000.);
#6188=VECTOR('',#13069,1000.);
#6189=VECTOR('',#13070,1000.);
#6190=VECTOR('',#13073,1000.);
#6191=VECTOR('',#13074,1000.);
#6192=VECTOR('',#13077,1000.);
#6193=VECTOR('',#13078,1000.);
#6194=VECTOR('',#13081,1000.);
#6195=VECTOR('',#13086,1000.);
#6196=VECTOR('',#13087,1000.);
#6197=VECTOR('',#13088,1000.);
#6198=VECTOR('',#13091,1000.);
#6199=VECTOR('',#13092,1000.);
#6200=VECTOR('',#13095,1000.);
#6201=VECTOR('',#13096,1000.);
#6202=VECTOR('',#13099,1000.);
#6203=VECTOR('',#13104,1000.);
#6204=VECTOR('',#13105,1000.);
#6205=VECTOR('',#13106,1000.);
#6206=VECTOR('',#13109,1000.);
#6207=VECTOR('',#13110,1000.);
#6208=VECTOR('',#13113,1000.);
#6209=VECTOR('',#13114,1000.);
#6210=VECTOR('',#13117,1000.);
#6211=VECTOR('',#13122,1000.);
#6212=VECTOR('',#13123,1000.);
#6213=VECTOR('',#13124,1000.);
#6214=VECTOR('',#13127,1000.);
#6215=VECTOR('',#13128,1000.);
#6216=VECTOR('',#13131,1000.);
#6217=VECTOR('',#13132,1000.);
#6218=VECTOR('',#13135,1000.);
#6219=VECTOR('',#13140,1000.);
#6220=VECTOR('',#13141,1000.);
#6221=VECTOR('',#13142,1000.);
#6222=VECTOR('',#13145,1000.);
#6223=VECTOR('',#13146,1000.);
#6224=VECTOR('',#13149,1000.);
#6225=VECTOR('',#13150,1000.);
#6226=VECTOR('',#13153,1000.);
#6227=VECTOR('',#13158,1000.);
#6228=VECTOR('',#13159,1000.);
#6229=VECTOR('',#13160,1000.);
#6230=VECTOR('',#13163,1000.);
#6231=VECTOR('',#13164,1000.);
#6232=VECTOR('',#13167,1000.);
#6233=VECTOR('',#13168,1000.);
#6234=VECTOR('',#13171,1000.);
#6235=VECTOR('',#13176,1000.);
#6236=VECTOR('',#13177,1000.);
#6237=VECTOR('',#13178,1000.);
#6238=VECTOR('',#13181,1000.);
#6239=VECTOR('',#13182,1000.);
#6240=VECTOR('',#13185,1000.);
#6241=VECTOR('',#13186,1000.);
#6242=VECTOR('',#13189,1000.);
#6243=VECTOR('',#13194,1000.);
#6244=VECTOR('',#13195,1000.);
#6245=VECTOR('',#13198,1000.);
#6246=VECTOR('',#13199,1000.);
#6247=VECTOR('',#13202,1000.);
#6248=VECTOR('',#13203,1000.);
#6249=VECTOR('',#13206,1000.);
#6250=VECTOR('',#13207,1000.);
#6251=VECTOR('',#13210,1000.);
#6252=VECTOR('',#13215,1000.);
#6253=VECTOR('',#13216,1000.);
#6254=VECTOR('',#13219,1000.);
#6255=VECTOR('',#13220,1000.);
#6256=VECTOR('',#13223,1000.);
#6257=VECTOR('',#13228,1000.);
#6258=VECTOR('',#13229,1000.);
#6259=VECTOR('',#13230,1000.);
#6260=VECTOR('',#13233,1000.);
#6261=VECTOR('',#13234,1000.);
#6262=VECTOR('',#13235,1000.);
#6263=VECTOR('',#13236,1000.);
#6264=VECTOR('',#13239,1000.);
#6265=VECTOR('',#13240,1000.);
#6266=VECTOR('',#13243,1000.);
#6267=VECTOR('',#13244,1000.);
#6268=VECTOR('',#13249,1000.);
#6269=VECTOR('',#13254,1000.);
#6270=VECTOR('',#13257,1000.);
#6271=VECTOR('',#13298,1000.);
#6272=VECTOR('',#13299,1000.);
#6273=VECTOR('',#13300,1000.);
#6274=VECTOR('',#13301,1000.);
#6275=VECTOR('',#13316,1000.);
#6276=VECTOR('',#13319,1000.);
#6277=VECTOR('',#13320,1000.);
#6278=VECTOR('',#13321,1000.);
#6279=VECTOR('',#13324,1000.);
#6280=VECTOR('',#13327,1000.);
#6281=VECTOR('',#13330,1000.);
#6282=VECTOR('',#13333,1000.);
#6283=VECTOR('',#13336,1000.);
#6284=VECTOR('',#13341,1000.);
#6285=VECTOR('',#13348,1000.);
#6286=VECTOR('',#13351,1000.);
#6287=VECTOR('',#13356,1000.);
#6288=VECTOR('',#13359,1000.);
#6289=VECTOR('',#13362,1000.);
#6290=VECTOR('',#13365,1000.);
#6291=VECTOR('',#13368,1000.);
#6292=VECTOR('',#13369,1000.);
#6293=VECTOR('',#13370,1000.);
#6294=VECTOR('',#13371,1000.);
#6295=VECTOR('',#13376,1000.);
#6296=VECTOR('',#13377,1000.);
#6297=VECTOR('',#13378,1000.);
#6298=VECTOR('',#13383,1000.);
#6299=VECTOR('',#13386,1000.);
#6300=VECTOR('',#13389,1000.);
#6301=VECTOR('',#13392,1000.);
#6302=VECTOR('',#13397,1000.);
#6303=VECTOR('',#13400,1000.);
#6304=VECTOR('',#13405,1000.);
#6305=VECTOR('',#13406,1000.);
#6306=VECTOR('',#13407,1000.);
#6307=VECTOR('',#13408,1000.);
#6308=VECTOR('',#13423,1000.);
#6309=VECTOR('',#13424,1000.);
#6310=VECTOR('',#13425,1000.);
#6311=VECTOR('',#13426,1000.);
#6312=VECTOR('',#13441,1000.);
#6313=VECTOR('',#13442,1000.);
#6314=VECTOR('',#13443,1000.);
#6315=VECTOR('',#13444,1000.);
#6316=VECTOR('',#13459,1000.);
#6317=VECTOR('',#13460,1000.);
#6318=VECTOR('',#13461,1000.);
#6319=VECTOR('',#13462,1000.);
#6320=VECTOR('',#13477,1000.);
#6321=VECTOR('',#13478,1000.);
#6322=VECTOR('',#13479,1000.);
#6323=VECTOR('',#13480,1000.);
#6324=VECTOR('',#13495,1000.);
#6325=VECTOR('',#13496,1000.);
#6326=VECTOR('',#13497,1000.);
#6327=VECTOR('',#13498,1000.);
#6328=VECTOR('',#13505,1000.);
#6329=VECTOR('',#13506,1000.);
#6330=VECTOR('',#13509,1000.);
#6331=VECTOR('',#13510,1000.);
#6332=VECTOR('',#13511,1000.);
#6333=VECTOR('',#13514,1000.);
#6334=VECTOR('',#13515,1000.);
#6335=VECTOR('',#13518,1000.);
#6336=VECTOR('',#13521,1000.);
#6337=VECTOR('',#13524,1000.);
#6338=VECTOR('',#13531,1000.);
#6339=VECTOR('',#13536,1000.);
#6340=VECTOR('',#13543,1000.);
#6341=VECTOR('',#13546,1000.);
#6342=VECTOR('',#13551,1000.);
#6343=VECTOR('',#13556,1000.);
#6344=VECTOR('',#13559,1000.);
#6345=VECTOR('',#13562,1000.);
#6346=VECTOR('',#13563,1000.);
#6347=VECTOR('',#13564,1000.);
#6348=VECTOR('',#13565,1000.);
#6349=VECTOR('',#13570,1000.);
#6350=VECTOR('',#13571,1000.);
#6351=VECTOR('',#13572,1000.);
#6352=VECTOR('',#13577,1000.);
#6353=VECTOR('',#13580,1000.);
#6354=VECTOR('',#13583,1000.);
#6355=VECTOR('',#13590,1000.);
#6356=VECTOR('',#13593,1000.);
#6357=VECTOR('',#13598,1000.);
#6358=VECTOR('',#13599,1000.);
#6359=VECTOR('',#13600,1000.);
#6360=VECTOR('',#13601,1000.);
#6361=VECTOR('',#13608,1000.);
#6362=VECTOR('',#13609,1000.);
#6363=VECTOR('',#13612,1000.);
#6364=VECTOR('',#13613,1000.);
#6365=VECTOR('',#13614,1000.);
#6366=VECTOR('',#13617,1000.);
#6367=VECTOR('',#13618,1000.);
#6368=VECTOR('',#13621,1000.);
#6369=VECTOR('',#13624,1000.);
#6370=VECTOR('',#13627,1000.);
#6371=VECTOR('',#13634,1000.);
#6372=VECTOR('',#13639,1000.);
#6373=VECTOR('',#13646,1000.);
#6374=VECTOR('',#13649,1000.);
#6375=VECTOR('',#13654,1000.);
#6376=VECTOR('',#13659,1000.);
#6377=VECTOR('',#13662,1000.);
#6378=VECTOR('',#13665,1000.);
#6379=VECTOR('',#13666,1000.);
#6380=VECTOR('',#13667,1000.);
#6381=VECTOR('',#13668,1000.);
#6382=VECTOR('',#13673,1000.);
#6383=VECTOR('',#13674,1000.);
#6384=VECTOR('',#13675,1000.);
#6385=VECTOR('',#13680,1000.);
#6386=VECTOR('',#13683,1000.);
#6387=VECTOR('',#13686,1000.);
#6388=VECTOR('',#13693,1000.);
#6389=VECTOR('',#13696,1000.);
#6390=VECTOR('',#13701,1000.);
#6391=VECTOR('',#13702,1000.);
#6392=VECTOR('',#13703,1000.);
#6393=VECTOR('',#13704,1000.);
#6394=VECTOR('',#13711,1000.);
#6395=VECTOR('',#13712,1000.);
#6396=VECTOR('',#13715,1000.);
#6397=VECTOR('',#13716,1000.);
#6398=VECTOR('',#13717,1000.);
#6399=VECTOR('',#13720,1000.);
#6400=VECTOR('',#13721,1000.);
#6401=VECTOR('',#13724,1000.);
#6402=VECTOR('',#13727,1000.);
#6403=VECTOR('',#13730,1000.);
#6404=VECTOR('',#13737,1000.);
#6405=VECTOR('',#13742,1000.);
#6406=VECTOR('',#13749,1000.);
#6407=VECTOR('',#13752,1000.);
#6408=VECTOR('',#13757,1000.);
#6409=VECTOR('',#13762,1000.);
#6410=VECTOR('',#13765,1000.);
#6411=VECTOR('',#13768,1000.);
#6412=VECTOR('',#13769,1000.);
#6413=VECTOR('',#13770,1000.);
#6414=VECTOR('',#13771,1000.);
#6415=VECTOR('',#13776,1000.);
#6416=VECTOR('',#13777,1000.);
#6417=VECTOR('',#13778,1000.);
#6418=VECTOR('',#13783,1000.);
#6419=VECTOR('',#13786,1000.);
#6420=VECTOR('',#13789,1000.);
#6421=VECTOR('',#13796,1000.);
#6422=VECTOR('',#13799,1000.);
#6423=VECTOR('',#13804,1000.);
#6424=VECTOR('',#13805,1000.);
#6425=VECTOR('',#13806,1000.);
#6426=VECTOR('',#13807,1000.);
#6427=VECTOR('',#13814,1000.);
#6428=VECTOR('',#13815,1000.);
#6429=VECTOR('',#13818,1000.);
#6430=VECTOR('',#13819,1000.);
#6431=VECTOR('',#13820,1000.);
#6432=VECTOR('',#13823,1000.);
#6433=VECTOR('',#13824,1000.);
#6434=VECTOR('',#13827,1000.);
#6435=VECTOR('',#13830,1000.);
#6436=VECTOR('',#13833,1000.);
#6437=VECTOR('',#13840,1000.);
#6438=VECTOR('',#13845,1000.);
#6439=VECTOR('',#13852,1000.);
#6440=VECTOR('',#13855,1000.);
#6441=VECTOR('',#13860,1000.);
#6442=VECTOR('',#13865,1000.);
#6443=VECTOR('',#13868,1000.);
#6444=VECTOR('',#13871,1000.);
#6445=VECTOR('',#13872,1000.);
#6446=VECTOR('',#13873,1000.);
#6447=VECTOR('',#13874,1000.);
#6448=VECTOR('',#13879,1000.);
#6449=VECTOR('',#13880,1000.);
#6450=VECTOR('',#13881,1000.);
#6451=VECTOR('',#13886,1000.);
#6452=VECTOR('',#13889,1000.);
#6453=VECTOR('',#13892,1000.);
#6454=VECTOR('',#13899,1000.);
#6455=VECTOR('',#13902,1000.);
#6456=VECTOR('',#13907,1000.);
#6457=VECTOR('',#13908,1000.);
#6458=VECTOR('',#13909,1000.);
#6459=VECTOR('',#13910,1000.);
#6460=VECTOR('',#13917,1000.);
#6461=VECTOR('',#13918,1000.);
#6462=VECTOR('',#13921,1000.);
#6463=VECTOR('',#13922,1000.);
#6464=VECTOR('',#13923,1000.);
#6465=VECTOR('',#13926,1000.);
#6466=VECTOR('',#13927,1000.);
#6467=VECTOR('',#13930,1000.);
#6468=VECTOR('',#13933,1000.);
#6469=VECTOR('',#13936,1000.);
#6470=VECTOR('',#13943,1000.);
#6471=VECTOR('',#13948,1000.);
#6472=VECTOR('',#13955,1000.);
#6473=VECTOR('',#13958,1000.);
#6474=VECTOR('',#13963,1000.);
#6475=VECTOR('',#13968,1000.);
#6476=VECTOR('',#13971,1000.);
#6477=VECTOR('',#13974,1000.);
#6478=VECTOR('',#13975,1000.);
#6479=VECTOR('',#13976,1000.);
#6480=VECTOR('',#13977,1000.);
#6481=VECTOR('',#13982,1000.);
#6482=VECTOR('',#13983,1000.);
#6483=VECTOR('',#13984,1000.);
#6484=VECTOR('',#13989,1000.);
#6485=VECTOR('',#13992,1000.);
#6486=VECTOR('',#13995,1000.);
#6487=VECTOR('',#14002,1000.);
#6488=VECTOR('',#14005,1000.);
#6489=VECTOR('',#14010,1000.);
#6490=VECTOR('',#14011,1000.);
#6491=VECTOR('',#14014,1000.);
#6492=VECTOR('',#14019,1000.);
#6493=VECTOR('',#14020,1000.);
#6494=VECTOR('',#14023,1000.);
#6495=VECTOR('',#14024,1000.);
#6496=VECTOR('',#14027,1000.);
#6497=VECTOR('',#14032,1000.);
#6498=VECTOR('',#14033,1000.);
#6499=VECTOR('',#14036,1000.);
#6500=VECTOR('',#14039,1000.);
#6501=VECTOR('',#14044,1000.);
#6502=VECTOR('',#14049,1000.);
#6503=VECTOR('',#14050,1000.);
#6504=VECTOR('',#14051,1000.);
#6505=VECTOR('',#14052,1000.);
#6506=VECTOR('',#14053,1000.);
#6507=VECTOR('',#14054,1000.);
#6508=VECTOR('',#14067,1000.);
#6509=VECTOR('',#14068,1000.);
#6510=VECTOR('',#14071,1000.);
#6511=VECTOR('',#14076,1000.);
#6512=VECTOR('',#14077,1000.);
#6513=VECTOR('',#14080,1000.);
#6514=VECTOR('',#14081,1000.);
#6515=VECTOR('',#14084,1000.);
#6516=VECTOR('',#14089,1000.);
#6517=VECTOR('',#14090,1000.);
#6518=VECTOR('',#14093,1000.);
#6519=VECTOR('',#14096,1000.);
#6520=VECTOR('',#14101,1000.);
#6521=VECTOR('',#14106,1000.);
#6522=VECTOR('',#14107,1000.);
#6523=VECTOR('',#14108,1000.);
#6524=VECTOR('',#14109,1000.);
#6525=VECTOR('',#14110,1000.);
#6526=VECTOR('',#14111,1000.);
#6527=VECTOR('',#14124,1000.);
#6528=VECTOR('',#14125,1000.);
#6529=VECTOR('',#14128,1000.);
#6530=VECTOR('',#14133,1000.);
#6531=VECTOR('',#14134,1000.);
#6532=VECTOR('',#14137,1000.);
#6533=VECTOR('',#14138,1000.);
#6534=VECTOR('',#14141,1000.);
#6535=VECTOR('',#14146,1000.);
#6536=VECTOR('',#14147,1000.);
#6537=VECTOR('',#14150,1000.);
#6538=VECTOR('',#14153,1000.);
#6539=VECTOR('',#14158,1000.);
#6540=VECTOR('',#14163,1000.);
#6541=VECTOR('',#14164,1000.);
#6542=VECTOR('',#14165,1000.);
#6543=VECTOR('',#14166,1000.);
#6544=VECTOR('',#14167,1000.);
#6545=VECTOR('',#14168,1000.);
#6546=VECTOR('',#14181,1000.);
#6547=VECTOR('',#14182,1000.);
#6548=VECTOR('',#14185,1000.);
#6549=VECTOR('',#14190,1000.);
#6550=VECTOR('',#14191,1000.);
#6551=VECTOR('',#14194,1000.);
#6552=VECTOR('',#14195,1000.);
#6553=VECTOR('',#14198,1000.);
#6554=VECTOR('',#14203,1000.);
#6555=VECTOR('',#14204,1000.);
#6556=VECTOR('',#14207,1000.);
#6557=VECTOR('',#14210,1000.);
#6558=VECTOR('',#14215,1000.);
#6559=VECTOR('',#14220,1000.);
#6560=VECTOR('',#14221,1000.);
#6561=VECTOR('',#14222,1000.);
#6562=VECTOR('',#14223,1000.);
#6563=VECTOR('',#14224,1000.);
#6564=VECTOR('',#14225,1000.);
#6565=VECTOR('',#14238,1000.);
#6566=VECTOR('',#14239,1000.);
#6567=VECTOR('',#14242,1000.);
#6568=VECTOR('',#14247,1000.);
#6569=VECTOR('',#14248,1000.);
#6570=VECTOR('',#14251,1000.);
#6571=VECTOR('',#14252,1000.);
#6572=VECTOR('',#14255,1000.);
#6573=VECTOR('',#14260,1000.);
#6574=VECTOR('',#14261,1000.);
#6575=VECTOR('',#14264,1000.);
#6576=VECTOR('',#14267,1000.);
#6577=VECTOR('',#14272,1000.);
#6578=VECTOR('',#14277,1000.);
#6579=VECTOR('',#14278,1000.);
#6580=VECTOR('',#14279,1000.);
#6581=VECTOR('',#14280,1000.);
#6582=VECTOR('',#14281,1000.);
#6583=VECTOR('',#14282,1000.);
#6584=VECTOR('',#14295,1000.);
#6585=VECTOR('',#14296,1000.);
#6586=VECTOR('',#14299,1000.);
#6587=VECTOR('',#14304,1000.);
#6588=VECTOR('',#14305,1000.);
#6589=VECTOR('',#14308,1000.);
#6590=VECTOR('',#14309,1000.);
#6591=VECTOR('',#14312,1000.);
#6592=VECTOR('',#14317,1000.);
#6593=VECTOR('',#14318,1000.);
#6594=VECTOR('',#14321,1000.);
#6595=VECTOR('',#14324,1000.);
#6596=VECTOR('',#14329,1000.);
#6597=VECTOR('',#14334,1000.);
#6598=VECTOR('',#14335,1000.);
#6599=VECTOR('',#14336,1000.);
#6600=VECTOR('',#14337,1000.);
#6601=VECTOR('',#14338,1000.);
#6602=VECTOR('',#14339,1000.);
#6603=VECTOR('',#14376,1000.);
#6604=VECTOR('',#14377,1000.);
#6605=VECTOR('',#14378,1000.);
#6606=VECTOR('',#14379,1000.);
#6607=VECTOR('',#14380,1000.);
#6608=VECTOR('',#14383,1000.);
#6609=VECTOR('',#14384,1000.);
#6610=VECTOR('',#14387,1000.);
#6611=VECTOR('',#14388,1000.);
#6612=VECTOR('',#14391,1000.);
#6613=VECTOR('',#14392,1000.);
#6614=VECTOR('',#14393,1000.);
#6615=VECTOR('',#14396,1000.);
#6616=VECTOR('',#14399,1000.);
#6617=VECTOR('',#14404,1000.);
#6618=VECTOR('',#14405,1000.);
#6619=VECTOR('',#14406,1000.);
#6620=VECTOR('',#14407,1000.);
#6621=VECTOR('',#14408,1000.);
#6622=VECTOR('',#14411,1000.);
#6623=VECTOR('',#14412,1000.);
#6624=VECTOR('',#14415,1000.);
#6625=VECTOR('',#14416,1000.);
#6626=VECTOR('',#14419,1000.);
#6627=VECTOR('',#14420,1000.);
#6628=VECTOR('',#14421,1000.);
#6629=VECTOR('',#14424,1000.);
#6630=VECTOR('',#14427,1000.);
#6631=VECTOR('',#14432,1000.);
#6632=VECTOR('',#14433,1000.);
#6633=VECTOR('',#14434,1000.);
#6634=VECTOR('',#14435,1000.);
#6635=VECTOR('',#14436,1000.);
#6636=VECTOR('',#14439,1000.);
#6637=VECTOR('',#14440,1000.);
#6638=VECTOR('',#14443,1000.);
#6639=VECTOR('',#14444,1000.);
#6640=VECTOR('',#14447,1000.);
#6641=VECTOR('',#14448,1000.);
#6642=VECTOR('',#14449,1000.);
#6643=VECTOR('',#14452,1000.);
#6644=VECTOR('',#14455,1000.);
#6645=VECTOR('',#14460,1000.);
#6646=VECTOR('',#14461,1000.);
#6647=VECTOR('',#14462,1000.);
#6648=VECTOR('',#14463,1000.);
#6649=VECTOR('',#14464,1000.);
#6650=VECTOR('',#14467,1000.);
#6651=VECTOR('',#14468,1000.);
#6652=VECTOR('',#14471,1000.);
#6653=VECTOR('',#14472,1000.);
#6654=VECTOR('',#14475,1000.);
#6655=VECTOR('',#14476,1000.);
#6656=VECTOR('',#14477,1000.);
#6657=VECTOR('',#14480,1000.);
#6658=VECTOR('',#14483,1000.);
#6659=VECTOR('',#14488,1000.);
#6660=VECTOR('',#14489,1000.);
#6661=VECTOR('',#14490,1000.);
#6662=VECTOR('',#14491,1000.);
#6663=VECTOR('',#14492,1000.);
#6664=VECTOR('',#14495,1000.);
#6665=VECTOR('',#14496,1000.);
#6666=VECTOR('',#14499,1000.);
#6667=VECTOR('',#14500,1000.);
#6668=VECTOR('',#14503,1000.);
#6669=VECTOR('',#14504,1000.);
#6670=VECTOR('',#14505,1000.);
#6671=VECTOR('',#14508,1000.);
#6672=VECTOR('',#14511,1000.);
#6673=VECTOR('',#14516,1000.);
#6674=VECTOR('',#14517,1000.);
#6675=VECTOR('',#14518,1000.);
#6676=VECTOR('',#14519,1000.);
#6677=VECTOR('',#14520,1000.);
#6678=VECTOR('',#14523,1000.);
#6679=VECTOR('',#14524,1000.);
#6680=VECTOR('',#14527,1000.);
#6681=VECTOR('',#14528,1000.);
#6682=VECTOR('',#14531,1000.);
#6683=VECTOR('',#14532,1000.);
#6684=VECTOR('',#14533,1000.);
#6685=VECTOR('',#14536,1000.);
#6686=VECTOR('',#14539,1000.);
#6687=VECTOR('',#14556,1000.);
#6688=VECTOR('',#14557,1000.);
#6689=VECTOR('',#14558,1000.);
#6690=VECTOR('',#14559,1000.);
#6691=VECTOR('',#14566,1000.);
#6692=VECTOR('',#14569,1000.);
#6693=VECTOR('',#14570,1000.);
#6694=VECTOR('',#14571,1000.);
#6695=VECTOR('',#14574,1000.);
#6696=VECTOR('',#14575,1000.);
#6697=VECTOR('',#14578,1000.);
#6698=VECTOR('',#14579,1000.);
#6699=VECTOR('',#14582,1000.);
#6700=EDGE_LOOP('',(#308,#309,#310,#311,#312,#313,#314,#315));
#6701=EDGE_LOOP('',(#316,#317,#318,#319,#320,#321,#322,#323));
#6702=EDGE_LOOP('',(#324,#325,#326,#327,#328,#329,#330,#331));
#6703=EDGE_LOOP('',(#332,#333,#334,#335,#336,#337,#338,#339));
#6704=EDGE_LOOP('',(#340,#341,#342,#343,#344,#345,#346,#347));
#6705=EDGE_LOOP('',(#348,#349,#350,#351,#352,#353,#354,#355));
#6706=EDGE_LOOP('',(#356,#357,#358,#359,#360,#361));
#6707=EDGE_LOOP('',(#362,#363,#364,#365));
#6708=EDGE_LOOP('',(#366,#367,#368,#369,#370,#371));
#6709=EDGE_LOOP('',(#372,#373,#374,#375));
#6710=EDGE_LOOP('',(#376,#377,#378,#379,#380,#381));
#6711=EDGE_LOOP('',(#382,#383,#384,#385));
#6712=EDGE_LOOP('',(#386,#387,#388,#389,#390,#391));
#6713=EDGE_LOOP('',(#392,#393,#394,#395));
#6714=EDGE_LOOP('',(#396,#397,#398,#399,#400,#401));
#6715=EDGE_LOOP('',(#402,#403,#404,#405));
#6716=EDGE_LOOP('',(#406,#407,#408,#409,#410,#411));
#6717=EDGE_LOOP('',(#412,#413,#414,#415));
#6718=EDGE_LOOP('',(#416,#417,#418,#419));
#6719=EDGE_LOOP('',(#420,#421,#422,#423));
#6720=EDGE_LOOP('',(#424,#425,#426,#427));
#6721=EDGE_LOOP('',(#428,#429,#430,#431));
#6722=EDGE_LOOP('',(#432,#433,#434,#435));
#6723=EDGE_LOOP('',(#436,#437,#438,#439));
#6724=EDGE_LOOP('',(#440,#441,#442,#443,#444,#445));
#6725=EDGE_LOOP('',(#446,#447,#448,#449,#450,#451));
#6726=EDGE_LOOP('',(#452,#453,#454,#455,#456,#457));
#6727=EDGE_LOOP('',(#458,#459,#460,#461,#462,#463));
#6728=EDGE_LOOP('',(#464,#465,#466,#467,#468,#469));
#6729=EDGE_LOOP('',(#470,#471,#472,#473,#474,#475));
#6730=EDGE_LOOP('',(#476,#477,#478,#479,#480,#481));
#6731=EDGE_LOOP('',(#482,#483,#484,#485,#486,#487));
#6732=EDGE_LOOP('',(#488,#489,#490,#491,#492,#493));
#6733=EDGE_LOOP('',(#494,#495,#496,#497,#498,#499));
#6734=EDGE_LOOP('',(#500,#501,#502,#503,#504,#505));
#6735=EDGE_LOOP('',(#506,#507,#508,#509,#510,#511));
#6736=EDGE_LOOP('',(#512,#513,#514,#515,#516,#517));
#6737=EDGE_LOOP('',(#518,#519,#520,#521,#522,#523));
#6738=EDGE_LOOP('',(#524,#525,#526,#527,#528,#529));
#6739=EDGE_LOOP('',(#530,#531,#532,#533,#534));
#6740=EDGE_LOOP('',(#535,#536,#537,#538,#539));
#6741=EDGE_LOOP('',(#540,#541,#542,#543,#544));
#6742=EDGE_LOOP('',(#545,#546,#547,#548,#549));
#6743=EDGE_LOOP('',(#550,#551,#552,#553,#554));
#6744=EDGE_LOOP('',(#555,#556,#557,#558,#559));
#6745=EDGE_LOOP('',(#560,#561,#562,#563,#564));
#6746=EDGE_LOOP('',(#565,#566,#567,#568,#569));
#6747=EDGE_LOOP('',(#570,#571,#572,#573,#574));
#6748=EDGE_LOOP('',(#575,#576,#577,#578,#579));
#6749=EDGE_LOOP('',(#580,#581,#582,#583));
#6750=EDGE_LOOP('',(#584,#585,#586,#587,#588));
#6751=EDGE_LOOP('',(#589,#590,#591,#592,#593));
#6752=EDGE_LOOP('',(#594,#595,#596,#597));
#6753=EDGE_LOOP('',(#598,#599,#600,#601));
#6754=EDGE_LOOP('',(#602,#603,#604,#605));
#6755=EDGE_LOOP('',(#606,#607,#608,#609));
#6756=EDGE_LOOP('',(#610,#611,#612,#613));
#6757=EDGE_LOOP('',(#614,#615,#616,#617));
#6758=EDGE_LOOP('',(#618,#619,#620,#621));
#6759=EDGE_LOOP('',(#622,#623,#624,#625));
#6760=EDGE_LOOP('',(#626,#627,#628,#629));
#6761=EDGE_LOOP('',(#630,#631,#632,#633));
#6762=EDGE_LOOP('',(#634,#635,#636,#637));
#6763=EDGE_LOOP('',(#638,#639,#640,#641));
#6764=EDGE_LOOP('',(#642,#643,#644,#645));
#6765=EDGE_LOOP('',(#646,#647,#648,#649));
#6766=EDGE_LOOP('',(#650,#651,#652,#653));
#6767=EDGE_LOOP('',(#654,#655,#656,#657));
#6768=EDGE_LOOP('',(#658,#659,#660,#661));
#6769=EDGE_LOOP('',(#662,#663,#664,#665));
#6770=EDGE_LOOP('',(#666,#667,#668,#669));
#6771=EDGE_LOOP('',(#670,#671,#672,#673));
#6772=EDGE_LOOP('',(#674,#675,#676,#677));
#6773=EDGE_LOOP('',(#678,#679,#680,#681));
#6774=EDGE_LOOP('',(#682,#683,#684,#685));
#6775=EDGE_LOOP('',(#686,#687,#688,#689));
#6776=EDGE_LOOP('',(#690,#691,#692,#693,#694,#695,#696,#697));
#6777=EDGE_LOOP('',(#698,#699,#700,#701));
#6778=EDGE_LOOP('',(#702,#703,#704,#705));
#6779=EDGE_LOOP('',(#706,#707,#708,#709));
#6780=EDGE_LOOP('',(#710,#711,#712,#713));
#6781=EDGE_LOOP('',(#714,#715,#716,#717));
#6782=EDGE_LOOP('',(#718,#719,#720,#721));
#6783=EDGE_LOOP('',(#722,#723,#724,#725));
#6784=EDGE_LOOP('',(#726,#727,#728,#729));
#6785=EDGE_LOOP('',(#730,#731,#732,#733));
#6786=EDGE_LOOP('',(#734,#735,#736,#737));
#6787=EDGE_LOOP('',(#738,#739,#740,#741));
#6788=EDGE_LOOP('',(#742,#743,#744,#745));
#6789=EDGE_LOOP('',(#746,#747,#748,#749,#750,#751,#752,#753));
#6790=EDGE_LOOP('',(#754,#755,#756,#757,#758,#759,#760,#761));
#6791=EDGE_LOOP('',(#762,#763,#764,#765,#766,#767,#768,#769));
#6792=EDGE_LOOP('',(#770,#771,#772,#773,#774,#775,#776,#777));
#6793=EDGE_LOOP('',(#778,#779,#780,#781,#782,#783,#784,#785));
#6794=EDGE_LOOP('',(#786,#787,#788,#789,#790,#791,#792,#793));
#6795=EDGE_LOOP('',(#794,#795,#796,#797,#798,#799));
#6796=EDGE_LOOP('',(#800,#801,#802,#803));
#6797=EDGE_LOOP('',(#804,#805,#806,#807));
#6798=EDGE_LOOP('',(#808,#809,#810,#811));
#6799=EDGE_LOOP('',(#812,#813,#814,#815));
#6800=EDGE_LOOP('',(#816,#817,#818,#819));
#6801=EDGE_LOOP('',(#820,#821,#822,#823));
#6802=EDGE_LOOP('',(#824,#825,#826,#827));
#6803=EDGE_LOOP('',(#828,#829,#830,#831));
#6804=EDGE_LOOP('',(#832,#833,#834,#835));
#6805=EDGE_LOOP('',(#836,#837,#838,#839));
#6806=EDGE_LOOP('',(#840,#841,#842,#843));
#6807=EDGE_LOOP('',(#844,#845,#846,#847));
#6808=EDGE_LOOP('',(#848,#849,#850,#851));
#6809=EDGE_LOOP('',(#852,#853,#854,#855));
#6810=EDGE_LOOP('',(#856,#857,#858,#859));
#6811=EDGE_LOOP('',(#860,#861,#862,#863));
#6812=EDGE_LOOP('',(#864,#865,#866,#867));
#6813=EDGE_LOOP('',(#868,#869,#870,#871));
#6814=EDGE_LOOP('',(#872,#873,#874,#875,#876,#877,#878,#879,#880,#881,#882,
#883,#884,#885,#886,#887,#888,#889));
#6815=EDGE_LOOP('',(#890,#891,#892,#893,#894));
#6816=EDGE_LOOP('',(#895));
#6817=EDGE_LOOP('',(#896));
#6818=EDGE_LOOP('',(#897));
#6819=EDGE_LOOP('',(#898));
#6820=EDGE_LOOP('',(#899));
#6821=EDGE_LOOP('',(#900,#901,#902,#903,#904,#905,#906,#907));
#6822=EDGE_LOOP('',(#908));
#6823=EDGE_LOOP('',(#909));
#6824=EDGE_LOOP('',(#910));
#6825=EDGE_LOOP('',(#911));
#6826=EDGE_LOOP('',(#912));
#6827=EDGE_LOOP('',(#913));
#6828=EDGE_LOOP('',(#914));
#6829=EDGE_LOOP('',(#915));
#6830=EDGE_LOOP('',(#916));
#6831=EDGE_LOOP('',(#917));
#6832=EDGE_LOOP('',(#918));
#6833=EDGE_LOOP('',(#919));
#6834=EDGE_LOOP('',(#920));
#6835=EDGE_LOOP('',(#921));
#6836=EDGE_LOOP('',(#922));
#6837=EDGE_LOOP('',(#923,#924,#925,#926,#927));
#6838=EDGE_LOOP('',(#928,#929,#930,#931,#932));
#6839=EDGE_LOOP('',(#933,#934,#935,#936,#937));
#6840=EDGE_LOOP('',(#938,#939,#940,#941,#942));
#6841=EDGE_LOOP('',(#943,#944,#945,#946,#947));
#6842=EDGE_LOOP('',(#948,#949,#950,#951));
#6843=EDGE_LOOP('',(#952,#953,#954,#955));
#6844=EDGE_LOOP('',(#956,#957,#958,#959));
#6845=EDGE_LOOP('',(#960,#961,#962,#963));
#6846=EDGE_LOOP('',(#964,#965,#966,#967));
#6847=EDGE_LOOP('',(#968,#969,#970,#971));
#6848=EDGE_LOOP('',(#972,#973,#974,#975));
#6849=EDGE_LOOP('',(#976,#977,#978,#979));
#6850=EDGE_LOOP('',(#980,#981,#982,#983));
#6851=EDGE_LOOP('',(#984,#985,#986,#987));
#6852=EDGE_LOOP('',(#988,#989,#990,#991));
#6853=EDGE_LOOP('',(#992,#993,#994,#995));
#6854=EDGE_LOOP('',(#996,#997,#998,#999));
#6855=EDGE_LOOP('',(#1000,#1001,#1002,#1003));
#6856=EDGE_LOOP('',(#1004,#1005,#1006,#1007));
#6857=EDGE_LOOP('',(#1008,#1009,#1010,#1011));
#6858=EDGE_LOOP('',(#1012,#1013,#1014,#1015));
#6859=EDGE_LOOP('',(#1016,#1017,#1018,#1019));
#6860=EDGE_LOOP('',(#1020,#1021,#1022,#1023));
#6861=EDGE_LOOP('',(#1024,#1025,#1026,#1027));
#6862=EDGE_LOOP('',(#1028,#1029,#1030,#1031));
#6863=EDGE_LOOP('',(#1032,#1033,#1034,#1035));
#6864=EDGE_LOOP('',(#1036,#1037,#1038,#1039));
#6865=EDGE_LOOP('',(#1040,#1041,#1042,#1043));
#6866=EDGE_LOOP('',(#1044,#1045,#1046,#1047));
#6867=EDGE_LOOP('',(#1048,#1049,#1050,#1051));
#6868=EDGE_LOOP('',(#1052,#1053,#1054,#1055));
#6869=EDGE_LOOP('',(#1056,#1057,#1058,#1059));
#6870=EDGE_LOOP('',(#1060,#1061,#1062,#1063));
#6871=EDGE_LOOP('',(#1064,#1065,#1066,#1067));
#6872=EDGE_LOOP('',(#1068,#1069,#1070,#1071));
#6873=EDGE_LOOP('',(#1072,#1073,#1074,#1075));
#6874=EDGE_LOOP('',(#1076,#1077,#1078,#1079));
#6875=EDGE_LOOP('',(#1080,#1081,#1082,#1083));
#6876=EDGE_LOOP('',(#1084,#1085,#1086,#1087));
#6877=EDGE_LOOP('',(#1088,#1089,#1090,#1091));
#6878=EDGE_LOOP('',(#1092,#1093,#1094,#1095));
#6879=EDGE_LOOP('',(#1096,#1097,#1098,#1099));
#6880=EDGE_LOOP('',(#1100,#1101,#1102,#1103));
#6881=EDGE_LOOP('',(#1104,#1105,#1106,#1107));
#6882=EDGE_LOOP('',(#1108,#1109,#1110,#1111));
#6883=EDGE_LOOP('',(#1112,#1113,#1114,#1115));
#6884=EDGE_LOOP('',(#1116,#1117,#1118,#1119));
#6885=EDGE_LOOP('',(#1120,#1121,#1122,#1123));
#6886=EDGE_LOOP('',(#1124,#1125,#1126,#1127));
#6887=EDGE_LOOP('',(#1128,#1129,#1130,#1131));
#6888=EDGE_LOOP('',(#1132,#1133,#1134,#1135));
#6889=EDGE_LOOP('',(#1136,#1137,#1138,#1139));
#6890=EDGE_LOOP('',(#1140,#1141,#1142,#1143));
#6891=EDGE_LOOP('',(#1144,#1145,#1146,#1147));
#6892=EDGE_LOOP('',(#1148,#1149,#1150,#1151));
#6893=EDGE_LOOP('',(#1152,#1153,#1154,#1155));
#6894=EDGE_LOOP('',(#1156,#1157,#1158,#1159));
#6895=EDGE_LOOP('',(#1160,#1161,#1162,#1163));
#6896=EDGE_LOOP('',(#1164,#1165,#1166,#1167));
#6897=EDGE_LOOP('',(#1168,#1169,#1170,#1171));
#6898=EDGE_LOOP('',(#1172,#1173,#1174,#1175));
#6899=EDGE_LOOP('',(#1176,#1177,#1178,#1179));
#6900=EDGE_LOOP('',(#1180,#1181,#1182,#1183));
#6901=EDGE_LOOP('',(#1184,#1185,#1186,#1187));
#6902=EDGE_LOOP('',(#1188,#1189,#1190,#1191));
#6903=EDGE_LOOP('',(#1192,#1193,#1194,#1195));
#6904=EDGE_LOOP('',(#1196,#1197,#1198,#1199));
#6905=EDGE_LOOP('',(#1200,#1201,#1202,#1203));
#6906=EDGE_LOOP('',(#1204,#1205,#1206,#1207));
#6907=EDGE_LOOP('',(#1208,#1209,#1210,#1211,#1212,#1213));
#6908=EDGE_LOOP('',(#1214,#1215,#1216,#1217));
#6909=EDGE_LOOP('',(#1218,#1219,#1220,#1221));
#6910=EDGE_LOOP('',(#1222,#1223,#1224,#1225));
#6911=EDGE_LOOP('',(#1226,#1227,#1228,#1229));
#6912=EDGE_LOOP('',(#1230,#1231,#1232,#1233));
#6913=EDGE_LOOP('',(#1234,#1235,#1236,#1237,#1238,#1239));
#6914=EDGE_LOOP('',(#1240,#1241,#1242,#1243));
#6915=EDGE_LOOP('',(#1244,#1245,#1246,#1247));
#6916=EDGE_LOOP('',(#1248,#1249,#1250,#1251,#1252,#1253));
#6917=EDGE_LOOP('',(#1254,#1255,#1256,#1257,#1258));
#6918=EDGE_LOOP('',(#1259,#1260,#1261,#1262));
#6919=EDGE_LOOP('',(#1263,#1264,#1265,#1266));
#6920=EDGE_LOOP('',(#1267,#1268,#1269,#1270));
#6921=EDGE_LOOP('',(#1271,#1272,#1273,#1274));
#6922=EDGE_LOOP('',(#1275,#1276,#1277,#1278));
#6923=EDGE_LOOP('',(#1279,#1280,#1281,#1282));
#6924=EDGE_LOOP('',(#1283,#1284,#1285,#1286));
#6925=EDGE_LOOP('',(#1287,#1288,#1289,#1290));
#6926=EDGE_LOOP('',(#1291,#1292,#1293,#1294));
#6927=EDGE_LOOP('',(#1295,#1296,#1297,#1298));
#6928=EDGE_LOOP('',(#1299,#1300,#1301,#1302));
#6929=EDGE_LOOP('',(#1303,#1304,#1305,#1306));
#6930=EDGE_LOOP('',(#1307,#1308,#1309,#1310));
#6931=EDGE_LOOP('',(#1311,#1312,#1313,#1314));
#6932=EDGE_LOOP('',(#1315,#1316,#1317,#1318));
#6933=EDGE_LOOP('',(#1319,#1320,#1321,#1322));
#6934=EDGE_LOOP('',(#1323,#1324,#1325,#1326));
#6935=EDGE_LOOP('',(#1327,#1328,#1329,#1330));
#6936=EDGE_LOOP('',(#1331,#1332,#1333,#1334));
#6937=EDGE_LOOP('',(#1335,#1336,#1337,#1338));
#6938=EDGE_LOOP('',(#1339,#1340,#1341,#1342));
#6939=EDGE_LOOP('',(#1343,#1344,#1345,#1346));
#6940=EDGE_LOOP('',(#1347,#1348,#1349,#1350));
#6941=EDGE_LOOP('',(#1351,#1352,#1353,#1354));
#6942=EDGE_LOOP('',(#1355,#1356,#1357,#1358));
#6943=EDGE_LOOP('',(#1359,#1360,#1361,#1362,#1363,#1364,#1365,#1366,#1367,
#1368,#1369,#1370,#1371,#1372,#1373,#1374));
#6944=EDGE_LOOP('',(#1375,#1376,#1377,#1378,#1379,#1380,#1381,#1382,#1383,
#1384,#1385,#1386,#1387,#1388,#1389,#1390));
#6945=EDGE_LOOP('',(#1391,#1392,#1393,#1394));
#6946=EDGE_LOOP('',(#1395,#1396,#1397,#1398,#1399,#1400,#1401,#1402));
#6947=EDGE_LOOP('',(#1403,#1404,#1405,#1406));
#6948=EDGE_LOOP('',(#1407,#1408,#1409,#1410));
#6949=EDGE_LOOP('',(#1411,#1412,#1413,#1414));
#6950=EDGE_LOOP('',(#1415,#1416,#1417,#1418));
#6951=EDGE_LOOP('',(#1419,#1420,#1421,#1422,#1423,#1424));
#6952=EDGE_LOOP('',(#1425,#1426,#1427,#1428));
#6953=EDGE_LOOP('',(#1429,#1430,#1431,#1432));
#6954=EDGE_LOOP('',(#1433,#1434,#1435,#1436));
#6955=EDGE_LOOP('',(#1437,#1438,#1439,#1440));
#6956=EDGE_LOOP('',(#1441,#1442,#1443,#1444));
#6957=EDGE_LOOP('',(#1445,#1446,#1447,#1448));
#6958=EDGE_LOOP('',(#1449,#1450,#1451,#1452));
#6959=EDGE_LOOP('',(#1453,#1454,#1455,#1456));
#6960=EDGE_LOOP('',(#1457,#1458,#1459,#1460));
#6961=EDGE_LOOP('',(#1461,#1462,#1463,#1464));
#6962=EDGE_LOOP('',(#1465,#1466,#1467,#1468));
#6963=EDGE_LOOP('',(#1469,#1470,#1471,#1472));
#6964=EDGE_LOOP('',(#1473,#1474,#1475,#1476));
#6965=EDGE_LOOP('',(#1477,#1478,#1479,#1480));
#6966=EDGE_LOOP('',(#1481,#1482,#1483,#1484));
#6967=EDGE_LOOP('',(#1485,#1486,#1487,#1488));
#6968=EDGE_LOOP('',(#1489,#1490,#1491,#1492));
#6969=EDGE_LOOP('',(#1493,#1494,#1495,#1496));
#6970=EDGE_LOOP('',(#1497,#1498,#1499,#1500,#1501,#1502));
#6971=EDGE_LOOP('',(#1503,#1504,#1505,#1506));
#6972=EDGE_LOOP('',(#1507,#1508,#1509,#1510));
#6973=EDGE_LOOP('',(#1511,#1512,#1513,#1514));
#6974=EDGE_LOOP('',(#1515,#1516,#1517,#1518));
#6975=EDGE_LOOP('',(#1519,#1520,#1521,#1522,#1523,#1524,#1525,#1526,#1527,
#1528,#1529,#1530,#1531,#1532,#1533,#1534,#1535,#1536,#1537,#1538,#1539,
#1540,#1541));
#6976=EDGE_LOOP('',(#1542,#1543,#1544,#1545,#1546,#1547,#1548,#1549,#1550,
#1551,#1552,#1553,#1554,#1555,#1556,#1557));
#6977=EDGE_LOOP('',(#1558,#1559,#1560,#1561));
#6978=EDGE_LOOP('',(#1562,#1563,#1564,#1565,#1566,#1567,#1568,#1569));
#6979=EDGE_LOOP('',(#1570,#1571,#1572,#1573));
#6980=EDGE_LOOP('',(#1574,#1575,#1576,#1577));
#6981=EDGE_LOOP('',(#1578,#1579,#1580,#1581));
#6982=EDGE_LOOP('',(#1582,#1583,#1584,#1585));
#6983=EDGE_LOOP('',(#1586,#1587,#1588,#1589));
#6984=EDGE_LOOP('',(#1590,#1591,#1592,#1593));
#6985=EDGE_LOOP('',(#1594,#1595,#1596,#1597));
#6986=EDGE_LOOP('',(#1598,#1599,#1600,#1601));
#6987=EDGE_LOOP('',(#1602,#1603,#1604,#1605,#1606,#1607));
#6988=EDGE_LOOP('',(#1608,#1609,#1610,#1611));
#6989=EDGE_LOOP('',(#1612,#1613,#1614,#1615));
#6990=EDGE_LOOP('',(#1616,#1617,#1618,#1619));
#6991=EDGE_LOOP('',(#1620,#1621,#1622,#1623));
#6992=EDGE_LOOP('',(#1624,#1625,#1626,#1627,#1628,#1629,#1630,#1631,#1632,
#1633,#1634,#1635,#1636,#1637,#1638,#1639,#1640,#1641,#1642,#1643,#1644,
#1645,#1646));
#6993=EDGE_LOOP('',(#1647,#1648,#1649,#1650,#1651,#1652,#1653,#1654,#1655,
#1656,#1657,#1658,#1659,#1660,#1661,#1662));
#6994=EDGE_LOOP('',(#1663,#1664,#1665,#1666));
#6995=EDGE_LOOP('',(#1667,#1668,#1669,#1670,#1671,#1672,#1673,#1674));
#6996=EDGE_LOOP('',(#1675,#1676,#1677,#1678));
#6997=EDGE_LOOP('',(#1679,#1680,#1681,#1682));
#6998=EDGE_LOOP('',(#1683,#1684,#1685,#1686));
#6999=EDGE_LOOP('',(#1687,#1688,#1689,#1690));
#7000=EDGE_LOOP('',(#1691,#1692,#1693,#1694));
#7001=EDGE_LOOP('',(#1695,#1696,#1697,#1698));
#7002=EDGE_LOOP('',(#1699,#1700,#1701,#1702));
#7003=EDGE_LOOP('',(#1703,#1704,#1705,#1706));
#7004=EDGE_LOOP('',(#1707,#1708,#1709,#1710,#1711,#1712));
#7005=EDGE_LOOP('',(#1713,#1714,#1715,#1716));
#7006=EDGE_LOOP('',(#1717,#1718,#1719,#1720));
#7007=EDGE_LOOP('',(#1721,#1722,#1723,#1724));
#7008=EDGE_LOOP('',(#1725,#1726,#1727,#1728));
#7009=EDGE_LOOP('',(#1729,#1730,#1731,#1732,#1733,#1734,#1735,#1736,#1737,
#1738,#1739,#1740,#1741,#1742,#1743,#1744,#1745,#1746,#1747,#1748,#1749,
#1750,#1751));
#7010=EDGE_LOOP('',(#1752,#1753,#1754,#1755,#1756,#1757,#1758,#1759,#1760,
#1761,#1762,#1763,#1764,#1765,#1766,#1767));
#7011=EDGE_LOOP('',(#1768,#1769,#1770,#1771));
#7012=EDGE_LOOP('',(#1772,#1773,#1774,#1775,#1776,#1777,#1778,#1779));
#7013=EDGE_LOOP('',(#1780,#1781,#1782,#1783));
#7014=EDGE_LOOP('',(#1784,#1785,#1786,#1787));
#7015=EDGE_LOOP('',(#1788,#1789,#1790,#1791));
#7016=EDGE_LOOP('',(#1792,#1793,#1794,#1795));
#7017=EDGE_LOOP('',(#1796,#1797,#1798,#1799));
#7018=EDGE_LOOP('',(#1800,#1801,#1802,#1803));
#7019=EDGE_LOOP('',(#1804,#1805,#1806,#1807));
#7020=EDGE_LOOP('',(#1808,#1809,#1810,#1811));
#7021=EDGE_LOOP('',(#1812,#1813,#1814,#1815,#1816,#1817));
#7022=EDGE_LOOP('',(#1818,#1819,#1820,#1821));
#7023=EDGE_LOOP('',(#1822,#1823,#1824,#1825));
#7024=EDGE_LOOP('',(#1826,#1827,#1828,#1829));
#7025=EDGE_LOOP('',(#1830,#1831,#1832,#1833));
#7026=EDGE_LOOP('',(#1834,#1835,#1836,#1837,#1838,#1839,#1840,#1841,#1842,
#1843,#1844,#1845,#1846,#1847,#1848,#1849,#1850,#1851,#1852,#1853,#1854,
#1855,#1856));
#7027=EDGE_LOOP('',(#1857,#1858,#1859,#1860,#1861,#1862,#1863,#1864,#1865,
#1866,#1867,#1868,#1869,#1870,#1871,#1872));
#7028=EDGE_LOOP('',(#1873,#1874,#1875,#1876));
#7029=EDGE_LOOP('',(#1877,#1878,#1879,#1880,#1881,#1882,#1883,#1884));
#7030=EDGE_LOOP('',(#1885,#1886,#1887,#1888));
#7031=EDGE_LOOP('',(#1889,#1890,#1891,#1892));
#7032=EDGE_LOOP('',(#1893,#1894,#1895,#1896));
#7033=EDGE_LOOP('',(#1897,#1898,#1899,#1900));
#7034=EDGE_LOOP('',(#1901,#1902,#1903,#1904));
#7035=EDGE_LOOP('',(#1905,#1906,#1907,#1908));
#7036=EDGE_LOOP('',(#1909,#1910,#1911,#1912));
#7037=EDGE_LOOP('',(#1913,#1914,#1915,#1916));
#7038=EDGE_LOOP('',(#1917,#1918,#1919,#1920,#1921,#1922));
#7039=EDGE_LOOP('',(#1923,#1924,#1925,#1926));
#7040=EDGE_LOOP('',(#1927,#1928,#1929,#1930));
#7041=EDGE_LOOP('',(#1931,#1932,#1933,#1934));
#7042=EDGE_LOOP('',(#1935,#1936,#1937,#1938));
#7043=EDGE_LOOP('',(#1939,#1940,#1941,#1942,#1943,#1944,#1945,#1946,#1947,
#1948,#1949,#1950,#1951,#1952,#1953,#1954,#1955,#1956,#1957,#1958,#1959,
#1960,#1961));
#7044=EDGE_LOOP('',(#1962,#1963,#1964,#1965,#1966,#1967,#1968,#1969,#1970,
#1971,#1972,#1973,#1974,#1975,#1976,#1977));
#7045=EDGE_LOOP('',(#1978,#1979,#1980,#1981));
#7046=EDGE_LOOP('',(#1982,#1983,#1984,#1985,#1986,#1987,#1988,#1989));
#7047=EDGE_LOOP('',(#1990,#1991,#1992,#1993));
#7048=EDGE_LOOP('',(#1994,#1995,#1996,#1997));
#7049=EDGE_LOOP('',(#1998,#1999,#2000,#2001));
#7050=EDGE_LOOP('',(#2002,#2003,#2004,#2005));
#7051=EDGE_LOOP('',(#2006,#2007,#2008,#2009));
#7052=EDGE_LOOP('',(#2010,#2011,#2012,#2013));
#7053=EDGE_LOOP('',(#2014,#2015,#2016,#2017));
#7054=EDGE_LOOP('',(#2018,#2019,#2020,#2021));
#7055=EDGE_LOOP('',(#2022,#2023,#2024,#2025));
#7056=EDGE_LOOP('',(#2026,#2027,#2028,#2029));
#7057=EDGE_LOOP('',(#2030,#2031,#2032,#2033));
#7058=EDGE_LOOP('',(#2034,#2035,#2036,#2037));
#7059=EDGE_LOOP('',(#2038,#2039,#2040,#2041));
#7060=EDGE_LOOP('',(#2042,#2043,#2044,#2045));
#7061=EDGE_LOOP('',(#2046,#2047,#2048,#2049,#2050,#2051,#2052,#2053,#2054,
#2055,#2056,#2057));
#7062=EDGE_LOOP('',(#2058,#2059,#2060,#2061,#2062,#2063,#2064,#2065));
#7063=EDGE_LOOP('',(#2066,#2067,#2068,#2069));
#7064=EDGE_LOOP('',(#2070,#2071,#2072,#2073,#2074,#2075,#2076,#2077));
#7065=EDGE_LOOP('',(#2078,#2079,#2080,#2081,#2082,#2083,#2084,#2085));
#7066=EDGE_LOOP('',(#2086,#2087,#2088,#2089));
#7067=EDGE_LOOP('',(#2090,#2091,#2092,#2093));
#7068=EDGE_LOOP('',(#2094,#2095,#2096,#2097));
#7069=EDGE_LOOP('',(#2098,#2099,#2100,#2101));
#7070=EDGE_LOOP('',(#2102,#2103,#2104,#2105));
#7071=EDGE_LOOP('',(#2106,#2107,#2108,#2109));
#7072=EDGE_LOOP('',(#2110,#2111,#2112,#2113,#2114,#2115,#2116,#2117,#2118,
#2119,#2120,#2121));
#7073=EDGE_LOOP('',(#2122,#2123,#2124,#2125,#2126,#2127,#2128,#2129));
#7074=EDGE_LOOP('',(#2130,#2131,#2132,#2133));
#7075=EDGE_LOOP('',(#2134,#2135,#2136,#2137,#2138,#2139,#2140,#2141));
#7076=EDGE_LOOP('',(#2142,#2143,#2144,#2145,#2146,#2147,#2148,#2149));
#7077=EDGE_LOOP('',(#2150,#2151,#2152,#2153));
#7078=EDGE_LOOP('',(#2154,#2155,#2156,#2157));
#7079=EDGE_LOOP('',(#2158,#2159,#2160,#2161));
#7080=EDGE_LOOP('',(#2162,#2163,#2164,#2165));
#7081=EDGE_LOOP('',(#2166,#2167,#2168,#2169));
#7082=EDGE_LOOP('',(#2170,#2171,#2172,#2173));
#7083=EDGE_LOOP('',(#2174,#2175,#2176,#2177,#2178,#2179,#2180,#2181,#2182,
#2183,#2184,#2185));
#7084=EDGE_LOOP('',(#2186,#2187,#2188,#2189,#2190,#2191,#2192,#2193));
#7085=EDGE_LOOP('',(#2194,#2195,#2196,#2197));
#7086=EDGE_LOOP('',(#2198,#2199,#2200,#2201,#2202,#2203,#2204,#2205));
#7087=EDGE_LOOP('',(#2206,#2207,#2208,#2209,#2210,#2211,#2212,#2213));
#7088=EDGE_LOOP('',(#2214,#2215,#2216,#2217));
#7089=EDGE_LOOP('',(#2218,#2219,#2220,#2221));
#7090=EDGE_LOOP('',(#2222,#2223,#2224,#2225));
#7091=EDGE_LOOP('',(#2226,#2227,#2228,#2229));
#7092=EDGE_LOOP('',(#2230,#2231,#2232,#2233));
#7093=EDGE_LOOP('',(#2234,#2235,#2236,#2237));
#7094=EDGE_LOOP('',(#2238,#2239,#2240,#2241,#2242,#2243,#2244,#2245,#2246,
#2247,#2248,#2249));
#7095=EDGE_LOOP('',(#2250,#2251,#2252,#2253,#2254,#2255,#2256,#2257));
#7096=EDGE_LOOP('',(#2258,#2259,#2260,#2261));
#7097=EDGE_LOOP('',(#2262,#2263,#2264,#2265,#2266,#2267,#2268,#2269));
#7098=EDGE_LOOP('',(#2270,#2271,#2272,#2273,#2274,#2275,#2276,#2277));
#7099=EDGE_LOOP('',(#2278,#2279,#2280,#2281));
#7100=EDGE_LOOP('',(#2282,#2283,#2284,#2285));
#7101=EDGE_LOOP('',(#2286,#2287,#2288,#2289));
#7102=EDGE_LOOP('',(#2290,#2291,#2292,#2293));
#7103=EDGE_LOOP('',(#2294,#2295,#2296,#2297));
#7104=EDGE_LOOP('',(#2298,#2299,#2300,#2301));
#7105=EDGE_LOOP('',(#2302,#2303,#2304,#2305,#2306,#2307,#2308,#2309,#2310,
#2311,#2312,#2313));
#7106=EDGE_LOOP('',(#2314,#2315,#2316,#2317,#2318,#2319,#2320,#2321));
#7107=EDGE_LOOP('',(#2322,#2323,#2324,#2325));
#7108=EDGE_LOOP('',(#2326,#2327,#2328,#2329,#2330,#2331,#2332,#2333));
#7109=EDGE_LOOP('',(#2334,#2335,#2336,#2337,#2338,#2339,#2340,#2341));
#7110=EDGE_LOOP('',(#2342,#2343,#2344,#2345));
#7111=EDGE_LOOP('',(#2346,#2347,#2348,#2349));
#7112=EDGE_LOOP('',(#2350,#2351,#2352,#2353));
#7113=EDGE_LOOP('',(#2354,#2355,#2356,#2357));
#7114=EDGE_LOOP('',(#2358,#2359,#2360,#2361));
#7115=EDGE_LOOP('',(#2362,#2363,#2364,#2365));
#7116=EDGE_LOOP('',(#2366,#2367,#2368,#2369,#2370,#2371,#2372,#2373,#2374,
#2375,#2376,#2377));
#7117=EDGE_LOOP('',(#2378,#2379,#2380,#2381,#2382,#2383,#2384,#2385));
#7118=EDGE_LOOP('',(#2386,#2387,#2388,#2389));
#7119=EDGE_LOOP('',(#2390,#2391,#2392,#2393,#2394,#2395,#2396,#2397));
#7120=EDGE_LOOP('',(#2398,#2399,#2400,#2401,#2402,#2403,#2404,#2405));
#7121=EDGE_LOOP('',(#2406,#2407,#2408,#2409));
#7122=EDGE_LOOP('',(#2410,#2411,#2412,#2413));
#7123=EDGE_LOOP('',(#2414,#2415,#2416,#2417));
#7124=EDGE_LOOP('',(#2418,#2419,#2420,#2421));
#7125=EDGE_LOOP('',(#2422,#2423,#2424,#2425));
#7126=EDGE_LOOP('',(#2426,#2427,#2428,#2429));
#7127=EDGE_LOOP('',(#2430,#2431,#2432,#2433));
#7128=EDGE_LOOP('',(#2434,#2435,#2436,#2437));
#7129=EDGE_LOOP('',(#2438,#2439,#2440,#2441));
#7130=EDGE_LOOP('',(#2442,#2443,#2444,#2445));
#7131=EDGE_LOOP('',(#2446,#2447,#2448,#2449));
#7132=EDGE_LOOP('',(#2450,#2451,#2452,#2453));
#7133=EDGE_LOOP('',(#2454,#2455,#2456,#2457,#2458,#2459));
#7134=EDGE_LOOP('',(#2460,#2461,#2462,#2463,#2464));
#7135=EDGE_LOOP('',(#2465,#2466,#2467,#2468,#2469));
#7136=EDGE_LOOP('',(#2470,#2471,#2472,#2473,#2474,#2475));
#7137=EDGE_LOOP('',(#2476,#2477,#2478,#2479));
#7138=EDGE_LOOP('',(#2480,#2481,#2482,#2483));
#7139=EDGE_LOOP('',(#2484,#2485,#2486,#2487));
#7140=EDGE_LOOP('',(#2488,#2489,#2490,#2491,#2492,#2493));
#7141=EDGE_LOOP('',(#2494,#2495,#2496,#2497,#2498));
#7142=EDGE_LOOP('',(#2499,#2500,#2501,#2502,#2503));
#7143=EDGE_LOOP('',(#2504,#2505,#2506,#2507,#2508,#2509));
#7144=EDGE_LOOP('',(#2510,#2511,#2512,#2513));
#7145=EDGE_LOOP('',(#2514,#2515,#2516,#2517));
#7146=EDGE_LOOP('',(#2518,#2519,#2520,#2521));
#7147=EDGE_LOOP('',(#2522,#2523,#2524,#2525,#2526,#2527));
#7148=EDGE_LOOP('',(#2528,#2529,#2530,#2531,#2532));
#7149=EDGE_LOOP('',(#2533,#2534,#2535,#2536,#2537));
#7150=EDGE_LOOP('',(#2538,#2539,#2540,#2541,#2542,#2543));
#7151=EDGE_LOOP('',(#2544,#2545,#2546,#2547));
#7152=EDGE_LOOP('',(#2548,#2549,#2550,#2551));
#7153=EDGE_LOOP('',(#2552,#2553,#2554,#2555));
#7154=EDGE_LOOP('',(#2556,#2557,#2558,#2559,#2560,#2561));
#7155=EDGE_LOOP('',(#2562,#2563,#2564,#2565,#2566));
#7156=EDGE_LOOP('',(#2567,#2568,#2569,#2570,#2571));
#7157=EDGE_LOOP('',(#2572,#2573,#2574,#2575,#2576,#2577));
#7158=EDGE_LOOP('',(#2578,#2579,#2580,#2581));
#7159=EDGE_LOOP('',(#2582,#2583,#2584,#2585));
#7160=EDGE_LOOP('',(#2586,#2587,#2588,#2589));
#7161=EDGE_LOOP('',(#2590,#2591,#2592,#2593,#2594,#2595));
#7162=EDGE_LOOP('',(#2596,#2597,#2598,#2599,#2600));
#7163=EDGE_LOOP('',(#2601,#2602,#2603,#2604,#2605));
#7164=EDGE_LOOP('',(#2606,#2607,#2608,#2609,#2610,#2611));
#7165=EDGE_LOOP('',(#2612,#2613,#2614,#2615));
#7166=EDGE_LOOP('',(#2616,#2617,#2618,#2619));
#7167=EDGE_LOOP('',(#2620,#2621,#2622,#2623));
#7168=EDGE_LOOP('',(#2624,#2625,#2626,#2627,#2628,#2629));
#7169=EDGE_LOOP('',(#2630,#2631,#2632,#2633,#2634));
#7170=EDGE_LOOP('',(#2635,#2636,#2637,#2638,#2639));
#7171=EDGE_LOOP('',(#2640,#2641,#2642,#2643,#2644,#2645));
#7172=EDGE_LOOP('',(#2646,#2647,#2648,#2649));
#7173=EDGE_LOOP('',(#2650,#2651,#2652,#2653));
#7174=EDGE_LOOP('',(#2654,#2655,#2656,#2657));
#7175=EDGE_LOOP('',(#2658,#2659,#2660,#2661));
#7176=EDGE_LOOP('',(#2662,#2663,#2664,#2665));
#7177=EDGE_LOOP('',(#2666,#2667,#2668,#2669));
#7178=EDGE_LOOP('',(#2670,#2671,#2672,#2673));
#7179=EDGE_LOOP('',(#2674,#2675,#2676,#2677));
#7180=EDGE_LOOP('',(#2678,#2679,#2680,#2681));
#7181=EDGE_LOOP('',(#2682,#2683,#2684,#2685));
#7182=EDGE_LOOP('',(#2686,#2687,#2688,#2689));
#7183=EDGE_LOOP('',(#2690,#2691,#2692,#2693));
#7184=EDGE_LOOP('',(#2694,#2695,#2696,#2697,#2698));
#7185=EDGE_LOOP('',(#2699,#2700,#2701,#2702,#2703));
#7186=EDGE_LOOP('',(#2704,#2705,#2706,#2707));
#7187=EDGE_LOOP('',(#2708,#2709,#2710,#2711));
#7188=FACE_BOUND('',#6700,.T.);
#7189=FACE_BOUND('',#6701,.T.);
#7190=FACE_BOUND('',#6702,.T.);
#7191=FACE_BOUND('',#6703,.T.);
#7192=FACE_BOUND('',#6704,.T.);
#7193=FACE_BOUND('',#6705,.T.);
#7194=FACE_BOUND('',#6706,.T.);
#7195=FACE_BOUND('',#6707,.T.);
#7196=FACE_BOUND('',#6708,.T.);
#7197=FACE_BOUND('',#6709,.T.);
#7198=FACE_BOUND('',#6710,.T.);
#7199=FACE_BOUND('',#6711,.T.);
#7200=FACE_BOUND('',#6712,.T.);
#7201=FACE_BOUND('',#6713,.T.);
#7202=FACE_BOUND('',#6714,.T.);
#7203=FACE_BOUND('',#6715,.T.);
#7204=FACE_BOUND('',#6716,.T.);
#7205=FACE_BOUND('',#6717,.T.);
#7206=FACE_BOUND('',#6718,.T.);
#7207=FACE_BOUND('',#6719,.T.);
#7208=FACE_BOUND('',#6720,.T.);
#7209=FACE_BOUND('',#6721,.T.);
#7210=FACE_BOUND('',#6722,.T.);
#7211=FACE_BOUND('',#6723,.T.);
#7212=FACE_BOUND('',#6724,.T.);
#7213=FACE_BOUND('',#6725,.T.);
#7214=FACE_BOUND('',#6726,.T.);
#7215=FACE_BOUND('',#6727,.T.);
#7216=FACE_BOUND('',#6728,.T.);
#7217=FACE_BOUND('',#6729,.T.);
#7218=FACE_BOUND('',#6730,.T.);
#7219=FACE_BOUND('',#6731,.T.);
#7220=FACE_BOUND('',#6732,.T.);
#7221=FACE_BOUND('',#6733,.T.);
#7222=FACE_BOUND('',#6734,.T.);
#7223=FACE_BOUND('',#6735,.T.);
#7224=FACE_BOUND('',#6736,.T.);
#7225=FACE_BOUND('',#6737,.T.);
#7226=FACE_BOUND('',#6738,.T.);
#7227=FACE_BOUND('',#6739,.T.);
#7228=FACE_BOUND('',#6740,.T.);
#7229=FACE_BOUND('',#6741,.T.);
#7230=FACE_BOUND('',#6742,.T.);
#7231=FACE_BOUND('',#6743,.T.);
#7232=FACE_BOUND('',#6744,.T.);
#7233=FACE_BOUND('',#6745,.T.);
#7234=FACE_BOUND('',#6746,.T.);
#7235=FACE_BOUND('',#6747,.T.);
#7236=FACE_BOUND('',#6748,.T.);
#7237=FACE_BOUND('',#6749,.T.);
#7238=FACE_BOUND('',#6750,.T.);
#7239=FACE_BOUND('',#6751,.T.);
#7240=FACE_BOUND('',#6752,.T.);
#7241=FACE_BOUND('',#6753,.T.);
#7242=FACE_BOUND('',#6754,.T.);
#7243=FACE_BOUND('',#6755,.T.);
#7244=FACE_BOUND('',#6756,.T.);
#7245=FACE_BOUND('',#6757,.T.);
#7246=FACE_BOUND('',#6758,.T.);
#7247=FACE_BOUND('',#6759,.T.);
#7248=FACE_BOUND('',#6760,.T.);
#7249=FACE_BOUND('',#6761,.T.);
#7250=FACE_BOUND('',#6762,.T.);
#7251=FACE_BOUND('',#6763,.T.);
#7252=FACE_BOUND('',#6764,.T.);
#7253=FACE_BOUND('',#6765,.T.);
#7254=FACE_BOUND('',#6766,.T.);
#7255=FACE_BOUND('',#6767,.T.);
#7256=FACE_BOUND('',#6768,.T.);
#7257=FACE_BOUND('',#6769,.T.);
#7258=FACE_BOUND('',#6770,.T.);
#7259=FACE_BOUND('',#6771,.T.);
#7260=FACE_BOUND('',#6772,.T.);
#7261=FACE_BOUND('',#6773,.T.);
#7262=FACE_BOUND('',#6774,.T.);
#7263=FACE_BOUND('',#6775,.T.);
#7264=FACE_BOUND('',#6776,.T.);
#7265=FACE_BOUND('',#6777,.T.);
#7266=FACE_BOUND('',#6778,.T.);
#7267=FACE_BOUND('',#6779,.T.);
#7268=FACE_BOUND('',#6780,.T.);
#7269=FACE_BOUND('',#6781,.T.);
#7270=FACE_BOUND('',#6782,.T.);
#7271=FACE_BOUND('',#6783,.T.);
#7272=FACE_BOUND('',#6784,.T.);
#7273=FACE_BOUND('',#6785,.T.);
#7274=FACE_BOUND('',#6786,.T.);
#7275=FACE_BOUND('',#6787,.T.);
#7276=FACE_BOUND('',#6788,.T.);
#7277=FACE_BOUND('',#6789,.T.);
#7278=FACE_BOUND('',#6790,.T.);
#7279=FACE_BOUND('',#6791,.T.);
#7280=FACE_BOUND('',#6792,.T.);
#7281=FACE_BOUND('',#6793,.T.);
#7282=FACE_BOUND('',#6794,.T.);
#7283=FACE_BOUND('',#6795,.T.);
#7284=FACE_BOUND('',#6796,.T.);
#7285=FACE_BOUND('',#6797,.T.);
#7286=FACE_BOUND('',#6798,.T.);
#7287=FACE_BOUND('',#6799,.T.);
#7288=FACE_BOUND('',#6800,.T.);
#7289=FACE_BOUND('',#6801,.T.);
#7290=FACE_BOUND('',#6802,.T.);
#7291=FACE_BOUND('',#6803,.T.);
#7292=FACE_BOUND('',#6804,.T.);
#7293=FACE_BOUND('',#6805,.T.);
#7294=FACE_BOUND('',#6806,.T.);
#7295=FACE_BOUND('',#6807,.T.);
#7296=FACE_BOUND('',#6808,.T.);
#7297=FACE_BOUND('',#6809,.T.);
#7298=FACE_BOUND('',#6810,.T.);
#7299=FACE_BOUND('',#6811,.T.);
#7300=FACE_BOUND('',#6812,.T.);
#7301=FACE_BOUND('',#6813,.T.);
#7302=FACE_BOUND('',#6814,.T.);
#7303=FACE_BOUND('',#6815,.T.);
#7304=FACE_BOUND('',#6816,.T.);
#7305=FACE_BOUND('',#6817,.T.);
#7306=FACE_BOUND('',#6818,.T.);
#7307=FACE_BOUND('',#6819,.T.);
#7308=FACE_BOUND('',#6820,.T.);
#7309=FACE_BOUND('',#6821,.T.);
#7310=FACE_BOUND('',#6822,.T.);
#7311=FACE_BOUND('',#6823,.T.);
#7312=FACE_BOUND('',#6824,.T.);
#7313=FACE_BOUND('',#6825,.T.);
#7314=FACE_BOUND('',#6826,.T.);
#7315=FACE_BOUND('',#6827,.T.);
#7316=FACE_BOUND('',#6828,.T.);
#7317=FACE_BOUND('',#6829,.T.);
#7318=FACE_BOUND('',#6830,.T.);
#7319=FACE_BOUND('',#6831,.T.);
#7320=FACE_BOUND('',#6832,.T.);
#7321=FACE_BOUND('',#6833,.T.);
#7322=FACE_BOUND('',#6834,.T.);
#7323=FACE_BOUND('',#6835,.T.);
#7324=FACE_BOUND('',#6836,.T.);
#7325=FACE_BOUND('',#6837,.T.);
#7326=FACE_BOUND('',#6838,.T.);
#7327=FACE_BOUND('',#6839,.T.);
#7328=FACE_BOUND('',#6840,.T.);
#7329=FACE_BOUND('',#6841,.T.);
#7330=FACE_BOUND('',#6842,.T.);
#7331=FACE_BOUND('',#6843,.T.);
#7332=FACE_BOUND('',#6844,.T.);
#7333=FACE_BOUND('',#6845,.T.);
#7334=FACE_BOUND('',#6846,.T.);
#7335=FACE_BOUND('',#6847,.T.);
#7336=FACE_BOUND('',#6848,.T.);
#7337=FACE_BOUND('',#6849,.T.);
#7338=FACE_BOUND('',#6850,.T.);
#7339=FACE_BOUND('',#6851,.T.);
#7340=FACE_BOUND('',#6852,.T.);
#7341=FACE_BOUND('',#6853,.T.);
#7342=FACE_BOUND('',#6854,.T.);
#7343=FACE_BOUND('',#6855,.T.);
#7344=FACE_BOUND('',#6856,.T.);
#7345=FACE_BOUND('',#6857,.T.);
#7346=FACE_BOUND('',#6858,.T.);
#7347=FACE_BOUND('',#6859,.T.);
#7348=FACE_BOUND('',#6860,.T.);
#7349=FACE_BOUND('',#6861,.T.);
#7350=FACE_BOUND('',#6862,.T.);
#7351=FACE_BOUND('',#6863,.T.);
#7352=FACE_BOUND('',#6864,.T.);
#7353=FACE_BOUND('',#6865,.T.);
#7354=FACE_BOUND('',#6866,.T.);
#7355=FACE_BOUND('',#6867,.T.);
#7356=FACE_BOUND('',#6868,.T.);
#7357=FACE_BOUND('',#6869,.T.);
#7358=FACE_BOUND('',#6870,.T.);
#7359=FACE_BOUND('',#6871,.T.);
#7360=FACE_BOUND('',#6872,.T.);
#7361=FACE_BOUND('',#6873,.T.);
#7362=FACE_BOUND('',#6874,.T.);
#7363=FACE_BOUND('',#6875,.T.);
#7364=FACE_BOUND('',#6876,.T.);
#7365=FACE_BOUND('',#6877,.T.);
#7366=FACE_BOUND('',#6878,.T.);
#7367=FACE_BOUND('',#6879,.T.);
#7368=FACE_BOUND('',#6880,.T.);
#7369=FACE_BOUND('',#6881,.T.);
#7370=FACE_BOUND('',#6882,.T.);
#7371=FACE_BOUND('',#6883,.T.);
#7372=FACE_BOUND('',#6884,.T.);
#7373=FACE_BOUND('',#6885,.T.);
#7374=FACE_BOUND('',#6886,.T.);
#7375=FACE_BOUND('',#6887,.T.);
#7376=FACE_BOUND('',#6888,.T.);
#7377=FACE_BOUND('',#6889,.T.);
#7378=FACE_BOUND('',#6890,.T.);
#7379=FACE_BOUND('',#6891,.T.);
#7380=FACE_BOUND('',#6892,.T.);
#7381=FACE_BOUND('',#6893,.T.);
#7382=FACE_BOUND('',#6894,.T.);
#7383=FACE_BOUND('',#6895,.T.);
#7384=FACE_BOUND('',#6896,.T.);
#7385=FACE_BOUND('',#6897,.T.);
#7386=FACE_BOUND('',#6898,.T.);
#7387=FACE_BOUND('',#6899,.T.);
#7388=FACE_BOUND('',#6900,.T.);
#7389=FACE_BOUND('',#6901,.T.);
#7390=FACE_BOUND('',#6902,.T.);
#7391=FACE_BOUND('',#6903,.T.);
#7392=FACE_BOUND('',#6904,.T.);
#7393=FACE_BOUND('',#6905,.T.);
#7394=FACE_BOUND('',#6906,.T.);
#7395=FACE_BOUND('',#6907,.T.);
#7396=FACE_BOUND('',#6908,.T.);
#7397=FACE_BOUND('',#6909,.T.);
#7398=FACE_BOUND('',#6910,.T.);
#7399=FACE_BOUND('',#6911,.T.);
#7400=FACE_BOUND('',#6912,.T.);
#7401=FACE_BOUND('',#6913,.T.);
#7402=FACE_BOUND('',#6914,.T.);
#7403=FACE_BOUND('',#6915,.T.);
#7404=FACE_BOUND('',#6916,.T.);
#7405=FACE_BOUND('',#6917,.T.);
#7406=FACE_BOUND('',#6918,.T.);
#7407=FACE_BOUND('',#6919,.T.);
#7408=FACE_BOUND('',#6920,.T.);
#7409=FACE_BOUND('',#6921,.T.);
#7410=FACE_BOUND('',#6922,.T.);
#7411=FACE_BOUND('',#6923,.T.);
#7412=FACE_BOUND('',#6924,.T.);
#7413=FACE_BOUND('',#6925,.T.);
#7414=FACE_BOUND('',#6926,.T.);
#7415=FACE_BOUND('',#6927,.T.);
#7416=FACE_BOUND('',#6928,.T.);
#7417=FACE_BOUND('',#6929,.T.);
#7418=FACE_BOUND('',#6930,.T.);
#7419=FACE_BOUND('',#6931,.T.);
#7420=FACE_BOUND('',#6932,.T.);
#7421=FACE_BOUND('',#6933,.T.);
#7422=FACE_BOUND('',#6934,.T.);
#7423=FACE_BOUND('',#6935,.T.);
#7424=FACE_BOUND('',#6936,.T.);
#7425=FACE_BOUND('',#6937,.T.);
#7426=FACE_BOUND('',#6938,.T.);
#7427=FACE_BOUND('',#6939,.T.);
#7428=FACE_BOUND('',#6940,.T.);
#7429=FACE_BOUND('',#6941,.T.);
#7430=FACE_BOUND('',#6942,.T.);
#7431=FACE_BOUND('',#6943,.T.);
#7432=FACE_BOUND('',#6944,.T.);
#7433=FACE_BOUND('',#6945,.T.);
#7434=FACE_BOUND('',#6946,.T.);
#7435=FACE_BOUND('',#6947,.T.);
#7436=FACE_BOUND('',#6948,.T.);
#7437=FACE_BOUND('',#6949,.T.);
#7438=FACE_BOUND('',#6950,.T.);
#7439=FACE_BOUND('',#6951,.T.);
#7440=FACE_BOUND('',#6952,.T.);
#7441=FACE_BOUND('',#6953,.T.);
#7442=FACE_BOUND('',#6954,.T.);
#7443=FACE_BOUND('',#6955,.T.);
#7444=FACE_BOUND('',#6956,.T.);
#7445=FACE_BOUND('',#6957,.T.);
#7446=FACE_BOUND('',#6958,.T.);
#7447=FACE_BOUND('',#6959,.T.);
#7448=FACE_BOUND('',#6960,.T.);
#7449=FACE_BOUND('',#6961,.T.);
#7450=FACE_BOUND('',#6962,.T.);
#7451=FACE_BOUND('',#6963,.T.);
#7452=FACE_BOUND('',#6964,.T.);
#7453=FACE_BOUND('',#6965,.T.);
#7454=FACE_BOUND('',#6966,.T.);
#7455=FACE_BOUND('',#6967,.T.);
#7456=FACE_BOUND('',#6968,.T.);
#7457=FACE_BOUND('',#6969,.T.);
#7458=FACE_BOUND('',#6970,.T.);
#7459=FACE_BOUND('',#6971,.T.);
#7460=FACE_BOUND('',#6972,.T.);
#7461=FACE_BOUND('',#6973,.T.);
#7462=FACE_BOUND('',#6974,.T.);
#7463=FACE_BOUND('',#6975,.T.);
#7464=FACE_BOUND('',#6976,.T.);
#7465=FACE_BOUND('',#6977,.T.);
#7466=FACE_BOUND('',#6978,.T.);
#7467=FACE_BOUND('',#6979,.T.);
#7468=FACE_BOUND('',#6980,.T.);
#7469=FACE_BOUND('',#6981,.T.);
#7470=FACE_BOUND('',#6982,.T.);
#7471=FACE_BOUND('',#6983,.T.);
#7472=FACE_BOUND('',#6984,.T.);
#7473=FACE_BOUND('',#6985,.T.);
#7474=FACE_BOUND('',#6986,.T.);
#7475=FACE_BOUND('',#6987,.T.);
#7476=FACE_BOUND('',#6988,.T.);
#7477=FACE_BOUND('',#6989,.T.);
#7478=FACE_BOUND('',#6990,.T.);
#7479=FACE_BOUND('',#6991,.T.);
#7480=FACE_BOUND('',#6992,.T.);
#7481=FACE_BOUND('',#6993,.T.);
#7482=FACE_BOUND('',#6994,.T.);
#7483=FACE_BOUND('',#6995,.T.);
#7484=FACE_BOUND('',#6996,.T.);
#7485=FACE_BOUND('',#6997,.T.);
#7486=FACE_BOUND('',#6998,.T.);
#7487=FACE_BOUND('',#6999,.T.);
#7488=FACE_BOUND('',#7000,.T.);
#7489=FACE_BOUND('',#7001,.T.);
#7490=FACE_BOUND('',#7002,.T.);
#7491=FACE_BOUND('',#7003,.T.);
#7492=FACE_BOUND('',#7004,.T.);
#7493=FACE_BOUND('',#7005,.T.);
#7494=FACE_BOUND('',#7006,.T.);
#7495=FACE_BOUND('',#7007,.T.);
#7496=FACE_BOUND('',#7008,.T.);
#7497=FACE_BOUND('',#7009,.T.);
#7498=FACE_BOUND('',#7010,.T.);
#7499=FACE_BOUND('',#7011,.T.);
#7500=FACE_BOUND('',#7012,.T.);
#7501=FACE_BOUND('',#7013,.T.);
#7502=FACE_BOUND('',#7014,.T.);
#7503=FACE_BOUND('',#7015,.T.);
#7504=FACE_BOUND('',#7016,.T.);
#7505=FACE_BOUND('',#7017,.T.);
#7506=FACE_BOUND('',#7018,.T.);
#7507=FACE_BOUND('',#7019,.T.);
#7508=FACE_BOUND('',#7020,.T.);
#7509=FACE_BOUND('',#7021,.T.);
#7510=FACE_BOUND('',#7022,.T.);
#7511=FACE_BOUND('',#7023,.T.);
#7512=FACE_BOUND('',#7024,.T.);
#7513=FACE_BOUND('',#7025,.T.);
#7514=FACE_BOUND('',#7026,.T.);
#7515=FACE_BOUND('',#7027,.T.);
#7516=FACE_BOUND('',#7028,.T.);
#7517=FACE_BOUND('',#7029,.T.);
#7518=FACE_BOUND('',#7030,.T.);
#7519=FACE_BOUND('',#7031,.T.);
#7520=FACE_BOUND('',#7032,.T.);
#7521=FACE_BOUND('',#7033,.T.);
#7522=FACE_BOUND('',#7034,.T.);
#7523=FACE_BOUND('',#7035,.T.);
#7524=FACE_BOUND('',#7036,.T.);
#7525=FACE_BOUND('',#7037,.T.);
#7526=FACE_BOUND('',#7038,.T.);
#7527=FACE_BOUND('',#7039,.T.);
#7528=FACE_BOUND('',#7040,.T.);
#7529=FACE_BOUND('',#7041,.T.);
#7530=FACE_BOUND('',#7042,.T.);
#7531=FACE_BOUND('',#7043,.T.);
#7532=FACE_BOUND('',#7044,.T.);
#7533=FACE_BOUND('',#7045,.T.);
#7534=FACE_BOUND('',#7046,.T.);
#7535=FACE_BOUND('',#7047,.T.);
#7536=FACE_BOUND('',#7048,.T.);
#7537=FACE_BOUND('',#7049,.T.);
#7538=FACE_BOUND('',#7050,.T.);
#7539=FACE_BOUND('',#7051,.T.);
#7540=FACE_BOUND('',#7052,.T.);
#7541=FACE_BOUND('',#7053,.T.);
#7542=FACE_BOUND('',#7054,.T.);
#7543=FACE_BOUND('',#7055,.T.);
#7544=FACE_BOUND('',#7056,.T.);
#7545=FACE_BOUND('',#7057,.T.);
#7546=FACE_BOUND('',#7058,.T.);
#7547=FACE_BOUND('',#7059,.T.);
#7548=FACE_BOUND('',#7060,.T.);
#7549=FACE_BOUND('',#7061,.T.);
#7550=FACE_BOUND('',#7062,.T.);
#7551=FACE_BOUND('',#7063,.T.);
#7552=FACE_BOUND('',#7064,.T.);
#7553=FACE_BOUND('',#7065,.T.);
#7554=FACE_BOUND('',#7066,.T.);
#7555=FACE_BOUND('',#7067,.T.);
#7556=FACE_BOUND('',#7068,.T.);
#7557=FACE_BOUND('',#7069,.T.);
#7558=FACE_BOUND('',#7070,.T.);
#7559=FACE_BOUND('',#7071,.T.);
#7560=FACE_BOUND('',#7072,.T.);
#7561=FACE_BOUND('',#7073,.T.);
#7562=FACE_BOUND('',#7074,.T.);
#7563=FACE_BOUND('',#7075,.T.);
#7564=FACE_BOUND('',#7076,.T.);
#7565=FACE_BOUND('',#7077,.T.);
#7566=FACE_BOUND('',#7078,.T.);
#7567=FACE_BOUND('',#7079,.T.);
#7568=FACE_BOUND('',#7080,.T.);
#7569=FACE_BOUND('',#7081,.T.);
#7570=FACE_BOUND('',#7082,.T.);
#7571=FACE_BOUND('',#7083,.T.);
#7572=FACE_BOUND('',#7084,.T.);
#7573=FACE_BOUND('',#7085,.T.);
#7574=FACE_BOUND('',#7086,.T.);
#7575=FACE_BOUND('',#7087,.T.);
#7576=FACE_BOUND('',#7088,.T.);
#7577=FACE_BOUND('',#7089,.T.);
#7578=FACE_BOUND('',#7090,.T.);
#7579=FACE_BOUND('',#7091,.T.);
#7580=FACE_BOUND('',#7092,.T.);
#7581=FACE_BOUND('',#7093,.T.);
#7582=FACE_BOUND('',#7094,.T.);
#7583=FACE_BOUND('',#7095,.T.);
#7584=FACE_BOUND('',#7096,.T.);
#7585=FACE_BOUND('',#7097,.T.);
#7586=FACE_BOUND('',#7098,.T.);
#7587=FACE_BOUND('',#7099,.T.);
#7588=FACE_BOUND('',#7100,.T.);
#7589=FACE_BOUND('',#7101,.T.);
#7590=FACE_BOUND('',#7102,.T.);
#7591=FACE_BOUND('',#7103,.T.);
#7592=FACE_BOUND('',#7104,.T.);
#7593=FACE_BOUND('',#7105,.T.);
#7594=FACE_BOUND('',#7106,.T.);
#7595=FACE_BOUND('',#7107,.T.);
#7596=FACE_BOUND('',#7108,.T.);
#7597=FACE_BOUND('',#7109,.T.);
#7598=FACE_BOUND('',#7110,.T.);
#7599=FACE_BOUND('',#7111,.T.);
#7600=FACE_BOUND('',#7112,.T.);
#7601=FACE_BOUND('',#7113,.T.);
#7602=FACE_BOUND('',#7114,.T.);
#7603=FACE_BOUND('',#7115,.T.);
#7604=FACE_BOUND('',#7116,.T.);
#7605=FACE_BOUND('',#7117,.T.);
#7606=FACE_BOUND('',#7118,.T.);
#7607=FACE_BOUND('',#7119,.T.);
#7608=FACE_BOUND('',#7120,.T.);
#7609=FACE_BOUND('',#7121,.T.);
#7610=FACE_BOUND('',#7122,.T.);
#7611=FACE_BOUND('',#7123,.T.);
#7612=FACE_BOUND('',#7124,.T.);
#7613=FACE_BOUND('',#7125,.T.);
#7614=FACE_BOUND('',#7126,.T.);
#7615=FACE_BOUND('',#7127,.T.);
#7616=FACE_BOUND('',#7128,.T.);
#7617=FACE_BOUND('',#7129,.T.);
#7618=FACE_BOUND('',#7130,.T.);
#7619=FACE_BOUND('',#7131,.T.);
#7620=FACE_BOUND('',#7132,.T.);
#7621=FACE_BOUND('',#7133,.T.);
#7622=FACE_BOUND('',#7134,.T.);
#7623=FACE_BOUND('',#7135,.T.);
#7624=FACE_BOUND('',#7136,.T.);
#7625=FACE_BOUND('',#7137,.T.);
#7626=FACE_BOUND('',#7138,.T.);
#7627=FACE_BOUND('',#7139,.T.);
#7628=FACE_BOUND('',#7140,.T.);
#7629=FACE_BOUND('',#7141,.T.);
#7630=FACE_BOUND('',#7142,.T.);
#7631=FACE_BOUND('',#7143,.T.);
#7632=FACE_BOUND('',#7144,.T.);
#7633=FACE_BOUND('',#7145,.T.);
#7634=FACE_BOUND('',#7146,.T.);
#7635=FACE_BOUND('',#7147,.T.);
#7636=FACE_BOUND('',#7148,.T.);
#7637=FACE_BOUND('',#7149,.T.);
#7638=FACE_BOUND('',#7150,.T.);
#7639=FACE_BOUND('',#7151,.T.);
#7640=FACE_BOUND('',#7152,.T.);
#7641=FACE_BOUND('',#7153,.T.);
#7642=FACE_BOUND('',#7154,.T.);
#7643=FACE_BOUND('',#7155,.T.);
#7644=FACE_BOUND('',#7156,.T.);
#7645=FACE_BOUND('',#7157,.T.);
#7646=FACE_BOUND('',#7158,.T.);
#7647=FACE_BOUND('',#7159,.T.);
#7648=FACE_BOUND('',#7160,.T.);
#7649=FACE_BOUND('',#7161,.T.);
#7650=FACE_BOUND('',#7162,.T.);
#7651=FACE_BOUND('',#7163,.T.);
#7652=FACE_BOUND('',#7164,.T.);
#7653=FACE_BOUND('',#7165,.T.);
#7654=FACE_BOUND('',#7166,.T.);
#7655=FACE_BOUND('',#7167,.T.);
#7656=FACE_BOUND('',#7168,.T.);
#7657=FACE_BOUND('',#7169,.T.);
#7658=FACE_BOUND('',#7170,.T.);
#7659=FACE_BOUND('',#7171,.T.);
#7660=FACE_BOUND('',#7172,.T.);
#7661=FACE_BOUND('',#7173,.T.);
#7662=FACE_BOUND('',#7174,.T.);
#7663=FACE_BOUND('',#7175,.T.);
#7664=FACE_BOUND('',#7176,.T.);
#7665=FACE_BOUND('',#7177,.T.);
#7666=FACE_BOUND('',#7178,.T.);
#7667=FACE_BOUND('',#7179,.T.);
#7668=FACE_BOUND('',#7180,.T.);
#7669=FACE_BOUND('',#7181,.T.);
#7670=FACE_BOUND('',#7182,.T.);
#7671=FACE_BOUND('',#7183,.T.);
#7672=FACE_BOUND('',#7184,.T.);
#7673=FACE_BOUND('',#7185,.T.);
#7674=FACE_BOUND('',#7186,.T.);
#7675=FACE_BOUND('',#7187,.T.);
#7676=PLANE('',#11622);
#7677=PLANE('',#11623);
#7678=PLANE('',#11624);
#7679=PLANE('',#11625);
#7680=PLANE('',#11626);
#7681=PLANE('',#11627);
#7682=PLANE('',#11628);
#7683=PLANE('',#11629);
#7684=PLANE('',#11630);
#7685=PLANE('',#11631);
#7686=PLANE('',#11632);
#7687=PLANE('',#11633);
#7688=PLANE('',#11634);
#7689=PLANE('',#11635);
#7690=PLANE('',#11636);
#7691=PLANE('',#11637);
#7692=PLANE('',#11638);
#7693=PLANE('',#11639);
#7694=PLANE('',#11640);
#7695=PLANE('',#11641);
#7696=PLANE('',#11642);
#7697=PLANE('',#11643);
#7698=PLANE('',#11644);
#7699=PLANE('',#11645);
#7700=PLANE('',#11646);
#7701=PLANE('',#11647);
#7702=PLANE('',#11648);
#7703=PLANE('',#11649);
#7704=PLANE('',#11650);
#7705=PLANE('',#11651);
#7706=PLANE('',#11652);
#7707=PLANE('',#11653);
#7708=PLANE('',#11654);
#7709=PLANE('',#11655);
#7710=PLANE('',#11656);
#7711=PLANE('',#11657);
#7712=PLANE('',#11658);
#7713=PLANE('',#11659);
#7714=PLANE('',#11660);
#7715=PLANE('',#11661);
#7716=PLANE('',#11663);
#7717=PLANE('',#11665);
#7718=PLANE('',#11667);
#7719=PLANE('',#11669);
#7720=PLANE('',#11671);
#7721=PLANE('',#11673);
#7722=PLANE('',#11675);
#7723=PLANE('',#11677);
#7724=PLANE('',#11679);
#7725=PLANE('',#11681);
#7726=PLANE('',#11682);
#7727=PLANE('',#11684);
#7728=PLANE('',#11686);
#7729=PLANE('',#11687);
#7730=PLANE('',#11688);
#7731=PLANE('',#11689);
#7732=PLANE('',#11690);
#7733=PLANE('',#11691);
#7734=PLANE('',#11692);
#7735=PLANE('',#11693);
#7736=PLANE('',#11694);
#7737=PLANE('',#11695);
#7738=PLANE('',#11696);
#7739=PLANE('',#11697);
#7740=PLANE('',#11698);
#7741=PLANE('',#11699);
#7742=PLANE('',#11700);
#7743=PLANE('',#11701);
#7744=PLANE('',#11702);
#7745=PLANE('',#11703);
#7746=PLANE('',#11704);
#7747=PLANE('',#11705);
#7748=PLANE('',#11706);
#7749=PLANE('',#11707);
#7750=PLANE('',#11708);
#7751=PLANE('',#11709);
#7752=PLANE('',#11710);
#7753=PLANE('',#11711);
#7754=PLANE('',#11715);
#7755=PLANE('',#11716);
#7756=PLANE('',#11717);
#7757=PLANE('',#11718);
#7758=PLANE('',#11722);
#7759=PLANE('',#11724);
#7760=PLANE('',#11732);
#7761=PLANE('',#11735);
#7762=PLANE('',#11738);
#7763=PLANE('',#11741);
#7764=PLANE('',#11744);
#7765=PLANE('',#11745);
#7766=PLANE('',#11746);
#7767=PLANE('',#11747);
#7768=PLANE('',#11748);
#7769=PLANE('',#11749);
#7770=PLANE('',#11750);
#7771=PLANE('',#11751);
#7772=PLANE('',#11752);
#7773=PLANE('',#11753);
#7774=PLANE('',#11754);
#7775=PLANE('',#11755);
#7776=PLANE('',#11756);
#7777=PLANE('',#11757);
#7778=PLANE('',#11758);
#7779=PLANE('',#11759);
#7780=PLANE('',#11760);
#7781=PLANE('',#11761);
#7782=PLANE('',#11762);
#7783=PLANE('',#11763);
#7784=PLANE('',#11764);
#7785=PLANE('',#11765);
#7786=PLANE('',#11766);
#7787=PLANE('',#11767);
#7788=PLANE('',#11768);
#7789=PLANE('',#11769);
#7790=PLANE('',#11770);
#7791=PLANE('',#11771);
#7792=PLANE('',#11772);
#7793=PLANE('',#11773);
#7794=PLANE('',#11774);
#7795=PLANE('',#11775);
#7796=PLANE('',#11776);
#7797=PLANE('',#11777);
#7798=PLANE('',#11778);
#7799=PLANE('',#11779);
#7800=PLANE('',#11780);
#7801=PLANE('',#11781);
#7802=PLANE('',#11782);
#7803=PLANE('',#11783);
#7804=PLANE('',#11784);
#7805=PLANE('',#11785);
#7806=PLANE('',#11786);
#7807=PLANE('',#11787);
#7808=PLANE('',#11788);
#7809=PLANE('',#11789);
#7810=PLANE('',#11790);
#7811=PLANE('',#11791);
#7812=PLANE('',#11792);
#7813=PLANE('',#11793);
#7814=PLANE('',#11794);
#7815=PLANE('',#11795);
#7816=PLANE('',#11796);
#7817=PLANE('',#11797);
#7818=PLANE('',#11798);
#7819=PLANE('',#11799);
#7820=PLANE('',#11800);
#7821=PLANE('',#11801);
#7822=PLANE('',#11802);
#7823=PLANE('',#11803);
#7824=PLANE('',#11804);
#7825=PLANE('',#11805);
#7826=PLANE('',#11806);
#7827=PLANE('',#11807);
#7828=PLANE('',#11808);
#7829=PLANE('',#11809);
#7830=PLANE('',#11810);
#7831=PLANE('',#11811);
#7832=PLANE('',#11812);
#7833=PLANE('',#11813);
#7834=PLANE('',#11814);
#7835=PLANE('',#11815);
#7836=PLANE('',#11816);
#7837=PLANE('',#11817);
#7838=PLANE('',#11818);
#7839=PLANE('',#11819);
#7840=PLANE('',#11820);
#7841=PLANE('',#11821);
#7842=PLANE('',#11822);
#7843=PLANE('',#11823);
#7844=PLANE('',#11827);
#7845=PLANE('',#11828);
#7846=PLANE('',#11829);
#7847=PLANE('',#11830);
#7848=PLANE('',#11831);
#7849=PLANE('',#11832);
#7850=PLANE('',#11833);
#7851=PLANE('',#11834);
#7852=PLANE('',#11835);
#7853=PLANE('',#11836);
#7854=PLANE('',#11837);
#7855=PLANE('',#11838);
#7856=PLANE('',#11839);
#7857=PLANE('',#11840);
#7858=PLANE('',#11841);
#7859=PLANE('',#11842);
#7860=PLANE('',#11843);
#7861=PLANE('',#11844);
#7862=PLANE('',#11845);
#7863=PLANE('',#11846);
#7864=PLANE('',#11847);
#7865=PLANE('',#11848);
#7866=PLANE('',#11856);
#7867=PLANE('',#11857);
#7868=PLANE('',#11865);
#7869=PLANE('',#11873);
#7870=PLANE('',#11877);
#7871=PLANE('',#11879);
#7872=PLANE('',#11881);
#7873=PLANE('',#11883);
#7874=PLANE('',#11885);
#7875=PLANE('',#11892);
#7876=PLANE('',#11899);
#7877=PLANE('',#11906);
#7878=PLANE('',#11913);
#7879=PLANE('',#11920);
#7880=PLANE('',#11923);
#7881=PLANE('',#11924);
#7882=PLANE('',#11925);
#7883=PLANE('',#11926);
#7884=PLANE('',#11935);
#7885=PLANE('',#11943);
#7886=PLANE('',#11947);
#7887=PLANE('',#11949);
#7888=PLANE('',#11953);
#7889=PLANE('',#11955);
#7890=PLANE('',#11958);
#7891=PLANE('',#11959);
#7892=PLANE('',#11960);
#7893=PLANE('',#11961);
#7894=PLANE('',#11970);
#7895=PLANE('',#11978);
#7896=PLANE('',#11982);
#7897=PLANE('',#11984);
#7898=PLANE('',#11988);
#7899=PLANE('',#11990);
#7900=PLANE('',#11993);
#7901=PLANE('',#11994);
#7902=PLANE('',#11995);
#7903=PLANE('',#11996);
#7904=PLANE('',#12005);
#7905=PLANE('',#12013);
#7906=PLANE('',#12017);
#7907=PLANE('',#12019);
#7908=PLANE('',#12023);
#7909=PLANE('',#12025);
#7910=PLANE('',#12028);
#7911=PLANE('',#12029);
#7912=PLANE('',#12030);
#7913=PLANE('',#12031);
#7914=PLANE('',#12040);
#7915=PLANE('',#12048);
#7916=PLANE('',#12052);
#7917=PLANE('',#12054);
#7918=PLANE('',#12058);
#7919=PLANE('',#12060);
#7920=PLANE('',#12063);
#7921=PLANE('',#12064);
#7922=PLANE('',#12065);
#7923=PLANE('',#12066);
#7924=PLANE('',#12075);
#7925=PLANE('',#12083);
#7926=PLANE('',#12087);
#7927=PLANE('',#12089);
#7928=PLANE('',#12093);
#7929=PLANE('',#12095);
#7930=PLANE('',#12098);
#7931=PLANE('',#12099);
#7932=PLANE('',#12102);
#7933=PLANE('',#12108);
#7934=PLANE('',#12112);
#7935=PLANE('',#12113);
#7936=PLANE('',#12114);
#7937=PLANE('',#12117);
#7938=PLANE('',#12118);
#7939=PLANE('',#12121);
#7940=PLANE('',#12127);
#7941=PLANE('',#12131);
#7942=PLANE('',#12132);
#7943=PLANE('',#12133);
#7944=PLANE('',#12136);
#7945=PLANE('',#12137);
#7946=PLANE('',#12140);
#7947=PLANE('',#12146);
#7948=PLANE('',#12150);
#7949=PLANE('',#12151);
#7950=PLANE('',#12152);
#7951=PLANE('',#12155);
#7952=PLANE('',#12156);
#7953=PLANE('',#12159);
#7954=PLANE('',#12165);
#7955=PLANE('',#12169);
#7956=PLANE('',#12170);
#7957=PLANE('',#12171);
#7958=PLANE('',#12174);
#7959=PLANE('',#12175);
#7960=PLANE('',#12178);
#7961=PLANE('',#12184);
#7962=PLANE('',#12188);
#7963=PLANE('',#12189);
#7964=PLANE('',#12190);
#7965=PLANE('',#12193);
#7966=PLANE('',#12194);
#7967=PLANE('',#12197);
#7968=PLANE('',#12203);
#7969=PLANE('',#12207);
#7970=PLANE('',#12208);
#7971=PLANE('',#12209);
#7972=PLANE('',#12210);
#7973=PLANE('',#12211);
#7974=PLANE('',#12212);
#7975=PLANE('',#12213);
#7976=PLANE('',#12214);
#7977=PLANE('',#12215);
#7978=PLANE('',#12216);
#7979=PLANE('',#12217);
#7980=PLANE('',#12218);
#7981=PLANE('',#12219);
#7982=PLANE('',#12220);
#7983=PLANE('',#12221);
#7984=PLANE('',#12222);
#7985=PLANE('',#12223);
#7986=PLANE('',#12224);
#7987=PLANE('',#12225);
#7988=PLANE('',#12226);
#7989=PLANE('',#12227);
#7990=PLANE('',#12228);
#7991=PLANE('',#12229);
#7992=PLANE('',#12230);
#7993=PLANE('',#12231);
#7994=PLANE('',#12232);
#7995=PLANE('',#12233);
#7996=PLANE('',#12234);
#7997=PLANE('',#12235);
#7998=PLANE('',#12236);
#7999=PLANE('',#12237);
#8000=PLANE('',#12238);
#8001=PLANE('',#12239);
#8002=PLANE('',#12240);
#8003=PLANE('',#12241);
#8004=PLANE('',#12242);
#8005=PLANE('',#12243);
#8006=PLANE('',#12244);
#8007=PLANE('',#12245);
#8008=PLANE('',#12246);
#8009=PLANE('',#12247);
#8010=PLANE('',#12248);
#8011=PLANE('',#12249);
#8012=PLANE('',#12250);
#8013=PLANE('',#12251);
#8014=PLANE('',#12252);
#8015=PLANE('',#12253);
#8016=PLANE('',#12254);
#8017=PLANE('',#12255);
#8018=PLANE('',#12256);
#8019=PLANE('',#12257);
#8020=PLANE('',#12258);
#8021=PLANE('',#12259);
#8022=PLANE('',#12260);
#8023=PLANE('',#12261);
#8024=PLANE('',#12262);
#8025=PLANE('',#12263);
#8026=PLANE('',#12264);
#8027=PLANE('',#12265);
#8028=PLANE('',#12266);
#8029=PLANE('',#12267);
#8030=PLANE('',#12268);
#8031=PLANE('',#12269);
#8032=PLANE('',#12273);
#8033=PLANE('',#12274);
#8034=PLANE('',#12275);
#8035=PLANE('',#12276);
#8036=PLANE('',#12277);
#8037=STYLED_ITEM('',(#8484),#11169);
#8038=STYLED_ITEM('',(#8485),#11170);
#8039=STYLED_ITEM('',(#8486),#11171);
#8040=STYLED_ITEM('',(#8487),#11172);
#8041=STYLED_ITEM('',(#8488),#11173);
#8042=STYLED_ITEM('',(#8489),#11174);
#8043=STYLED_ITEM('',(#8490),#11175);
#8044=STYLED_ITEM('',(#8491),#11176);
#8045=STYLED_ITEM('',(#8492),#11177);
#8046=STYLED_ITEM('',(#8493),#11178);
#8047=STYLED_ITEM('',(#8494),#11179);
#8048=STYLED_ITEM('',(#8495),#11180);
#8049=STYLED_ITEM('',(#8496),#11181);
#8050=STYLED_ITEM('',(#8497),#11182);
#8051=STYLED_ITEM('',(#8498),#11183);
#8052=STYLED_ITEM('',(#8499),#11184);
#8053=STYLED_ITEM('',(#8500),#11185);
#8054=STYLED_ITEM('',(#8501),#11186);
#8055=STYLED_ITEM('',(#8502),#11187);
#8056=STYLED_ITEM('',(#8503),#11188);
#8057=STYLED_ITEM('',(#8504),#11189);
#8058=STYLED_ITEM('',(#8505),#11190);
#8059=STYLED_ITEM('',(#8506),#11191);
#8060=STYLED_ITEM('',(#8507),#11192);
#8061=STYLED_ITEM('',(#8508),#11193);
#8062=STYLED_ITEM('',(#8509),#11194);
#8063=STYLED_ITEM('',(#8510),#11195);
#8064=STYLED_ITEM('',(#8511),#11196);
#8065=STYLED_ITEM('',(#8512),#11197);
#8066=STYLED_ITEM('',(#8513),#11198);
#8067=STYLED_ITEM('',(#8514),#11199);
#8068=STYLED_ITEM('',(#8515),#11200);
#8069=STYLED_ITEM('',(#8516),#11201);
#8070=STYLED_ITEM('',(#8517),#11202);
#8071=STYLED_ITEM('',(#8518),#11203);
#8072=STYLED_ITEM('',(#8519),#11204);
#8073=STYLED_ITEM('',(#8520),#11205);
#8074=STYLED_ITEM('',(#8521),#11206);
#8075=STYLED_ITEM('',(#8522),#11207);
#8076=STYLED_ITEM('',(#8523),#11208);
#8077=STYLED_ITEM('',(#8524),#11209);
#8078=STYLED_ITEM('',(#8525),#11210);
#8079=STYLED_ITEM('',(#8526),#11211);
#8080=STYLED_ITEM('',(#8527),#11212);
#8081=STYLED_ITEM('',(#8528),#11213);
#8082=STYLED_ITEM('',(#8529),#11214);
#8083=STYLED_ITEM('',(#8530),#11215);
#8084=STYLED_ITEM('',(#8531),#11216);
#8085=STYLED_ITEM('',(#8532),#11217);
#8086=STYLED_ITEM('',(#8533),#11218);
#8087=STYLED_ITEM('',(#8534),#11219);
#8088=STYLED_ITEM('',(#8535),#11220);
#8089=STYLED_ITEM('',(#8536),#11221);
#8090=STYLED_ITEM('',(#8537),#11222);
#8091=STYLED_ITEM('',(#8538),#11223);
#8092=STYLED_ITEM('',(#8539),#11224);
#8093=STYLED_ITEM('',(#8540),#11225);
#8094=STYLED_ITEM('',(#8541),#11226);
#8095=STYLED_ITEM('',(#8542),#11227);
#8096=STYLED_ITEM('',(#8543),#11228);
#8097=STYLED_ITEM('',(#8544),#11229);
#8098=STYLED_ITEM('',(#8545),#11230);
#8099=STYLED_ITEM('',(#8546),#11231);
#8100=STYLED_ITEM('',(#8547),#11232);
#8101=STYLED_ITEM('',(#8548),#11233);
#8102=STYLED_ITEM('',(#8549),#11234);
#8103=STYLED_ITEM('',(#8550),#11235);
#8104=STYLED_ITEM('',(#8551),#11236);
#8105=STYLED_ITEM('',(#8552),#11237);
#8106=STYLED_ITEM('',(#8553),#11238);
#8107=STYLED_ITEM('',(#8554),#11239);
#8108=STYLED_ITEM('',(#8555),#11240);
#8109=STYLED_ITEM('',(#8556),#11241);
#8110=STYLED_ITEM('',(#8557),#11242);
#8111=STYLED_ITEM('',(#8558),#11243);
#8112=STYLED_ITEM('',(#8559),#11244);
#8113=STYLED_ITEM('',(#8560),#11245);
#8114=STYLED_ITEM('',(#8561),#11246);
#8115=STYLED_ITEM('',(#8562),#11247);
#8116=STYLED_ITEM('',(#8563),#11248);
#8117=STYLED_ITEM('',(#8564),#11249);
#8118=STYLED_ITEM('',(#8565),#11250);
#8119=STYLED_ITEM('',(#8566),#11251);
#8120=STYLED_ITEM('',(#8567),#11252);
#8121=STYLED_ITEM('',(#8568),#11253);
#8122=STYLED_ITEM('',(#8569),#11254);
#8123=STYLED_ITEM('',(#8570),#11255);
#8124=STYLED_ITEM('',(#8571),#11256);
#8125=STYLED_ITEM('',(#8572),#11257);
#8126=STYLED_ITEM('',(#8573),#11258);
#8127=STYLED_ITEM('',(#8574),#11259);
#8128=STYLED_ITEM('',(#8575),#11260);
#8129=STYLED_ITEM('',(#8576),#11261);
#8130=STYLED_ITEM('',(#8577),#11262);
#8131=STYLED_ITEM('',(#8578),#11263);
#8132=STYLED_ITEM('',(#8579),#11264);
#8133=STYLED_ITEM('',(#8580),#11265);
#8134=STYLED_ITEM('',(#8581),#11266);
#8135=STYLED_ITEM('',(#8582),#11267);
#8136=STYLED_ITEM('',(#8583),#11268);
#8137=STYLED_ITEM('',(#8584),#11269);
#8138=STYLED_ITEM('',(#8585),#11270);
#8139=STYLED_ITEM('',(#8586),#11271);
#8140=STYLED_ITEM('',(#8587),#11272);
#8141=STYLED_ITEM('',(#8588),#11273);
#8142=STYLED_ITEM('',(#8589),#11274);
#8143=STYLED_ITEM('',(#8590),#11275);
#8144=STYLED_ITEM('',(#8591),#11276);
#8145=STYLED_ITEM('',(#8592),#11277);
#8146=STYLED_ITEM('',(#8593),#11278);
#8147=STYLED_ITEM('',(#8594),#11279);
#8148=STYLED_ITEM('',(#8595),#11280);
#8149=STYLED_ITEM('',(#8596),#11281);
#8150=STYLED_ITEM('',(#8597),#11282);
#8151=STYLED_ITEM('',(#8598),#11283);
#8152=STYLED_ITEM('',(#8599),#11284);
#8153=STYLED_ITEM('',(#8600),#11285);
#8154=STYLED_ITEM('',(#8601),#11286);
#8155=STYLED_ITEM('',(#8602),#11287);
#8156=STYLED_ITEM('',(#8603),#11288);
#8157=STYLED_ITEM('',(#8604),#11289);
#8158=STYLED_ITEM('',(#8605),#11290);
#8159=STYLED_ITEM('',(#8606),#11291);
#8160=STYLED_ITEM('',(#8607),#11292);
#8161=STYLED_ITEM('',(#8608),#11293);
#8162=STYLED_ITEM('',(#8609),#11294);
#8163=STYLED_ITEM('',(#8610),#11295);
#8164=STYLED_ITEM('',(#8611),#11296);
#8165=STYLED_ITEM('',(#8612),#11297);
#8166=STYLED_ITEM('',(#8613),#11298);
#8167=STYLED_ITEM('',(#8614),#11299);
#8168=STYLED_ITEM('',(#8615),#11300);
#8169=STYLED_ITEM('',(#8616),#11301);
#8170=STYLED_ITEM('',(#8617),#11302);
#8171=STYLED_ITEM('',(#8618),#11303);
#8172=STYLED_ITEM('',(#8619),#11304);
#8173=STYLED_ITEM('',(#8620),#11305);
#8174=STYLED_ITEM('',(#8621),#11306);
#8175=STYLED_ITEM('',(#8622),#11307);
#8176=STYLED_ITEM('',(#8623),#11308);
#8177=STYLED_ITEM('',(#8624),#11309);
#8178=STYLED_ITEM('',(#8625),#11310);
#8179=STYLED_ITEM('',(#8626),#11311);
#8180=STYLED_ITEM('',(#8627),#11312);
#8181=STYLED_ITEM('',(#8628),#11313);
#8182=STYLED_ITEM('',(#8629),#11314);
#8183=STYLED_ITEM('',(#8630),#11315);
#8184=STYLED_ITEM('',(#8631),#11316);
#8185=STYLED_ITEM('',(#8632),#11317);
#8186=STYLED_ITEM('',(#8633),#11318);
#8187=STYLED_ITEM('',(#8634),#11319);
#8188=STYLED_ITEM('',(#8635),#11320);
#8189=STYLED_ITEM('',(#8636),#11321);
#8190=STYLED_ITEM('',(#8637),#11322);
#8191=STYLED_ITEM('',(#8638),#11323);
#8192=STYLED_ITEM('',(#8639),#11324);
#8193=STYLED_ITEM('',(#8640),#11325);
#8194=STYLED_ITEM('',(#8641),#11326);
#8195=STYLED_ITEM('',(#8642),#11327);
#8196=STYLED_ITEM('',(#8643),#11328);
#8197=STYLED_ITEM('',(#8644),#11329);
#8198=STYLED_ITEM('',(#8645),#11330);
#8199=STYLED_ITEM('',(#8646),#11331);
#8200=STYLED_ITEM('',(#8647),#11332);
#8201=STYLED_ITEM('',(#8648),#11333);
#8202=STYLED_ITEM('',(#8649),#11334);
#8203=STYLED_ITEM('',(#8650),#11335);
#8204=STYLED_ITEM('',(#8651),#11336);
#8205=STYLED_ITEM('',(#8652),#11337);
#8206=STYLED_ITEM('',(#8653),#11338);
#8207=STYLED_ITEM('',(#8654),#11339);
#8208=STYLED_ITEM('',(#8655),#11340);
#8209=STYLED_ITEM('',(#8656),#11341);
#8210=STYLED_ITEM('',(#8657),#11342);
#8211=STYLED_ITEM('',(#8658),#11343);
#8212=STYLED_ITEM('',(#8659),#11344);
#8213=STYLED_ITEM('',(#8660),#11345);
#8214=STYLED_ITEM('',(#8661),#11346);
#8215=STYLED_ITEM('',(#8662),#11347);
#8216=STYLED_ITEM('',(#8663),#11348);
#8217=STYLED_ITEM('',(#8664),#11349);
#8218=STYLED_ITEM('',(#8665),#11350);
#8219=STYLED_ITEM('',(#8666),#11351);
#8220=STYLED_ITEM('',(#8667),#11352);
#8221=STYLED_ITEM('',(#8668),#11353);
#8222=STYLED_ITEM('',(#8669),#11354);
#8223=STYLED_ITEM('',(#8670),#11355);
#8224=STYLED_ITEM('',(#8671),#11356);
#8225=STYLED_ITEM('',(#8672),#11357);
#8226=STYLED_ITEM('',(#8673),#11358);
#8227=STYLED_ITEM('',(#8674),#11359);
#8228=STYLED_ITEM('',(#8675),#11360);
#8229=STYLED_ITEM('',(#8676),#11361);
#8230=STYLED_ITEM('',(#8677),#11362);
#8231=STYLED_ITEM('',(#8678),#11363);
#8232=STYLED_ITEM('',(#8679),#11364);
#8233=STYLED_ITEM('',(#8680),#11365);
#8234=STYLED_ITEM('',(#8681),#11366);
#8235=STYLED_ITEM('',(#8682),#11367);
#8236=STYLED_ITEM('',(#8683),#11368);
#8237=STYLED_ITEM('',(#8684),#11369);
#8238=STYLED_ITEM('',(#8685),#11370);
#8239=STYLED_ITEM('',(#8686),#11371);
#8240=STYLED_ITEM('',(#8687),#11372);
#8241=STYLED_ITEM('',(#8688),#11373);
#8242=STYLED_ITEM('',(#8689),#11374);
#8243=STYLED_ITEM('',(#8690),#11375);
#8244=STYLED_ITEM('',(#8691),#11376);
#8245=STYLED_ITEM('',(#8692),#11377);
#8246=STYLED_ITEM('',(#8693),#11378);
#8247=STYLED_ITEM('',(#8694),#11379);
#8248=STYLED_ITEM('',(#8695),#11380);
#8249=STYLED_ITEM('',(#8696),#11381);
#8250=STYLED_ITEM('',(#8697),#11382);
#8251=STYLED_ITEM('',(#8698),#11383);
#8252=STYLED_ITEM('',(#8699),#11384);
#8253=STYLED_ITEM('',(#8700),#11385);
#8254=STYLED_ITEM('',(#8701),#11386);
#8255=STYLED_ITEM('',(#8702),#11387);
#8256=STYLED_ITEM('',(#8703),#11388);
#8257=STYLED_ITEM('',(#8704),#11389);
#8258=STYLED_ITEM('',(#8705),#11390);
#8259=STYLED_ITEM('',(#8706),#11391);
#8260=STYLED_ITEM('',(#8707),#11392);
#8261=STYLED_ITEM('',(#8708),#11393);
#8262=STYLED_ITEM('',(#8709),#11394);
#8263=STYLED_ITEM('',(#8710),#11395);
#8264=STYLED_ITEM('',(#8711),#11396);
#8265=STYLED_ITEM('',(#8712),#11397);
#8266=STYLED_ITEM('',(#8713),#11398);
#8267=STYLED_ITEM('',(#8714),#11399);
#8268=STYLED_ITEM('',(#8715),#11400);
#8269=STYLED_ITEM('',(#8716),#11401);
#8270=STYLED_ITEM('',(#8717),#11402);
#8271=STYLED_ITEM('',(#8718),#11403);
#8272=STYLED_ITEM('',(#8719),#11404);
#8273=STYLED_ITEM('',(#8720),#11405);
#8274=STYLED_ITEM('',(#8721),#11406);
#8275=STYLED_ITEM('',(#8722),#11407);
#8276=STYLED_ITEM('',(#8723),#11408);
#8277=STYLED_ITEM('',(#8724),#11409);
#8278=STYLED_ITEM('',(#8725),#11410);
#8279=STYLED_ITEM('',(#8726),#11411);
#8280=STYLED_ITEM('',(#8727),#11412);
#8281=STYLED_ITEM('',(#8728),#11413);
#8282=STYLED_ITEM('',(#8729),#11414);
#8283=STYLED_ITEM('',(#8730),#11415);
#8284=STYLED_ITEM('',(#8731),#11416);
#8285=STYLED_ITEM('',(#8732),#11417);
#8286=STYLED_ITEM('',(#8733),#11418);
#8287=STYLED_ITEM('',(#8734),#11419);
#8288=STYLED_ITEM('',(#8735),#11420);
#8289=STYLED_ITEM('',(#8736),#11421);
#8290=STYLED_ITEM('',(#8737),#11422);
#8291=STYLED_ITEM('',(#8738),#11423);
#8292=STYLED_ITEM('',(#8739),#11424);
#8293=STYLED_ITEM('',(#8740),#11425);
#8294=STYLED_ITEM('',(#8741),#11426);
#8295=STYLED_ITEM('',(#8742),#11427);
#8296=STYLED_ITEM('',(#8743),#11428);
#8297=STYLED_ITEM('',(#8744),#11429);
#8298=STYLED_ITEM('',(#8745),#11430);
#8299=STYLED_ITEM('',(#8746),#11431);
#8300=STYLED_ITEM('',(#8747),#11432);
#8301=STYLED_ITEM('',(#8748),#11433);
#8302=STYLED_ITEM('',(#8749),#11434);
#8303=STYLED_ITEM('',(#8750),#11435);
#8304=STYLED_ITEM('',(#8751),#11436);
#8305=STYLED_ITEM('',(#8752),#11437);
#8306=STYLED_ITEM('',(#8753),#11438);
#8307=STYLED_ITEM('',(#8754),#11439);
#8308=STYLED_ITEM('',(#8755),#11440);
#8309=STYLED_ITEM('',(#8756),#11441);
#8310=STYLED_ITEM('',(#8757),#11442);
#8311=STYLED_ITEM('',(#8758),#11443);
#8312=STYLED_ITEM('',(#8759),#11444);
#8313=STYLED_ITEM('',(#8760),#11445);
#8314=STYLED_ITEM('',(#8761),#11446);
#8315=STYLED_ITEM('',(#8762),#11447);
#8316=STYLED_ITEM('',(#8763),#11448);
#8317=STYLED_ITEM('',(#8764),#11449);
#8318=STYLED_ITEM('',(#8765),#11450);
#8319=STYLED_ITEM('',(#8766),#11451);
#8320=STYLED_ITEM('',(#8767),#11452);
#8321=STYLED_ITEM('',(#8768),#11453);
#8322=STYLED_ITEM('',(#8769),#11454);
#8323=STYLED_ITEM('',(#8770),#11455);
#8324=STYLED_ITEM('',(#8771),#11456);
#8325=STYLED_ITEM('',(#8772),#11457);
#8326=STYLED_ITEM('',(#8773),#11458);
#8327=STYLED_ITEM('',(#8774),#11459);
#8328=STYLED_ITEM('',(#8775),#11460);
#8329=STYLED_ITEM('',(#8776),#11461);
#8330=STYLED_ITEM('',(#8777),#11462);
#8331=STYLED_ITEM('',(#8778),#11463);
#8332=STYLED_ITEM('',(#8779),#11464);
#8333=STYLED_ITEM('',(#8780),#11465);
#8334=STYLED_ITEM('',(#8781),#11466);
#8335=STYLED_ITEM('',(#8782),#11467);
#8336=STYLED_ITEM('',(#8783),#11468);
#8337=STYLED_ITEM('',(#8784),#11469);
#8338=STYLED_ITEM('',(#8785),#11470);
#8339=STYLED_ITEM('',(#8786),#11471);
#8340=STYLED_ITEM('',(#8787),#11472);
#8341=STYLED_ITEM('',(#8788),#11473);
#8342=STYLED_ITEM('',(#8789),#11474);
#8343=STYLED_ITEM('',(#8790),#11475);
#8344=STYLED_ITEM('',(#8791),#11476);
#8345=STYLED_ITEM('',(#8792),#11477);
#8346=STYLED_ITEM('',(#8793),#11478);
#8347=STYLED_ITEM('',(#8794),#11479);
#8348=STYLED_ITEM('',(#8795),#11480);
#8349=STYLED_ITEM('',(#8796),#11481);
#8350=STYLED_ITEM('',(#8797),#11482);
#8351=STYLED_ITEM('',(#8798),#11483);
#8352=STYLED_ITEM('',(#8799),#11484);
#8353=STYLED_ITEM('',(#8800),#11485);
#8354=STYLED_ITEM('',(#8801),#11486);
#8355=STYLED_ITEM('',(#8802),#11487);
#8356=STYLED_ITEM('',(#8803),#11488);
#8357=STYLED_ITEM('',(#8804),#11489);
#8358=STYLED_ITEM('',(#8805),#11490);
#8359=STYLED_ITEM('',(#8806),#11491);
#8360=STYLED_ITEM('',(#8807),#11492);
#8361=STYLED_ITEM('',(#8808),#11493);
#8362=STYLED_ITEM('',(#8809),#11494);
#8363=STYLED_ITEM('',(#8810),#11495);
#8364=STYLED_ITEM('',(#8811),#11496);
#8365=STYLED_ITEM('',(#8812),#11497);
#8366=STYLED_ITEM('',(#8813),#11498);
#8367=STYLED_ITEM('',(#8814),#11499);
#8368=STYLED_ITEM('',(#8815),#11500);
#8369=STYLED_ITEM('',(#8816),#11501);
#8370=STYLED_ITEM('',(#8817),#11502);
#8371=STYLED_ITEM('',(#8818),#11503);
#8372=STYLED_ITEM('',(#8819),#11504);
#8373=STYLED_ITEM('',(#8820),#11505);
#8374=STYLED_ITEM('',(#8821),#11506);
#8375=STYLED_ITEM('',(#8822),#11507);
#8376=STYLED_ITEM('',(#8823),#11508);
#8377=STYLED_ITEM('',(#8824),#11509);
#8378=STYLED_ITEM('',(#8825),#11510);
#8379=STYLED_ITEM('',(#8826),#11511);
#8380=STYLED_ITEM('',(#8827),#11512);
#8381=STYLED_ITEM('',(#8828),#11513);
#8382=STYLED_ITEM('',(#8829),#11514);
#8383=STYLED_ITEM('',(#8830),#11515);
#8384=STYLED_ITEM('',(#8831),#11516);
#8385=STYLED_ITEM('',(#8832),#11517);
#8386=STYLED_ITEM('',(#8833),#11518);
#8387=STYLED_ITEM('',(#8834),#11519);
#8388=STYLED_ITEM('',(#8835),#11520);
#8389=STYLED_ITEM('',(#8836),#11521);
#8390=STYLED_ITEM('',(#8837),#11522);
#8391=STYLED_ITEM('',(#8838),#11523);
#8392=STYLED_ITEM('',(#8839),#11524);
#8393=STYLED_ITEM('',(#8840),#11525);
#8394=STYLED_ITEM('',(#8841),#11526);
#8395=STYLED_ITEM('',(#8842),#11527);
#8396=STYLED_ITEM('',(#8843),#11528);
#8397=STYLED_ITEM('',(#8844),#11529);
#8398=STYLED_ITEM('',(#8845),#11530);
#8399=STYLED_ITEM('',(#8846),#11531);
#8400=STYLED_ITEM('',(#8847),#11532);
#8401=STYLED_ITEM('',(#8848),#11533);
#8402=STYLED_ITEM('',(#8849),#11534);
#8403=STYLED_ITEM('',(#8850),#11535);
#8404=STYLED_ITEM('',(#8851),#11536);
#8405=STYLED_ITEM('',(#8852),#11537);
#8406=STYLED_ITEM('',(#8853),#11538);
#8407=STYLED_ITEM('',(#8854),#11539);
#8408=STYLED_ITEM('',(#8855),#11540);
#8409=STYLED_ITEM('',(#8856),#11541);
#8410=STYLED_ITEM('',(#8857),#11542);
#8411=STYLED_ITEM('',(#8858),#11543);
#8412=STYLED_ITEM('',(#8859),#11544);
#8413=STYLED_ITEM('',(#8860),#11545);
#8414=STYLED_ITEM('',(#8861),#11546);
#8415=STYLED_ITEM('',(#8862),#11547);
#8416=STYLED_ITEM('',(#8863),#11548);
#8417=STYLED_ITEM('',(#8864),#11549);
#8418=STYLED_ITEM('',(#8865),#11550);
#8419=STYLED_ITEM('',(#8866),#11551);
#8420=STYLED_ITEM('',(#8867),#11552);
#8421=STYLED_ITEM('',(#8868),#11553);
#8422=STYLED_ITEM('',(#8869),#11554);
#8423=STYLED_ITEM('',(#8870),#11555);
#8424=STYLED_ITEM('',(#8871),#11556);
#8425=STYLED_ITEM('',(#8872),#11557);
#8426=STYLED_ITEM('',(#8873),#11558);
#8427=STYLED_ITEM('',(#8874),#11559);
#8428=STYLED_ITEM('',(#8875),#11560);
#8429=STYLED_ITEM('',(#8876),#11561);
#8430=STYLED_ITEM('',(#8877),#11562);
#8431=STYLED_ITEM('',(#8878),#11563);
#8432=STYLED_ITEM('',(#8879),#11564);
#8433=STYLED_ITEM('',(#8880),#11565);
#8434=STYLED_ITEM('',(#8881),#11566);
#8435=STYLED_ITEM('',(#8882),#11567);
#8436=STYLED_ITEM('',(#8883),#11568);
#8437=STYLED_ITEM('',(#8884),#11569);
#8438=STYLED_ITEM('',(#8885),#11570);
#8439=STYLED_ITEM('',(#8886),#11571);
#8440=STYLED_ITEM('',(#8887),#11572);
#8441=STYLED_ITEM('',(#8888),#11573);
#8442=STYLED_ITEM('',(#8889),#11574);
#8443=STYLED_ITEM('',(#8890),#11575);
#8444=STYLED_ITEM('',(#8891),#11576);
#8445=STYLED_ITEM('',(#8892),#11577);
#8446=STYLED_ITEM('',(#8893),#11578);
#8447=STYLED_ITEM('',(#8894),#11579);
#8448=STYLED_ITEM('',(#8895),#11580);
#8449=STYLED_ITEM('',(#8896),#11581);
#8450=STYLED_ITEM('',(#8897),#11582);
#8451=STYLED_ITEM('',(#8898),#11583);
#8452=STYLED_ITEM('',(#8899),#11584);
#8453=STYLED_ITEM('',(#8900),#11585);
#8454=STYLED_ITEM('',(#8901),#11586);
#8455=STYLED_ITEM('',(#8902),#11587);
#8456=STYLED_ITEM('',(#8903),#11588);
#8457=STYLED_ITEM('',(#8904),#11589);
#8458=STYLED_ITEM('',(#8905),#11590);
#8459=STYLED_ITEM('',(#8906),#11591);
#8460=STYLED_ITEM('',(#8907),#11592);
#8461=STYLED_ITEM('',(#8908),#11593);
#8462=STYLED_ITEM('',(#8909),#11594);
#8463=STYLED_ITEM('',(#8910),#11595);
#8464=STYLED_ITEM('',(#8911),#11596);
#8465=STYLED_ITEM('',(#8912),#11597);
#8466=STYLED_ITEM('',(#8913),#11598);
#8467=STYLED_ITEM('',(#8914),#11599);
#8468=STYLED_ITEM('',(#8915),#11600);
#8469=STYLED_ITEM('',(#8916),#11601);
#8470=STYLED_ITEM('',(#8917),#11602);
#8471=STYLED_ITEM('',(#8918),#11603);
#8472=STYLED_ITEM('',(#8919),#11604);
#8473=STYLED_ITEM('',(#8920),#11605);
#8474=STYLED_ITEM('',(#8921),#11606);
#8475=STYLED_ITEM('',(#8922),#11607);
#8476=STYLED_ITEM('',(#8923),#11608);
#8477=STYLED_ITEM('',(#8924),#11609);
#8478=STYLED_ITEM('',(#8925),#11610);
#8479=STYLED_ITEM('',(#8926),#11611);
#8480=STYLED_ITEM('',(#8927),#11612);
#8481=STYLED_ITEM('',(#8928),#11613);
#8482=STYLED_ITEM('',(#8929),#11614);
#8483=STYLED_ITEM('',(#8930),#11615);
#8484=PRESENTATION_STYLE_ASSIGNMENT((#8931));
#8485=PRESENTATION_STYLE_ASSIGNMENT((#8932));
#8486=PRESENTATION_STYLE_ASSIGNMENT((#8933));
#8487=PRESENTATION_STYLE_ASSIGNMENT((#8934));
#8488=PRESENTATION_STYLE_ASSIGNMENT((#8935));
#8489=PRESENTATION_STYLE_ASSIGNMENT((#8936));
#8490=PRESENTATION_STYLE_ASSIGNMENT((#8937));
#8491=PRESENTATION_STYLE_ASSIGNMENT((#8938));
#8492=PRESENTATION_STYLE_ASSIGNMENT((#8939));
#8493=PRESENTATION_STYLE_ASSIGNMENT((#8940));
#8494=PRESENTATION_STYLE_ASSIGNMENT((#8941));
#8495=PRESENTATION_STYLE_ASSIGNMENT((#8942));
#8496=PRESENTATION_STYLE_ASSIGNMENT((#8943));
#8497=PRESENTATION_STYLE_ASSIGNMENT((#8944));
#8498=PRESENTATION_STYLE_ASSIGNMENT((#8945));
#8499=PRESENTATION_STYLE_ASSIGNMENT((#8946));
#8500=PRESENTATION_STYLE_ASSIGNMENT((#8947));
#8501=PRESENTATION_STYLE_ASSIGNMENT((#8948));
#8502=PRESENTATION_STYLE_ASSIGNMENT((#8949));
#8503=PRESENTATION_STYLE_ASSIGNMENT((#8950));
#8504=PRESENTATION_STYLE_ASSIGNMENT((#8951));
#8505=PRESENTATION_STYLE_ASSIGNMENT((#8952));
#8506=PRESENTATION_STYLE_ASSIGNMENT((#8953));
#8507=PRESENTATION_STYLE_ASSIGNMENT((#8954));
#8508=PRESENTATION_STYLE_ASSIGNMENT((#8955));
#8509=PRESENTATION_STYLE_ASSIGNMENT((#8956));
#8510=PRESENTATION_STYLE_ASSIGNMENT((#8957));
#8511=PRESENTATION_STYLE_ASSIGNMENT((#8958));
#8512=PRESENTATION_STYLE_ASSIGNMENT((#8959));
#8513=PRESENTATION_STYLE_ASSIGNMENT((#8960));
#8514=PRESENTATION_STYLE_ASSIGNMENT((#8961));
#8515=PRESENTATION_STYLE_ASSIGNMENT((#8962));
#8516=PRESENTATION_STYLE_ASSIGNMENT((#8963));
#8517=PRESENTATION_STYLE_ASSIGNMENT((#8964));
#8518=PRESENTATION_STYLE_ASSIGNMENT((#8965));
#8519=PRESENTATION_STYLE_ASSIGNMENT((#8966));
#8520=PRESENTATION_STYLE_ASSIGNMENT((#8967));
#8521=PRESENTATION_STYLE_ASSIGNMENT((#8968));
#8522=PRESENTATION_STYLE_ASSIGNMENT((#8969));
#8523=PRESENTATION_STYLE_ASSIGNMENT((#8970));
#8524=PRESENTATION_STYLE_ASSIGNMENT((#8971));
#8525=PRESENTATION_STYLE_ASSIGNMENT((#8972));
#8526=PRESENTATION_STYLE_ASSIGNMENT((#8973));
#8527=PRESENTATION_STYLE_ASSIGNMENT((#8974));
#8528=PRESENTATION_STYLE_ASSIGNMENT((#8975));
#8529=PRESENTATION_STYLE_ASSIGNMENT((#8976));
#8530=PRESENTATION_STYLE_ASSIGNMENT((#8977));
#8531=PRESENTATION_STYLE_ASSIGNMENT((#8978));
#8532=PRESENTATION_STYLE_ASSIGNMENT((#8979));
#8533=PRESENTATION_STYLE_ASSIGNMENT((#8980));
#8534=PRESENTATION_STYLE_ASSIGNMENT((#8981));
#8535=PRESENTATION_STYLE_ASSIGNMENT((#8982));
#8536=PRESENTATION_STYLE_ASSIGNMENT((#8983));
#8537=PRESENTATION_STYLE_ASSIGNMENT((#8984));
#8538=PRESENTATION_STYLE_ASSIGNMENT((#8985));
#8539=PRESENTATION_STYLE_ASSIGNMENT((#8986));
#8540=PRESENTATION_STYLE_ASSIGNMENT((#8987));
#8541=PRESENTATION_STYLE_ASSIGNMENT((#8988));
#8542=PRESENTATION_STYLE_ASSIGNMENT((#8989));
#8543=PRESENTATION_STYLE_ASSIGNMENT((#8990));
#8544=PRESENTATION_STYLE_ASSIGNMENT((#8991));
#8545=PRESENTATION_STYLE_ASSIGNMENT((#8992));
#8546=PRESENTATION_STYLE_ASSIGNMENT((#8993));
#8547=PRESENTATION_STYLE_ASSIGNMENT((#8994));
#8548=PRESENTATION_STYLE_ASSIGNMENT((#8995));
#8549=PRESENTATION_STYLE_ASSIGNMENT((#8996));
#8550=PRESENTATION_STYLE_ASSIGNMENT((#8997));
#8551=PRESENTATION_STYLE_ASSIGNMENT((#8998));
#8552=PRESENTATION_STYLE_ASSIGNMENT((#8999));
#8553=PRESENTATION_STYLE_ASSIGNMENT((#9000));
#8554=PRESENTATION_STYLE_ASSIGNMENT((#9001));
#8555=PRESENTATION_STYLE_ASSIGNMENT((#9002));
#8556=PRESENTATION_STYLE_ASSIGNMENT((#9003));
#8557=PRESENTATION_STYLE_ASSIGNMENT((#9004));
#8558=PRESENTATION_STYLE_ASSIGNMENT((#9005));
#8559=PRESENTATION_STYLE_ASSIGNMENT((#9006));
#8560=PRESENTATION_STYLE_ASSIGNMENT((#9007));
#8561=PRESENTATION_STYLE_ASSIGNMENT((#9008));
#8562=PRESENTATION_STYLE_ASSIGNMENT((#9009));
#8563=PRESENTATION_STYLE_ASSIGNMENT((#9010));
#8564=PRESENTATION_STYLE_ASSIGNMENT((#9011));
#8565=PRESENTATION_STYLE_ASSIGNMENT((#9012));
#8566=PRESENTATION_STYLE_ASSIGNMENT((#9013));
#8567=PRESENTATION_STYLE_ASSIGNMENT((#9014));
#8568=PRESENTATION_STYLE_ASSIGNMENT((#9015));
#8569=PRESENTATION_STYLE_ASSIGNMENT((#9016));
#8570=PRESENTATION_STYLE_ASSIGNMENT((#9017));
#8571=PRESENTATION_STYLE_ASSIGNMENT((#9018));
#8572=PRESENTATION_STYLE_ASSIGNMENT((#9019));
#8573=PRESENTATION_STYLE_ASSIGNMENT((#9020));
#8574=PRESENTATION_STYLE_ASSIGNMENT((#9021));
#8575=PRESENTATION_STYLE_ASSIGNMENT((#9022));
#8576=PRESENTATION_STYLE_ASSIGNMENT((#9023));
#8577=PRESENTATION_STYLE_ASSIGNMENT((#9024));
#8578=PRESENTATION_STYLE_ASSIGNMENT((#9025));
#8579=PRESENTATION_STYLE_ASSIGNMENT((#9026));
#8580=PRESENTATION_STYLE_ASSIGNMENT((#9027));
#8581=PRESENTATION_STYLE_ASSIGNMENT((#9028));
#8582=PRESENTATION_STYLE_ASSIGNMENT((#9029));
#8583=PRESENTATION_STYLE_ASSIGNMENT((#9030));
#8584=PRESENTATION_STYLE_ASSIGNMENT((#9031));
#8585=PRESENTATION_STYLE_ASSIGNMENT((#9032));
#8586=PRESENTATION_STYLE_ASSIGNMENT((#9033));
#8587=PRESENTATION_STYLE_ASSIGNMENT((#9034));
#8588=PRESENTATION_STYLE_ASSIGNMENT((#9035));
#8589=PRESENTATION_STYLE_ASSIGNMENT((#9036));
#8590=PRESENTATION_STYLE_ASSIGNMENT((#9037));
#8591=PRESENTATION_STYLE_ASSIGNMENT((#9038));
#8592=PRESENTATION_STYLE_ASSIGNMENT((#9039));
#8593=PRESENTATION_STYLE_ASSIGNMENT((#9040));
#8594=PRESENTATION_STYLE_ASSIGNMENT((#9041));
#8595=PRESENTATION_STYLE_ASSIGNMENT((#9042));
#8596=PRESENTATION_STYLE_ASSIGNMENT((#9043));
#8597=PRESENTATION_STYLE_ASSIGNMENT((#9044));
#8598=PRESENTATION_STYLE_ASSIGNMENT((#9045));
#8599=PRESENTATION_STYLE_ASSIGNMENT((#9046));
#8600=PRESENTATION_STYLE_ASSIGNMENT((#9047));
#8601=PRESENTATION_STYLE_ASSIGNMENT((#9048));
#8602=PRESENTATION_STYLE_ASSIGNMENT((#9049));
#8603=PRESENTATION_STYLE_ASSIGNMENT((#9050));
#8604=PRESENTATION_STYLE_ASSIGNMENT((#9051));
#8605=PRESENTATION_STYLE_ASSIGNMENT((#9052));
#8606=PRESENTATION_STYLE_ASSIGNMENT((#9053));
#8607=PRESENTATION_STYLE_ASSIGNMENT((#9054));
#8608=PRESENTATION_STYLE_ASSIGNMENT((#9055));
#8609=PRESENTATION_STYLE_ASSIGNMENT((#9056));
#8610=PRESENTATION_STYLE_ASSIGNMENT((#9057));
#8611=PRESENTATION_STYLE_ASSIGNMENT((#9058));
#8612=PRESENTATION_STYLE_ASSIGNMENT((#9059));
#8613=PRESENTATION_STYLE_ASSIGNMENT((#9060));
#8614=PRESENTATION_STYLE_ASSIGNMENT((#9061));
#8615=PRESENTATION_STYLE_ASSIGNMENT((#9062));
#8616=PRESENTATION_STYLE_ASSIGNMENT((#9063));
#8617=PRESENTATION_STYLE_ASSIGNMENT((#9064));
#8618=PRESENTATION_STYLE_ASSIGNMENT((#9065));
#8619=PRESENTATION_STYLE_ASSIGNMENT((#9066));
#8620=PRESENTATION_STYLE_ASSIGNMENT((#9067));
#8621=PRESENTATION_STYLE_ASSIGNMENT((#9068));
#8622=PRESENTATION_STYLE_ASSIGNMENT((#9069));
#8623=PRESENTATION_STYLE_ASSIGNMENT((#9070));
#8624=PRESENTATION_STYLE_ASSIGNMENT((#9071));
#8625=PRESENTATION_STYLE_ASSIGNMENT((#9072));
#8626=PRESENTATION_STYLE_ASSIGNMENT((#9073));
#8627=PRESENTATION_STYLE_ASSIGNMENT((#9074));
#8628=PRESENTATION_STYLE_ASSIGNMENT((#9075));
#8629=PRESENTATION_STYLE_ASSIGNMENT((#9076));
#8630=PRESENTATION_STYLE_ASSIGNMENT((#9077));
#8631=PRESENTATION_STYLE_ASSIGNMENT((#9078));
#8632=PRESENTATION_STYLE_ASSIGNMENT((#9079));
#8633=PRESENTATION_STYLE_ASSIGNMENT((#9080));
#8634=PRESENTATION_STYLE_ASSIGNMENT((#9081));
#8635=PRESENTATION_STYLE_ASSIGNMENT((#9082));
#8636=PRESENTATION_STYLE_ASSIGNMENT((#9083));
#8637=PRESENTATION_STYLE_ASSIGNMENT((#9084));
#8638=PRESENTATION_STYLE_ASSIGNMENT((#9085));
#8639=PRESENTATION_STYLE_ASSIGNMENT((#9086));
#8640=PRESENTATION_STYLE_ASSIGNMENT((#9087));
#8641=PRESENTATION_STYLE_ASSIGNMENT((#9088));
#8642=PRESENTATION_STYLE_ASSIGNMENT((#9089));
#8643=PRESENTATION_STYLE_ASSIGNMENT((#9090));
#8644=PRESENTATION_STYLE_ASSIGNMENT((#9091));
#8645=PRESENTATION_STYLE_ASSIGNMENT((#9092));
#8646=PRESENTATION_STYLE_ASSIGNMENT((#9093));
#8647=PRESENTATION_STYLE_ASSIGNMENT((#9094));
#8648=PRESENTATION_STYLE_ASSIGNMENT((#9095));
#8649=PRESENTATION_STYLE_ASSIGNMENT((#9096));
#8650=PRESENTATION_STYLE_ASSIGNMENT((#9097));
#8651=PRESENTATION_STYLE_ASSIGNMENT((#9098));
#8652=PRESENTATION_STYLE_ASSIGNMENT((#9099));
#8653=PRESENTATION_STYLE_ASSIGNMENT((#9100));
#8654=PRESENTATION_STYLE_ASSIGNMENT((#9101));
#8655=PRESENTATION_STYLE_ASSIGNMENT((#9102));
#8656=PRESENTATION_STYLE_ASSIGNMENT((#9103));
#8657=PRESENTATION_STYLE_ASSIGNMENT((#9104));
#8658=PRESENTATION_STYLE_ASSIGNMENT((#9105));
#8659=PRESENTATION_STYLE_ASSIGNMENT((#9106));
#8660=PRESENTATION_STYLE_ASSIGNMENT((#9107));
#8661=PRESENTATION_STYLE_ASSIGNMENT((#9108));
#8662=PRESENTATION_STYLE_ASSIGNMENT((#9109));
#8663=PRESENTATION_STYLE_ASSIGNMENT((#9110));
#8664=PRESENTATION_STYLE_ASSIGNMENT((#9111));
#8665=PRESENTATION_STYLE_ASSIGNMENT((#9112));
#8666=PRESENTATION_STYLE_ASSIGNMENT((#9113));
#8667=PRESENTATION_STYLE_ASSIGNMENT((#9114));
#8668=PRESENTATION_STYLE_ASSIGNMENT((#9115));
#8669=PRESENTATION_STYLE_ASSIGNMENT((#9116));
#8670=PRESENTATION_STYLE_ASSIGNMENT((#9117));
#8671=PRESENTATION_STYLE_ASSIGNMENT((#9118));
#8672=PRESENTATION_STYLE_ASSIGNMENT((#9119));
#8673=PRESENTATION_STYLE_ASSIGNMENT((#9120));
#8674=PRESENTATION_STYLE_ASSIGNMENT((#9121));
#8675=PRESENTATION_STYLE_ASSIGNMENT((#9122));
#8676=PRESENTATION_STYLE_ASSIGNMENT((#9123));
#8677=PRESENTATION_STYLE_ASSIGNMENT((#9124));
#8678=PRESENTATION_STYLE_ASSIGNMENT((#9125));
#8679=PRESENTATION_STYLE_ASSIGNMENT((#9126));
#8680=PRESENTATION_STYLE_ASSIGNMENT((#9127));
#8681=PRESENTATION_STYLE_ASSIGNMENT((#9128));
#8682=PRESENTATION_STYLE_ASSIGNMENT((#9129));
#8683=PRESENTATION_STYLE_ASSIGNMENT((#9130));
#8684=PRESENTATION_STYLE_ASSIGNMENT((#9131));
#8685=PRESENTATION_STYLE_ASSIGNMENT((#9132));
#8686=PRESENTATION_STYLE_ASSIGNMENT((#9133));
#8687=PRESENTATION_STYLE_ASSIGNMENT((#9134));
#8688=PRESENTATION_STYLE_ASSIGNMENT((#9135));
#8689=PRESENTATION_STYLE_ASSIGNMENT((#9136));
#8690=PRESENTATION_STYLE_ASSIGNMENT((#9137));
#8691=PRESENTATION_STYLE_ASSIGNMENT((#9138));
#8692=PRESENTATION_STYLE_ASSIGNMENT((#9139));
#8693=PRESENTATION_STYLE_ASSIGNMENT((#9140));
#8694=PRESENTATION_STYLE_ASSIGNMENT((#9141));
#8695=PRESENTATION_STYLE_ASSIGNMENT((#9142));
#8696=PRESENTATION_STYLE_ASSIGNMENT((#9143));
#8697=PRESENTATION_STYLE_ASSIGNMENT((#9144));
#8698=PRESENTATION_STYLE_ASSIGNMENT((#9145));
#8699=PRESENTATION_STYLE_ASSIGNMENT((#9146));
#8700=PRESENTATION_STYLE_ASSIGNMENT((#9147));
#8701=PRESENTATION_STYLE_ASSIGNMENT((#9148));
#8702=PRESENTATION_STYLE_ASSIGNMENT((#9149));
#8703=PRESENTATION_STYLE_ASSIGNMENT((#9150));
#8704=PRESENTATION_STYLE_ASSIGNMENT((#9151));
#8705=PRESENTATION_STYLE_ASSIGNMENT((#9152));
#8706=PRESENTATION_STYLE_ASSIGNMENT((#9153));
#8707=PRESENTATION_STYLE_ASSIGNMENT((#9154));
#8708=PRESENTATION_STYLE_ASSIGNMENT((#9155));
#8709=PRESENTATION_STYLE_ASSIGNMENT((#9156));
#8710=PRESENTATION_STYLE_ASSIGNMENT((#9157));
#8711=PRESENTATION_STYLE_ASSIGNMENT((#9158));
#8712=PRESENTATION_STYLE_ASSIGNMENT((#9159));
#8713=PRESENTATION_STYLE_ASSIGNMENT((#9160));
#8714=PRESENTATION_STYLE_ASSIGNMENT((#9161));
#8715=PRESENTATION_STYLE_ASSIGNMENT((#9162));
#8716=PRESENTATION_STYLE_ASSIGNMENT((#9163));
#8717=PRESENTATION_STYLE_ASSIGNMENT((#9164));
#8718=PRESENTATION_STYLE_ASSIGNMENT((#9165));
#8719=PRESENTATION_STYLE_ASSIGNMENT((#9166));
#8720=PRESENTATION_STYLE_ASSIGNMENT((#9167));
#8721=PRESENTATION_STYLE_ASSIGNMENT((#9168));
#8722=PRESENTATION_STYLE_ASSIGNMENT((#9169));
#8723=PRESENTATION_STYLE_ASSIGNMENT((#9170));
#8724=PRESENTATION_STYLE_ASSIGNMENT((#9171));
#8725=PRESENTATION_STYLE_ASSIGNMENT((#9172));
#8726=PRESENTATION_STYLE_ASSIGNMENT((#9173));
#8727=PRESENTATION_STYLE_ASSIGNMENT((#9174));
#8728=PRESENTATION_STYLE_ASSIGNMENT((#9175));
#8729=PRESENTATION_STYLE_ASSIGNMENT((#9176));
#8730=PRESENTATION_STYLE_ASSIGNMENT((#9177));
#8731=PRESENTATION_STYLE_ASSIGNMENT((#9178));
#8732=PRESENTATION_STYLE_ASSIGNMENT((#9179));
#8733=PRESENTATION_STYLE_ASSIGNMENT((#9180));
#8734=PRESENTATION_STYLE_ASSIGNMENT((#9181));
#8735=PRESENTATION_STYLE_ASSIGNMENT((#9182));
#8736=PRESENTATION_STYLE_ASSIGNMENT((#9183));
#8737=PRESENTATION_STYLE_ASSIGNMENT((#9184));
#8738=PRESENTATION_STYLE_ASSIGNMENT((#9185));
#8739=PRESENTATION_STYLE_ASSIGNMENT((#9186));
#8740=PRESENTATION_STYLE_ASSIGNMENT((#9187));
#8741=PRESENTATION_STYLE_ASSIGNMENT((#9188));
#8742=PRESENTATION_STYLE_ASSIGNMENT((#9189));
#8743=PRESENTATION_STYLE_ASSIGNMENT((#9190));
#8744=PRESENTATION_STYLE_ASSIGNMENT((#9191));
#8745=PRESENTATION_STYLE_ASSIGNMENT((#9192));
#8746=PRESENTATION_STYLE_ASSIGNMENT((#9193));
#8747=PRESENTATION_STYLE_ASSIGNMENT((#9194));
#8748=PRESENTATION_STYLE_ASSIGNMENT((#9195));
#8749=PRESENTATION_STYLE_ASSIGNMENT((#9196));
#8750=PRESENTATION_STYLE_ASSIGNMENT((#9197));
#8751=PRESENTATION_STYLE_ASSIGNMENT((#9198));
#8752=PRESENTATION_STYLE_ASSIGNMENT((#9199));
#8753=PRESENTATION_STYLE_ASSIGNMENT((#9200));
#8754=PRESENTATION_STYLE_ASSIGNMENT((#9201));
#8755=PRESENTATION_STYLE_ASSIGNMENT((#9202));
#8756=PRESENTATION_STYLE_ASSIGNMENT((#9203));
#8757=PRESENTATION_STYLE_ASSIGNMENT((#9204));
#8758=PRESENTATION_STYLE_ASSIGNMENT((#9205));
#8759=PRESENTATION_STYLE_ASSIGNMENT((#9206));
#8760=PRESENTATION_STYLE_ASSIGNMENT((#9207));
#8761=PRESENTATION_STYLE_ASSIGNMENT((#9208));
#8762=PRESENTATION_STYLE_ASSIGNMENT((#9209));
#8763=PRESENTATION_STYLE_ASSIGNMENT((#9210));
#8764=PRESENTATION_STYLE_ASSIGNMENT((#9211));
#8765=PRESENTATION_STYLE_ASSIGNMENT((#9212));
#8766=PRESENTATION_STYLE_ASSIGNMENT((#9213));
#8767=PRESENTATION_STYLE_ASSIGNMENT((#9214));
#8768=PRESENTATION_STYLE_ASSIGNMENT((#9215));
#8769=PRESENTATION_STYLE_ASSIGNMENT((#9216));
#8770=PRESENTATION_STYLE_ASSIGNMENT((#9217));
#8771=PRESENTATION_STYLE_ASSIGNMENT((#9218));
#8772=PRESENTATION_STYLE_ASSIGNMENT((#9219));
#8773=PRESENTATION_STYLE_ASSIGNMENT((#9220));
#8774=PRESENTATION_STYLE_ASSIGNMENT((#9221));
#8775=PRESENTATION_STYLE_ASSIGNMENT((#9222));
#8776=PRESENTATION_STYLE_ASSIGNMENT((#9223));
#8777=PRESENTATION_STYLE_ASSIGNMENT((#9224));
#8778=PRESENTATION_STYLE_ASSIGNMENT((#9225));
#8779=PRESENTATION_STYLE_ASSIGNMENT((#9226));
#8780=PRESENTATION_STYLE_ASSIGNMENT((#9227));
#8781=PRESENTATION_STYLE_ASSIGNMENT((#9228));
#8782=PRESENTATION_STYLE_ASSIGNMENT((#9229));
#8783=PRESENTATION_STYLE_ASSIGNMENT((#9230));
#8784=PRESENTATION_STYLE_ASSIGNMENT((#9231));
#8785=PRESENTATION_STYLE_ASSIGNMENT((#9232));
#8786=PRESENTATION_STYLE_ASSIGNMENT((#9233));
#8787=PRESENTATION_STYLE_ASSIGNMENT((#9234));
#8788=PRESENTATION_STYLE_ASSIGNMENT((#9235));
#8789=PRESENTATION_STYLE_ASSIGNMENT((#9236));
#8790=PRESENTATION_STYLE_ASSIGNMENT((#9237));
#8791=PRESENTATION_STYLE_ASSIGNMENT((#9238));
#8792=PRESENTATION_STYLE_ASSIGNMENT((#9239));
#8793=PRESENTATION_STYLE_ASSIGNMENT((#9240));
#8794=PRESENTATION_STYLE_ASSIGNMENT((#9241));
#8795=PRESENTATION_STYLE_ASSIGNMENT((#9242));
#8796=PRESENTATION_STYLE_ASSIGNMENT((#9243));
#8797=PRESENTATION_STYLE_ASSIGNMENT((#9244));
#8798=PRESENTATION_STYLE_ASSIGNMENT((#9245));
#8799=PRESENTATION_STYLE_ASSIGNMENT((#9246));
#8800=PRESENTATION_STYLE_ASSIGNMENT((#9247));
#8801=PRESENTATION_STYLE_ASSIGNMENT((#9248));
#8802=PRESENTATION_STYLE_ASSIGNMENT((#9249));
#8803=PRESENTATION_STYLE_ASSIGNMENT((#9250));
#8804=PRESENTATION_STYLE_ASSIGNMENT((#9251));
#8805=PRESENTATION_STYLE_ASSIGNMENT((#9252));
#8806=PRESENTATION_STYLE_ASSIGNMENT((#9253));
#8807=PRESENTATION_STYLE_ASSIGNMENT((#9254));
#8808=PRESENTATION_STYLE_ASSIGNMENT((#9255));
#8809=PRESENTATION_STYLE_ASSIGNMENT((#9256));
#8810=PRESENTATION_STYLE_ASSIGNMENT((#9257));
#8811=PRESENTATION_STYLE_ASSIGNMENT((#9258));
#8812=PRESENTATION_STYLE_ASSIGNMENT((#9259));
#8813=PRESENTATION_STYLE_ASSIGNMENT((#9260));
#8814=PRESENTATION_STYLE_ASSIGNMENT((#9261));
#8815=PRESENTATION_STYLE_ASSIGNMENT((#9262));
#8816=PRESENTATION_STYLE_ASSIGNMENT((#9263));
#8817=PRESENTATION_STYLE_ASSIGNMENT((#9264));
#8818=PRESENTATION_STYLE_ASSIGNMENT((#9265));
#8819=PRESENTATION_STYLE_ASSIGNMENT((#9266));
#8820=PRESENTATION_STYLE_ASSIGNMENT((#9267));
#8821=PRESENTATION_STYLE_ASSIGNMENT((#9268));
#8822=PRESENTATION_STYLE_ASSIGNMENT((#9269));
#8823=PRESENTATION_STYLE_ASSIGNMENT((#9270));
#8824=PRESENTATION_STYLE_ASSIGNMENT((#9271));
#8825=PRESENTATION_STYLE_ASSIGNMENT((#9272));
#8826=PRESENTATION_STYLE_ASSIGNMENT((#9273));
#8827=PRESENTATION_STYLE_ASSIGNMENT((#9274));
#8828=PRESENTATION_STYLE_ASSIGNMENT((#9275));
#8829=PRESENTATION_STYLE_ASSIGNMENT((#9276));
#8830=PRESENTATION_STYLE_ASSIGNMENT((#9277));
#8831=PRESENTATION_STYLE_ASSIGNMENT((#9278));
#8832=PRESENTATION_STYLE_ASSIGNMENT((#9279));
#8833=PRESENTATION_STYLE_ASSIGNMENT((#9280));
#8834=PRESENTATION_STYLE_ASSIGNMENT((#9281));
#8835=PRESENTATION_STYLE_ASSIGNMENT((#9282));
#8836=PRESENTATION_STYLE_ASSIGNMENT((#9283));
#8837=PRESENTATION_STYLE_ASSIGNMENT((#9284));
#8838=PRESENTATION_STYLE_ASSIGNMENT((#9285));
#8839=PRESENTATION_STYLE_ASSIGNMENT((#9286));
#8840=PRESENTATION_STYLE_ASSIGNMENT((#9287));
#8841=PRESENTATION_STYLE_ASSIGNMENT((#9288));
#8842=PRESENTATION_STYLE_ASSIGNMENT((#9289));
#8843=PRESENTATION_STYLE_ASSIGNMENT((#9290));
#8844=PRESENTATION_STYLE_ASSIGNMENT((#9291));
#8845=PRESENTATION_STYLE_ASSIGNMENT((#9292));
#8846=PRESENTATION_STYLE_ASSIGNMENT((#9293));
#8847=PRESENTATION_STYLE_ASSIGNMENT((#9294));
#8848=PRESENTATION_STYLE_ASSIGNMENT((#9295));
#8849=PRESENTATION_STYLE_ASSIGNMENT((#9296));
#8850=PRESENTATION_STYLE_ASSIGNMENT((#9297));
#8851=PRESENTATION_STYLE_ASSIGNMENT((#9298));
#8852=PRESENTATION_STYLE_ASSIGNMENT((#9299));
#8853=PRESENTATION_STYLE_ASSIGNMENT((#9300));
#8854=PRESENTATION_STYLE_ASSIGNMENT((#9301));
#8855=PRESENTATION_STYLE_ASSIGNMENT((#9302));
#8856=PRESENTATION_STYLE_ASSIGNMENT((#9303));
#8857=PRESENTATION_STYLE_ASSIGNMENT((#9304));
#8858=PRESENTATION_STYLE_ASSIGNMENT((#9305));
#8859=PRESENTATION_STYLE_ASSIGNMENT((#9306));
#8860=PRESENTATION_STYLE_ASSIGNMENT((#9307));
#8861=PRESENTATION_STYLE_ASSIGNMENT((#9308));
#8862=PRESENTATION_STYLE_ASSIGNMENT((#9309));
#8863=PRESENTATION_STYLE_ASSIGNMENT((#9310));
#8864=PRESENTATION_STYLE_ASSIGNMENT((#9311));
#8865=PRESENTATION_STYLE_ASSIGNMENT((#9312));
#8866=PRESENTATION_STYLE_ASSIGNMENT((#9313));
#8867=PRESENTATION_STYLE_ASSIGNMENT((#9314));
#8868=PRESENTATION_STYLE_ASSIGNMENT((#9315));
#8869=PRESENTATION_STYLE_ASSIGNMENT((#9316));
#8870=PRESENTATION_STYLE_ASSIGNMENT((#9317));
#8871=PRESENTATION_STYLE_ASSIGNMENT((#9318));
#8872=PRESENTATION_STYLE_ASSIGNMENT((#9319));
#8873=PRESENTATION_STYLE_ASSIGNMENT((#9320));
#8874=PRESENTATION_STYLE_ASSIGNMENT((#9321));
#8875=PRESENTATION_STYLE_ASSIGNMENT((#9322));
#8876=PRESENTATION_STYLE_ASSIGNMENT((#9323));
#8877=PRESENTATION_STYLE_ASSIGNMENT((#9324));
#8878=PRESENTATION_STYLE_ASSIGNMENT((#9325));
#8879=PRESENTATION_STYLE_ASSIGNMENT((#9326));
#8880=PRESENTATION_STYLE_ASSIGNMENT((#9327));
#8881=PRESENTATION_STYLE_ASSIGNMENT((#9328));
#8882=PRESENTATION_STYLE_ASSIGNMENT((#9329));
#8883=PRESENTATION_STYLE_ASSIGNMENT((#9330));
#8884=PRESENTATION_STYLE_ASSIGNMENT((#9331));
#8885=PRESENTATION_STYLE_ASSIGNMENT((#9332));
#8886=PRESENTATION_STYLE_ASSIGNMENT((#9333));
#8887=PRESENTATION_STYLE_ASSIGNMENT((#9334));
#8888=PRESENTATION_STYLE_ASSIGNMENT((#9335));
#8889=PRESENTATION_STYLE_ASSIGNMENT((#9336));
#8890=PRESENTATION_STYLE_ASSIGNMENT((#9337));
#8891=PRESENTATION_STYLE_ASSIGNMENT((#9338));
#8892=PRESENTATION_STYLE_ASSIGNMENT((#9339));
#8893=PRESENTATION_STYLE_ASSIGNMENT((#9340));
#8894=PRESENTATION_STYLE_ASSIGNMENT((#9341));
#8895=PRESENTATION_STYLE_ASSIGNMENT((#9342));
#8896=PRESENTATION_STYLE_ASSIGNMENT((#9343));
#8897=PRESENTATION_STYLE_ASSIGNMENT((#9344));
#8898=PRESENTATION_STYLE_ASSIGNMENT((#9345));
#8899=PRESENTATION_STYLE_ASSIGNMENT((#9346));
#8900=PRESENTATION_STYLE_ASSIGNMENT((#9347));
#8901=PRESENTATION_STYLE_ASSIGNMENT((#9348));
#8902=PRESENTATION_STYLE_ASSIGNMENT((#9349));
#8903=PRESENTATION_STYLE_ASSIGNMENT((#9350));
#8904=PRESENTATION_STYLE_ASSIGNMENT((#9351));
#8905=PRESENTATION_STYLE_ASSIGNMENT((#9352));
#8906=PRESENTATION_STYLE_ASSIGNMENT((#9353));
#8907=PRESENTATION_STYLE_ASSIGNMENT((#9354));
#8908=PRESENTATION_STYLE_ASSIGNMENT((#9355));
#8909=PRESENTATION_STYLE_ASSIGNMENT((#9356));
#8910=PRESENTATION_STYLE_ASSIGNMENT((#9357));
#8911=PRESENTATION_STYLE_ASSIGNMENT((#9358));
#8912=PRESENTATION_STYLE_ASSIGNMENT((#9359));
#8913=PRESENTATION_STYLE_ASSIGNMENT((#9360));
#8914=PRESENTATION_STYLE_ASSIGNMENT((#9361));
#8915=PRESENTATION_STYLE_ASSIGNMENT((#9362));
#8916=PRESENTATION_STYLE_ASSIGNMENT((#9363));
#8917=PRESENTATION_STYLE_ASSIGNMENT((#9364));
#8918=PRESENTATION_STYLE_ASSIGNMENT((#9365));
#8919=PRESENTATION_STYLE_ASSIGNMENT((#9366));
#8920=PRESENTATION_STYLE_ASSIGNMENT((#9367));
#8921=PRESENTATION_STYLE_ASSIGNMENT((#9368));
#8922=PRESENTATION_STYLE_ASSIGNMENT((#9369));
#8923=PRESENTATION_STYLE_ASSIGNMENT((#9370));
#8924=PRESENTATION_STYLE_ASSIGNMENT((#9371));
#8925=PRESENTATION_STYLE_ASSIGNMENT((#9372));
#8926=PRESENTATION_STYLE_ASSIGNMENT((#9373));
#8927=PRESENTATION_STYLE_ASSIGNMENT((#9374));
#8928=PRESENTATION_STYLE_ASSIGNMENT((#9375));
#8929=PRESENTATION_STYLE_ASSIGNMENT((#9376));
#8930=PRESENTATION_STYLE_ASSIGNMENT((#9377));
#8931=SURFACE_STYLE_USAGE(.BOTH.,#9378);
#8932=SURFACE_STYLE_USAGE(.BOTH.,#9379);
#8933=SURFACE_STYLE_USAGE(.BOTH.,#9380);
#8934=SURFACE_STYLE_USAGE(.BOTH.,#9381);
#8935=SURFACE_STYLE_USAGE(.BOTH.,#9382);
#8936=SURFACE_STYLE_USAGE(.BOTH.,#9383);
#8937=SURFACE_STYLE_USAGE(.BOTH.,#9384);
#8938=SURFACE_STYLE_USAGE(.BOTH.,#9385);
#8939=SURFACE_STYLE_USAGE(.BOTH.,#9386);
#8940=SURFACE_STYLE_USAGE(.BOTH.,#9387);
#8941=SURFACE_STYLE_USAGE(.BOTH.,#9388);
#8942=SURFACE_STYLE_USAGE(.BOTH.,#9389);
#8943=SURFACE_STYLE_USAGE(.BOTH.,#9390);
#8944=SURFACE_STYLE_USAGE(.BOTH.,#9391);
#8945=SURFACE_STYLE_USAGE(.BOTH.,#9392);
#8946=SURFACE_STYLE_USAGE(.BOTH.,#9393);
#8947=SURFACE_STYLE_USAGE(.BOTH.,#9394);
#8948=SURFACE_STYLE_USAGE(.BOTH.,#9395);
#8949=SURFACE_STYLE_USAGE(.BOTH.,#9396);
#8950=SURFACE_STYLE_USAGE(.BOTH.,#9397);
#8951=SURFACE_STYLE_USAGE(.BOTH.,#9398);
#8952=SURFACE_STYLE_USAGE(.BOTH.,#9399);
#8953=SURFACE_STYLE_USAGE(.BOTH.,#9400);
#8954=SURFACE_STYLE_USAGE(.BOTH.,#9401);
#8955=SURFACE_STYLE_USAGE(.BOTH.,#9402);
#8956=SURFACE_STYLE_USAGE(.BOTH.,#9403);
#8957=SURFACE_STYLE_USAGE(.BOTH.,#9404);
#8958=SURFACE_STYLE_USAGE(.BOTH.,#9405);
#8959=SURFACE_STYLE_USAGE(.BOTH.,#9406);
#8960=SURFACE_STYLE_USAGE(.BOTH.,#9407);
#8961=SURFACE_STYLE_USAGE(.BOTH.,#9408);
#8962=SURFACE_STYLE_USAGE(.BOTH.,#9409);
#8963=SURFACE_STYLE_USAGE(.BOTH.,#9410);
#8964=SURFACE_STYLE_USAGE(.BOTH.,#9411);
#8965=SURFACE_STYLE_USAGE(.BOTH.,#9412);
#8966=SURFACE_STYLE_USAGE(.BOTH.,#9413);
#8967=SURFACE_STYLE_USAGE(.BOTH.,#9414);
#8968=SURFACE_STYLE_USAGE(.BOTH.,#9415);
#8969=SURFACE_STYLE_USAGE(.BOTH.,#9416);
#8970=SURFACE_STYLE_USAGE(.BOTH.,#9417);
#8971=SURFACE_STYLE_USAGE(.BOTH.,#9418);
#8972=SURFACE_STYLE_USAGE(.BOTH.,#9419);
#8973=SURFACE_STYLE_USAGE(.BOTH.,#9420);
#8974=SURFACE_STYLE_USAGE(.BOTH.,#9421);
#8975=SURFACE_STYLE_USAGE(.BOTH.,#9422);
#8976=SURFACE_STYLE_USAGE(.BOTH.,#9423);
#8977=SURFACE_STYLE_USAGE(.BOTH.,#9424);
#8978=SURFACE_STYLE_USAGE(.BOTH.,#9425);
#8979=SURFACE_STYLE_USAGE(.BOTH.,#9426);
#8980=SURFACE_STYLE_USAGE(.BOTH.,#9427);
#8981=SURFACE_STYLE_USAGE(.BOTH.,#9428);
#8982=SURFACE_STYLE_USAGE(.BOTH.,#9429);
#8983=SURFACE_STYLE_USAGE(.BOTH.,#9430);
#8984=SURFACE_STYLE_USAGE(.BOTH.,#9431);
#8985=SURFACE_STYLE_USAGE(.BOTH.,#9432);
#8986=SURFACE_STYLE_USAGE(.BOTH.,#9433);
#8987=SURFACE_STYLE_USAGE(.BOTH.,#9434);
#8988=SURFACE_STYLE_USAGE(.BOTH.,#9435);
#8989=SURFACE_STYLE_USAGE(.BOTH.,#9436);
#8990=SURFACE_STYLE_USAGE(.BOTH.,#9437);
#8991=SURFACE_STYLE_USAGE(.BOTH.,#9438);
#8992=SURFACE_STYLE_USAGE(.BOTH.,#9439);
#8993=SURFACE_STYLE_USAGE(.BOTH.,#9440);
#8994=SURFACE_STYLE_USAGE(.BOTH.,#9441);
#8995=SURFACE_STYLE_USAGE(.BOTH.,#9442);
#8996=SURFACE_STYLE_USAGE(.BOTH.,#9443);
#8997=SURFACE_STYLE_USAGE(.BOTH.,#9444);
#8998=SURFACE_STYLE_USAGE(.BOTH.,#9445);
#8999=SURFACE_STYLE_USAGE(.BOTH.,#9446);
#9000=SURFACE_STYLE_USAGE(.BOTH.,#9447);
#9001=SURFACE_STYLE_USAGE(.BOTH.,#9448);
#9002=SURFACE_STYLE_USAGE(.BOTH.,#9449);
#9003=SURFACE_STYLE_USAGE(.BOTH.,#9450);
#9004=SURFACE_STYLE_USAGE(.BOTH.,#9451);
#9005=SURFACE_STYLE_USAGE(.BOTH.,#9452);
#9006=SURFACE_STYLE_USAGE(.BOTH.,#9453);
#9007=SURFACE_STYLE_USAGE(.BOTH.,#9454);
#9008=SURFACE_STYLE_USAGE(.BOTH.,#9455);
#9009=SURFACE_STYLE_USAGE(.BOTH.,#9456);
#9010=SURFACE_STYLE_USAGE(.BOTH.,#9457);
#9011=SURFACE_STYLE_USAGE(.BOTH.,#9458);
#9012=SURFACE_STYLE_USAGE(.BOTH.,#9459);
#9013=SURFACE_STYLE_USAGE(.BOTH.,#9460);
#9014=SURFACE_STYLE_USAGE(.BOTH.,#9461);
#9015=SURFACE_STYLE_USAGE(.BOTH.,#9462);
#9016=SURFACE_STYLE_USAGE(.BOTH.,#9463);
#9017=SURFACE_STYLE_USAGE(.BOTH.,#9464);
#9018=SURFACE_STYLE_USAGE(.BOTH.,#9465);
#9019=SURFACE_STYLE_USAGE(.BOTH.,#9466);
#9020=SURFACE_STYLE_USAGE(.BOTH.,#9467);
#9021=SURFACE_STYLE_USAGE(.BOTH.,#9468);
#9022=SURFACE_STYLE_USAGE(.BOTH.,#9469);
#9023=SURFACE_STYLE_USAGE(.BOTH.,#9470);
#9024=SURFACE_STYLE_USAGE(.BOTH.,#9471);
#9025=SURFACE_STYLE_USAGE(.BOTH.,#9472);
#9026=SURFACE_STYLE_USAGE(.BOTH.,#9473);
#9027=SURFACE_STYLE_USAGE(.BOTH.,#9474);
#9028=SURFACE_STYLE_USAGE(.BOTH.,#9475);
#9029=SURFACE_STYLE_USAGE(.BOTH.,#9476);
#9030=SURFACE_STYLE_USAGE(.BOTH.,#9477);
#9031=SURFACE_STYLE_USAGE(.BOTH.,#9478);
#9032=SURFACE_STYLE_USAGE(.BOTH.,#9479);
#9033=SURFACE_STYLE_USAGE(.BOTH.,#9480);
#9034=SURFACE_STYLE_USAGE(.BOTH.,#9481);
#9035=SURFACE_STYLE_USAGE(.BOTH.,#9482);
#9036=SURFACE_STYLE_USAGE(.BOTH.,#9483);
#9037=SURFACE_STYLE_USAGE(.BOTH.,#9484);
#9038=SURFACE_STYLE_USAGE(.BOTH.,#9485);
#9039=SURFACE_STYLE_USAGE(.BOTH.,#9486);
#9040=SURFACE_STYLE_USAGE(.BOTH.,#9487);
#9041=SURFACE_STYLE_USAGE(.BOTH.,#9488);
#9042=SURFACE_STYLE_USAGE(.BOTH.,#9489);
#9043=SURFACE_STYLE_USAGE(.BOTH.,#9490);
#9044=SURFACE_STYLE_USAGE(.BOTH.,#9491);
#9045=SURFACE_STYLE_USAGE(.BOTH.,#9492);
#9046=SURFACE_STYLE_USAGE(.BOTH.,#9493);
#9047=SURFACE_STYLE_USAGE(.BOTH.,#9494);
#9048=SURFACE_STYLE_USAGE(.BOTH.,#9495);
#9049=SURFACE_STYLE_USAGE(.BOTH.,#9496);
#9050=SURFACE_STYLE_USAGE(.BOTH.,#9497);
#9051=SURFACE_STYLE_USAGE(.BOTH.,#9498);
#9052=SURFACE_STYLE_USAGE(.BOTH.,#9499);
#9053=SURFACE_STYLE_USAGE(.BOTH.,#9500);
#9054=SURFACE_STYLE_USAGE(.BOTH.,#9501);
#9055=SURFACE_STYLE_USAGE(.BOTH.,#9502);
#9056=SURFACE_STYLE_USAGE(.BOTH.,#9503);
#9057=SURFACE_STYLE_USAGE(.BOTH.,#9504);
#9058=SURFACE_STYLE_USAGE(.BOTH.,#9505);
#9059=SURFACE_STYLE_USAGE(.BOTH.,#9506);
#9060=SURFACE_STYLE_USAGE(.BOTH.,#9507);
#9061=SURFACE_STYLE_USAGE(.BOTH.,#9508);
#9062=SURFACE_STYLE_USAGE(.BOTH.,#9509);
#9063=SURFACE_STYLE_USAGE(.BOTH.,#9510);
#9064=SURFACE_STYLE_USAGE(.BOTH.,#9511);
#9065=SURFACE_STYLE_USAGE(.BOTH.,#9512);
#9066=SURFACE_STYLE_USAGE(.BOTH.,#9513);
#9067=SURFACE_STYLE_USAGE(.BOTH.,#9514);
#9068=SURFACE_STYLE_USAGE(.BOTH.,#9515);
#9069=SURFACE_STYLE_USAGE(.BOTH.,#9516);
#9070=SURFACE_STYLE_USAGE(.BOTH.,#9517);
#9071=SURFACE_STYLE_USAGE(.BOTH.,#9518);
#9072=SURFACE_STYLE_USAGE(.BOTH.,#9519);
#9073=SURFACE_STYLE_USAGE(.BOTH.,#9520);
#9074=SURFACE_STYLE_USAGE(.BOTH.,#9521);
#9075=SURFACE_STYLE_USAGE(.BOTH.,#9522);
#9076=SURFACE_STYLE_USAGE(.BOTH.,#9523);
#9077=SURFACE_STYLE_USAGE(.BOTH.,#9524);
#9078=SURFACE_STYLE_USAGE(.BOTH.,#9525);
#9079=SURFACE_STYLE_USAGE(.BOTH.,#9526);
#9080=SURFACE_STYLE_USAGE(.BOTH.,#9527);
#9081=SURFACE_STYLE_USAGE(.BOTH.,#9528);
#9082=SURFACE_STYLE_USAGE(.BOTH.,#9529);
#9083=SURFACE_STYLE_USAGE(.BOTH.,#9530);
#9084=SURFACE_STYLE_USAGE(.BOTH.,#9531);
#9085=SURFACE_STYLE_USAGE(.BOTH.,#9532);
#9086=SURFACE_STYLE_USAGE(.BOTH.,#9533);
#9087=SURFACE_STYLE_USAGE(.BOTH.,#9534);
#9088=SURFACE_STYLE_USAGE(.BOTH.,#9535);
#9089=SURFACE_STYLE_USAGE(.BOTH.,#9536);
#9090=SURFACE_STYLE_USAGE(.BOTH.,#9537);
#9091=SURFACE_STYLE_USAGE(.BOTH.,#9538);
#9092=SURFACE_STYLE_USAGE(.BOTH.,#9539);
#9093=SURFACE_STYLE_USAGE(.BOTH.,#9540);
#9094=SURFACE_STYLE_USAGE(.BOTH.,#9541);
#9095=SURFACE_STYLE_USAGE(.BOTH.,#9542);
#9096=SURFACE_STYLE_USAGE(.BOTH.,#9543);
#9097=SURFACE_STYLE_USAGE(.BOTH.,#9544);
#9098=SURFACE_STYLE_USAGE(.BOTH.,#9545);
#9099=SURFACE_STYLE_USAGE(.BOTH.,#9546);
#9100=SURFACE_STYLE_USAGE(.BOTH.,#9547);
#9101=SURFACE_STYLE_USAGE(.BOTH.,#9548);
#9102=SURFACE_STYLE_USAGE(.BOTH.,#9549);
#9103=SURFACE_STYLE_USAGE(.BOTH.,#9550);
#9104=SURFACE_STYLE_USAGE(.BOTH.,#9551);
#9105=SURFACE_STYLE_USAGE(.BOTH.,#9552);
#9106=SURFACE_STYLE_USAGE(.BOTH.,#9553);
#9107=SURFACE_STYLE_USAGE(.BOTH.,#9554);
#9108=SURFACE_STYLE_USAGE(.BOTH.,#9555);
#9109=SURFACE_STYLE_USAGE(.BOTH.,#9556);
#9110=SURFACE_STYLE_USAGE(.BOTH.,#9557);
#9111=SURFACE_STYLE_USAGE(.BOTH.,#9558);
#9112=SURFACE_STYLE_USAGE(.BOTH.,#9559);
#9113=SURFACE_STYLE_USAGE(.BOTH.,#9560);
#9114=SURFACE_STYLE_USAGE(.BOTH.,#9561);
#9115=SURFACE_STYLE_USAGE(.BOTH.,#9562);
#9116=SURFACE_STYLE_USAGE(.BOTH.,#9563);
#9117=SURFACE_STYLE_USAGE(.BOTH.,#9564);
#9118=SURFACE_STYLE_USAGE(.BOTH.,#9565);
#9119=SURFACE_STYLE_USAGE(.BOTH.,#9566);
#9120=SURFACE_STYLE_USAGE(.BOTH.,#9567);
#9121=SURFACE_STYLE_USAGE(.BOTH.,#9568);
#9122=SURFACE_STYLE_USAGE(.BOTH.,#9569);
#9123=SURFACE_STYLE_USAGE(.BOTH.,#9570);
#9124=SURFACE_STYLE_USAGE(.BOTH.,#9571);
#9125=SURFACE_STYLE_USAGE(.BOTH.,#9572);
#9126=SURFACE_STYLE_USAGE(.BOTH.,#9573);
#9127=SURFACE_STYLE_USAGE(.BOTH.,#9574);
#9128=SURFACE_STYLE_USAGE(.BOTH.,#9575);
#9129=SURFACE_STYLE_USAGE(.BOTH.,#9576);
#9130=SURFACE_STYLE_USAGE(.BOTH.,#9577);
#9131=SURFACE_STYLE_USAGE(.BOTH.,#9578);
#9132=SURFACE_STYLE_USAGE(.BOTH.,#9579);
#9133=SURFACE_STYLE_USAGE(.BOTH.,#9580);
#9134=SURFACE_STYLE_USAGE(.BOTH.,#9581);
#9135=SURFACE_STYLE_USAGE(.BOTH.,#9582);
#9136=SURFACE_STYLE_USAGE(.BOTH.,#9583);
#9137=SURFACE_STYLE_USAGE(.BOTH.,#9584);
#9138=SURFACE_STYLE_USAGE(.BOTH.,#9585);
#9139=SURFACE_STYLE_USAGE(.BOTH.,#9586);
#9140=SURFACE_STYLE_USAGE(.BOTH.,#9587);
#9141=SURFACE_STYLE_USAGE(.BOTH.,#9588);
#9142=SURFACE_STYLE_USAGE(.BOTH.,#9589);
#9143=SURFACE_STYLE_USAGE(.BOTH.,#9590);
#9144=SURFACE_STYLE_USAGE(.BOTH.,#9591);
#9145=SURFACE_STYLE_USAGE(.BOTH.,#9592);
#9146=SURFACE_STYLE_USAGE(.BOTH.,#9593);
#9147=SURFACE_STYLE_USAGE(.BOTH.,#9594);
#9148=SURFACE_STYLE_USAGE(.BOTH.,#9595);
#9149=SURFACE_STYLE_USAGE(.BOTH.,#9596);
#9150=SURFACE_STYLE_USAGE(.BOTH.,#9597);
#9151=SURFACE_STYLE_USAGE(.BOTH.,#9598);
#9152=SURFACE_STYLE_USAGE(.BOTH.,#9599);
#9153=SURFACE_STYLE_USAGE(.BOTH.,#9600);
#9154=SURFACE_STYLE_USAGE(.BOTH.,#9601);
#9155=SURFACE_STYLE_USAGE(.BOTH.,#9602);
#9156=SURFACE_STYLE_USAGE(.BOTH.,#9603);
#9157=SURFACE_STYLE_USAGE(.BOTH.,#9604);
#9158=SURFACE_STYLE_USAGE(.BOTH.,#9605);
#9159=SURFACE_STYLE_USAGE(.BOTH.,#9606);
#9160=SURFACE_STYLE_USAGE(.BOTH.,#9607);
#9161=SURFACE_STYLE_USAGE(.BOTH.,#9608);
#9162=SURFACE_STYLE_USAGE(.BOTH.,#9609);
#9163=SURFACE_STYLE_USAGE(.BOTH.,#9610);
#9164=SURFACE_STYLE_USAGE(.BOTH.,#9611);
#9165=SURFACE_STYLE_USAGE(.BOTH.,#9612);
#9166=SURFACE_STYLE_USAGE(.BOTH.,#9613);
#9167=SURFACE_STYLE_USAGE(.BOTH.,#9614);
#9168=SURFACE_STYLE_USAGE(.BOTH.,#9615);
#9169=SURFACE_STYLE_USAGE(.BOTH.,#9616);
#9170=SURFACE_STYLE_USAGE(.BOTH.,#9617);
#9171=SURFACE_STYLE_USAGE(.BOTH.,#9618);
#9172=SURFACE_STYLE_USAGE(.BOTH.,#9619);
#9173=SURFACE_STYLE_USAGE(.BOTH.,#9620);
#9174=SURFACE_STYLE_USAGE(.BOTH.,#9621);
#9175=SURFACE_STYLE_USAGE(.BOTH.,#9622);
#9176=SURFACE_STYLE_USAGE(.BOTH.,#9623);
#9177=SURFACE_STYLE_USAGE(.BOTH.,#9624);
#9178=SURFACE_STYLE_USAGE(.BOTH.,#9625);
#9179=SURFACE_STYLE_USAGE(.BOTH.,#9626);
#9180=SURFACE_STYLE_USAGE(.BOTH.,#9627);
#9181=SURFACE_STYLE_USAGE(.BOTH.,#9628);
#9182=SURFACE_STYLE_USAGE(.BOTH.,#9629);
#9183=SURFACE_STYLE_USAGE(.BOTH.,#9630);
#9184=SURFACE_STYLE_USAGE(.BOTH.,#9631);
#9185=SURFACE_STYLE_USAGE(.BOTH.,#9632);
#9186=SURFACE_STYLE_USAGE(.BOTH.,#9633);
#9187=SURFACE_STYLE_USAGE(.BOTH.,#9634);
#9188=SURFACE_STYLE_USAGE(.BOTH.,#9635);
#9189=SURFACE_STYLE_USAGE(.BOTH.,#9636);
#9190=SURFACE_STYLE_USAGE(.BOTH.,#9637);
#9191=SURFACE_STYLE_USAGE(.BOTH.,#9638);
#9192=SURFACE_STYLE_USAGE(.BOTH.,#9639);
#9193=SURFACE_STYLE_USAGE(.BOTH.,#9640);
#9194=SURFACE_STYLE_USAGE(.BOTH.,#9641);
#9195=SURFACE_STYLE_USAGE(.BOTH.,#9642);
#9196=SURFACE_STYLE_USAGE(.BOTH.,#9643);
#9197=SURFACE_STYLE_USAGE(.BOTH.,#9644);
#9198=SURFACE_STYLE_USAGE(.BOTH.,#9645);
#9199=SURFACE_STYLE_USAGE(.BOTH.,#9646);
#9200=SURFACE_STYLE_USAGE(.BOTH.,#9647);
#9201=SURFACE_STYLE_USAGE(.BOTH.,#9648);
#9202=SURFACE_STYLE_USAGE(.BOTH.,#9649);
#9203=SURFACE_STYLE_USAGE(.BOTH.,#9650);
#9204=SURFACE_STYLE_USAGE(.BOTH.,#9651);
#9205=SURFACE_STYLE_USAGE(.BOTH.,#9652);
#9206=SURFACE_STYLE_USAGE(.BOTH.,#9653);
#9207=SURFACE_STYLE_USAGE(.BOTH.,#9654);
#9208=SURFACE_STYLE_USAGE(.BOTH.,#9655);
#9209=SURFACE_STYLE_USAGE(.BOTH.,#9656);
#9210=SURFACE_STYLE_USAGE(.BOTH.,#9657);
#9211=SURFACE_STYLE_USAGE(.BOTH.,#9658);
#9212=SURFACE_STYLE_USAGE(.BOTH.,#9659);
#9213=SURFACE_STYLE_USAGE(.BOTH.,#9660);
#9214=SURFACE_STYLE_USAGE(.BOTH.,#9661);
#9215=SURFACE_STYLE_USAGE(.BOTH.,#9662);
#9216=SURFACE_STYLE_USAGE(.BOTH.,#9663);
#9217=SURFACE_STYLE_USAGE(.BOTH.,#9664);
#9218=SURFACE_STYLE_USAGE(.BOTH.,#9665);
#9219=SURFACE_STYLE_USAGE(.BOTH.,#9666);
#9220=SURFACE_STYLE_USAGE(.BOTH.,#9667);
#9221=SURFACE_STYLE_USAGE(.BOTH.,#9668);
#9222=SURFACE_STYLE_USAGE(.BOTH.,#9669);
#9223=SURFACE_STYLE_USAGE(.BOTH.,#9670);
#9224=SURFACE_STYLE_USAGE(.BOTH.,#9671);
#9225=SURFACE_STYLE_USAGE(.BOTH.,#9672);
#9226=SURFACE_STYLE_USAGE(.BOTH.,#9673);
#9227=SURFACE_STYLE_USAGE(.BOTH.,#9674);
#9228=SURFACE_STYLE_USAGE(.BOTH.,#9675);
#9229=SURFACE_STYLE_USAGE(.BOTH.,#9676);
#9230=SURFACE_STYLE_USAGE(.BOTH.,#9677);
#9231=SURFACE_STYLE_USAGE(.BOTH.,#9678);
#9232=SURFACE_STYLE_USAGE(.BOTH.,#9679);
#9233=SURFACE_STYLE_USAGE(.BOTH.,#9680);
#9234=SURFACE_STYLE_USAGE(.BOTH.,#9681);
#9235=SURFACE_STYLE_USAGE(.BOTH.,#9682);
#9236=SURFACE_STYLE_USAGE(.BOTH.,#9683);
#9237=SURFACE_STYLE_USAGE(.BOTH.,#9684);
#9238=SURFACE_STYLE_USAGE(.BOTH.,#9685);
#9239=SURFACE_STYLE_USAGE(.BOTH.,#9686);
#9240=SURFACE_STYLE_USAGE(.BOTH.,#9687);
#9241=SURFACE_STYLE_USAGE(.BOTH.,#9688);
#9242=SURFACE_STYLE_USAGE(.BOTH.,#9689);
#9243=SURFACE_STYLE_USAGE(.BOTH.,#9690);
#9244=SURFACE_STYLE_USAGE(.BOTH.,#9691);
#9245=SURFACE_STYLE_USAGE(.BOTH.,#9692);
#9246=SURFACE_STYLE_USAGE(.BOTH.,#9693);
#9247=SURFACE_STYLE_USAGE(.BOTH.,#9694);
#9248=SURFACE_STYLE_USAGE(.BOTH.,#9695);
#9249=SURFACE_STYLE_USAGE(.BOTH.,#9696);
#9250=SURFACE_STYLE_USAGE(.BOTH.,#9697);
#9251=SURFACE_STYLE_USAGE(.BOTH.,#9698);
#9252=SURFACE_STYLE_USAGE(.BOTH.,#9699);
#9253=SURFACE_STYLE_USAGE(.BOTH.,#9700);
#9254=SURFACE_STYLE_USAGE(.BOTH.,#9701);
#9255=SURFACE_STYLE_USAGE(.BOTH.,#9702);
#9256=SURFACE_STYLE_USAGE(.BOTH.,#9703);
#9257=SURFACE_STYLE_USAGE(.BOTH.,#9704);
#9258=SURFACE_STYLE_USAGE(.BOTH.,#9705);
#9259=SURFACE_STYLE_USAGE(.BOTH.,#9706);
#9260=SURFACE_STYLE_USAGE(.BOTH.,#9707);
#9261=SURFACE_STYLE_USAGE(.BOTH.,#9708);
#9262=SURFACE_STYLE_USAGE(.BOTH.,#9709);
#9263=SURFACE_STYLE_USAGE(.BOTH.,#9710);
#9264=SURFACE_STYLE_USAGE(.BOTH.,#9711);
#9265=SURFACE_STYLE_USAGE(.BOTH.,#9712);
#9266=SURFACE_STYLE_USAGE(.BOTH.,#9713);
#9267=SURFACE_STYLE_USAGE(.BOTH.,#9714);
#9268=SURFACE_STYLE_USAGE(.BOTH.,#9715);
#9269=SURFACE_STYLE_USAGE(.BOTH.,#9716);
#9270=SURFACE_STYLE_USAGE(.BOTH.,#9717);
#9271=SURFACE_STYLE_USAGE(.BOTH.,#9718);
#9272=SURFACE_STYLE_USAGE(.BOTH.,#9719);
#9273=SURFACE_STYLE_USAGE(.BOTH.,#9720);
#9274=SURFACE_STYLE_USAGE(.BOTH.,#9721);
#9275=SURFACE_STYLE_USAGE(.BOTH.,#9722);
#9276=SURFACE_STYLE_USAGE(.BOTH.,#9723);
#9277=SURFACE_STYLE_USAGE(.BOTH.,#9724);
#9278=SURFACE_STYLE_USAGE(.BOTH.,#9725);
#9279=SURFACE_STYLE_USAGE(.BOTH.,#9726);
#9280=SURFACE_STYLE_USAGE(.BOTH.,#9727);
#9281=SURFACE_STYLE_USAGE(.BOTH.,#9728);
#9282=SURFACE_STYLE_USAGE(.BOTH.,#9729);
#9283=SURFACE_STYLE_USAGE(.BOTH.,#9730);
#9284=SURFACE_STYLE_USAGE(.BOTH.,#9731);
#9285=SURFACE_STYLE_USAGE(.BOTH.,#9732);
#9286=SURFACE_STYLE_USAGE(.BOTH.,#9733);
#9287=SURFACE_STYLE_USAGE(.BOTH.,#9734);
#9288=SURFACE_STYLE_USAGE(.BOTH.,#9735);
#9289=SURFACE_STYLE_USAGE(.BOTH.,#9736);
#9290=SURFACE_STYLE_USAGE(.BOTH.,#9737);
#9291=SURFACE_STYLE_USAGE(.BOTH.,#9738);
#9292=SURFACE_STYLE_USAGE(.BOTH.,#9739);
#9293=SURFACE_STYLE_USAGE(.BOTH.,#9740);
#9294=SURFACE_STYLE_USAGE(.BOTH.,#9741);
#9295=SURFACE_STYLE_USAGE(.BOTH.,#9742);
#9296=SURFACE_STYLE_USAGE(.BOTH.,#9743);
#9297=SURFACE_STYLE_USAGE(.BOTH.,#9744);
#9298=SURFACE_STYLE_USAGE(.BOTH.,#9745);
#9299=SURFACE_STYLE_USAGE(.BOTH.,#9746);
#9300=SURFACE_STYLE_USAGE(.BOTH.,#9747);
#9301=SURFACE_STYLE_USAGE(.BOTH.,#9748);
#9302=SURFACE_STYLE_USAGE(.BOTH.,#9749);
#9303=SURFACE_STYLE_USAGE(.BOTH.,#9750);
#9304=SURFACE_STYLE_USAGE(.BOTH.,#9751);
#9305=SURFACE_STYLE_USAGE(.BOTH.,#9752);
#9306=SURFACE_STYLE_USAGE(.BOTH.,#9753);
#9307=SURFACE_STYLE_USAGE(.BOTH.,#9754);
#9308=SURFACE_STYLE_USAGE(.BOTH.,#9755);
#9309=SURFACE_STYLE_USAGE(.BOTH.,#9756);
#9310=SURFACE_STYLE_USAGE(.BOTH.,#9757);
#9311=SURFACE_STYLE_USAGE(.BOTH.,#9758);
#9312=SURFACE_STYLE_USAGE(.BOTH.,#9759);
#9313=SURFACE_STYLE_USAGE(.BOTH.,#9760);
#9314=SURFACE_STYLE_USAGE(.BOTH.,#9761);
#9315=SURFACE_STYLE_USAGE(.BOTH.,#9762);
#9316=SURFACE_STYLE_USAGE(.BOTH.,#9763);
#9317=SURFACE_STYLE_USAGE(.BOTH.,#9764);
#9318=SURFACE_STYLE_USAGE(.BOTH.,#9765);
#9319=SURFACE_STYLE_USAGE(.BOTH.,#9766);
#9320=SURFACE_STYLE_USAGE(.BOTH.,#9767);
#9321=SURFACE_STYLE_USAGE(.BOTH.,#9768);
#9322=SURFACE_STYLE_USAGE(.BOTH.,#9769);
#9323=SURFACE_STYLE_USAGE(.BOTH.,#9770);
#9324=SURFACE_STYLE_USAGE(.BOTH.,#9771);
#9325=SURFACE_STYLE_USAGE(.BOTH.,#9772);
#9326=SURFACE_STYLE_USAGE(.BOTH.,#9773);
#9327=SURFACE_STYLE_USAGE(.BOTH.,#9774);
#9328=SURFACE_STYLE_USAGE(.BOTH.,#9775);
#9329=SURFACE_STYLE_USAGE(.BOTH.,#9776);
#9330=SURFACE_STYLE_USAGE(.BOTH.,#9777);
#9331=SURFACE_STYLE_USAGE(.BOTH.,#9778);
#9332=SURFACE_STYLE_USAGE(.BOTH.,#9779);
#9333=SURFACE_STYLE_USAGE(.BOTH.,#9780);
#9334=SURFACE_STYLE_USAGE(.BOTH.,#9781);
#9335=SURFACE_STYLE_USAGE(.BOTH.,#9782);
#9336=SURFACE_STYLE_USAGE(.BOTH.,#9783);
#9337=SURFACE_STYLE_USAGE(.BOTH.,#9784);
#9338=SURFACE_STYLE_USAGE(.BOTH.,#9785);
#9339=SURFACE_STYLE_USAGE(.BOTH.,#9786);
#9340=SURFACE_STYLE_USAGE(.BOTH.,#9787);
#9341=SURFACE_STYLE_USAGE(.BOTH.,#9788);
#9342=SURFACE_STYLE_USAGE(.BOTH.,#9789);
#9343=SURFACE_STYLE_USAGE(.BOTH.,#9790);
#9344=SURFACE_STYLE_USAGE(.BOTH.,#9791);
#9345=SURFACE_STYLE_USAGE(.BOTH.,#9792);
#9346=SURFACE_STYLE_USAGE(.BOTH.,#9793);
#9347=SURFACE_STYLE_USAGE(.BOTH.,#9794);
#9348=SURFACE_STYLE_USAGE(.BOTH.,#9795);
#9349=SURFACE_STYLE_USAGE(.BOTH.,#9796);
#9350=SURFACE_STYLE_USAGE(.BOTH.,#9797);
#9351=SURFACE_STYLE_USAGE(.BOTH.,#9798);
#9352=SURFACE_STYLE_USAGE(.BOTH.,#9799);
#9353=SURFACE_STYLE_USAGE(.BOTH.,#9800);
#9354=SURFACE_STYLE_USAGE(.BOTH.,#9801);
#9355=SURFACE_STYLE_USAGE(.BOTH.,#9802);
#9356=SURFACE_STYLE_USAGE(.BOTH.,#9803);
#9357=SURFACE_STYLE_USAGE(.BOTH.,#9804);
#9358=SURFACE_STYLE_USAGE(.BOTH.,#9805);
#9359=SURFACE_STYLE_USAGE(.BOTH.,#9806);
#9360=SURFACE_STYLE_USAGE(.BOTH.,#9807);
#9361=SURFACE_STYLE_USAGE(.BOTH.,#9808);
#9362=SURFACE_STYLE_USAGE(.BOTH.,#9809);
#9363=SURFACE_STYLE_USAGE(.BOTH.,#9810);
#9364=SURFACE_STYLE_USAGE(.BOTH.,#9811);
#9365=SURFACE_STYLE_USAGE(.BOTH.,#9812);
#9366=SURFACE_STYLE_USAGE(.BOTH.,#9813);
#9367=SURFACE_STYLE_USAGE(.BOTH.,#9814);
#9368=SURFACE_STYLE_USAGE(.BOTH.,#9815);
#9369=SURFACE_STYLE_USAGE(.BOTH.,#9816);
#9370=SURFACE_STYLE_USAGE(.BOTH.,#9817);
#9371=SURFACE_STYLE_USAGE(.BOTH.,#9818);
#9372=SURFACE_STYLE_USAGE(.BOTH.,#9819);
#9373=SURFACE_STYLE_USAGE(.BOTH.,#9820);
#9374=SURFACE_STYLE_USAGE(.BOTH.,#9821);
#9375=SURFACE_STYLE_USAGE(.BOTH.,#9822);
#9376=SURFACE_STYLE_USAGE(.BOTH.,#9823);
#9377=SURFACE_STYLE_USAGE(.BOTH.,#9824);
#9378=SURFACE_SIDE_STYLE('',(#9825));
#9379=SURFACE_SIDE_STYLE('',(#9826));
#9380=SURFACE_SIDE_STYLE('',(#9827));
#9381=SURFACE_SIDE_STYLE('',(#9828));
#9382=SURFACE_SIDE_STYLE('',(#9829));
#9383=SURFACE_SIDE_STYLE('',(#9830));
#9384=SURFACE_SIDE_STYLE('',(#9831));
#9385=SURFACE_SIDE_STYLE('',(#9832));
#9386=SURFACE_SIDE_STYLE('',(#9833));
#9387=SURFACE_SIDE_STYLE('',(#9834));
#9388=SURFACE_SIDE_STYLE('',(#9835));
#9389=SURFACE_SIDE_STYLE('',(#9836));
#9390=SURFACE_SIDE_STYLE('',(#9837));
#9391=SURFACE_SIDE_STYLE('',(#9838));
#9392=SURFACE_SIDE_STYLE('',(#9839));
#9393=SURFACE_SIDE_STYLE('',(#9840));
#9394=SURFACE_SIDE_STYLE('',(#9841));
#9395=SURFACE_SIDE_STYLE('',(#9842));
#9396=SURFACE_SIDE_STYLE('',(#9843));
#9397=SURFACE_SIDE_STYLE('',(#9844));
#9398=SURFACE_SIDE_STYLE('',(#9845));
#9399=SURFACE_SIDE_STYLE('',(#9846));
#9400=SURFACE_SIDE_STYLE('',(#9847));
#9401=SURFACE_SIDE_STYLE('',(#9848));
#9402=SURFACE_SIDE_STYLE('',(#9849));
#9403=SURFACE_SIDE_STYLE('',(#9850));
#9404=SURFACE_SIDE_STYLE('',(#9851));
#9405=SURFACE_SIDE_STYLE('',(#9852));
#9406=SURFACE_SIDE_STYLE('',(#9853));
#9407=SURFACE_SIDE_STYLE('',(#9854));
#9408=SURFACE_SIDE_STYLE('',(#9855));
#9409=SURFACE_SIDE_STYLE('',(#9856));
#9410=SURFACE_SIDE_STYLE('',(#9857));
#9411=SURFACE_SIDE_STYLE('',(#9858));
#9412=SURFACE_SIDE_STYLE('',(#9859));
#9413=SURFACE_SIDE_STYLE('',(#9860));
#9414=SURFACE_SIDE_STYLE('',(#9861));
#9415=SURFACE_SIDE_STYLE('',(#9862));
#9416=SURFACE_SIDE_STYLE('',(#9863));
#9417=SURFACE_SIDE_STYLE('',(#9864));
#9418=SURFACE_SIDE_STYLE('',(#9865));
#9419=SURFACE_SIDE_STYLE('',(#9866));
#9420=SURFACE_SIDE_STYLE('',(#9867));
#9421=SURFACE_SIDE_STYLE('',(#9868));
#9422=SURFACE_SIDE_STYLE('',(#9869));
#9423=SURFACE_SIDE_STYLE('',(#9870));
#9424=SURFACE_SIDE_STYLE('',(#9871));
#9425=SURFACE_SIDE_STYLE('',(#9872));
#9426=SURFACE_SIDE_STYLE('',(#9873));
#9427=SURFACE_SIDE_STYLE('',(#9874));
#9428=SURFACE_SIDE_STYLE('',(#9875));
#9429=SURFACE_SIDE_STYLE('',(#9876));
#9430=SURFACE_SIDE_STYLE('',(#9877));
#9431=SURFACE_SIDE_STYLE('',(#9878));
#9432=SURFACE_SIDE_STYLE('',(#9879));
#9433=SURFACE_SIDE_STYLE('',(#9880));
#9434=SURFACE_SIDE_STYLE('',(#9881));
#9435=SURFACE_SIDE_STYLE('',(#9882));
#9436=SURFACE_SIDE_STYLE('',(#9883));
#9437=SURFACE_SIDE_STYLE('',(#9884));
#9438=SURFACE_SIDE_STYLE('',(#9885));
#9439=SURFACE_SIDE_STYLE('',(#9886));
#9440=SURFACE_SIDE_STYLE('',(#9887));
#9441=SURFACE_SIDE_STYLE('',(#9888));
#9442=SURFACE_SIDE_STYLE('',(#9889));
#9443=SURFACE_SIDE_STYLE('',(#9890));
#9444=SURFACE_SIDE_STYLE('',(#9891));
#9445=SURFACE_SIDE_STYLE('',(#9892));
#9446=SURFACE_SIDE_STYLE('',(#9893));
#9447=SURFACE_SIDE_STYLE('',(#9894));
#9448=SURFACE_SIDE_STYLE('',(#9895));
#9449=SURFACE_SIDE_STYLE('',(#9896));
#9450=SURFACE_SIDE_STYLE('',(#9897));
#9451=SURFACE_SIDE_STYLE('',(#9898));
#9452=SURFACE_SIDE_STYLE('',(#9899));
#9453=SURFACE_SIDE_STYLE('',(#9900));
#9454=SURFACE_SIDE_STYLE('',(#9901));
#9455=SURFACE_SIDE_STYLE('',(#9902));
#9456=SURFACE_SIDE_STYLE('',(#9903));
#9457=SURFACE_SIDE_STYLE('',(#9904));
#9458=SURFACE_SIDE_STYLE('',(#9905));
#9459=SURFACE_SIDE_STYLE('',(#9906));
#9460=SURFACE_SIDE_STYLE('',(#9907));
#9461=SURFACE_SIDE_STYLE('',(#9908));
#9462=SURFACE_SIDE_STYLE('',(#9909));
#9463=SURFACE_SIDE_STYLE('',(#9910));
#9464=SURFACE_SIDE_STYLE('',(#9911));
#9465=SURFACE_SIDE_STYLE('',(#9912));
#9466=SURFACE_SIDE_STYLE('',(#9913));
#9467=SURFACE_SIDE_STYLE('',(#9914));
#9468=SURFACE_SIDE_STYLE('',(#9915));
#9469=SURFACE_SIDE_STYLE('',(#9916));
#9470=SURFACE_SIDE_STYLE('',(#9917));
#9471=SURFACE_SIDE_STYLE('',(#9918));
#9472=SURFACE_SIDE_STYLE('',(#9919));
#9473=SURFACE_SIDE_STYLE('',(#9920));
#9474=SURFACE_SIDE_STYLE('',(#9921));
#9475=SURFACE_SIDE_STYLE('',(#9922));
#9476=SURFACE_SIDE_STYLE('',(#9923));
#9477=SURFACE_SIDE_STYLE('',(#9924));
#9478=SURFACE_SIDE_STYLE('',(#9925));
#9479=SURFACE_SIDE_STYLE('',(#9926));
#9480=SURFACE_SIDE_STYLE('',(#9927));
#9481=SURFACE_SIDE_STYLE('',(#9928));
#9482=SURFACE_SIDE_STYLE('',(#9929));
#9483=SURFACE_SIDE_STYLE('',(#9930));
#9484=SURFACE_SIDE_STYLE('',(#9931));
#9485=SURFACE_SIDE_STYLE('',(#9932));
#9486=SURFACE_SIDE_STYLE('',(#9933));
#9487=SURFACE_SIDE_STYLE('',(#9934));
#9488=SURFACE_SIDE_STYLE('',(#9935));
#9489=SURFACE_SIDE_STYLE('',(#9936));
#9490=SURFACE_SIDE_STYLE('',(#9937));
#9491=SURFACE_SIDE_STYLE('',(#9938));
#9492=SURFACE_SIDE_STYLE('',(#9939));
#9493=SURFACE_SIDE_STYLE('',(#9940));
#9494=SURFACE_SIDE_STYLE('',(#9941));
#9495=SURFACE_SIDE_STYLE('',(#9942));
#9496=SURFACE_SIDE_STYLE('',(#9943));
#9497=SURFACE_SIDE_STYLE('',(#9944));
#9498=SURFACE_SIDE_STYLE('',(#9945));
#9499=SURFACE_SIDE_STYLE('',(#9946));
#9500=SURFACE_SIDE_STYLE('',(#9947));
#9501=SURFACE_SIDE_STYLE('',(#9948));
#9502=SURFACE_SIDE_STYLE('',(#9949));
#9503=SURFACE_SIDE_STYLE('',(#9950));
#9504=SURFACE_SIDE_STYLE('',(#9951));
#9505=SURFACE_SIDE_STYLE('',(#9952));
#9506=SURFACE_SIDE_STYLE('',(#9953));
#9507=SURFACE_SIDE_STYLE('',(#9954));
#9508=SURFACE_SIDE_STYLE('',(#9955));
#9509=SURFACE_SIDE_STYLE('',(#9956));
#9510=SURFACE_SIDE_STYLE('',(#9957));
#9511=SURFACE_SIDE_STYLE('',(#9958));
#9512=SURFACE_SIDE_STYLE('',(#9959));
#9513=SURFACE_SIDE_STYLE('',(#9960));
#9514=SURFACE_SIDE_STYLE('',(#9961));
#9515=SURFACE_SIDE_STYLE('',(#9962));
#9516=SURFACE_SIDE_STYLE('',(#9963));
#9517=SURFACE_SIDE_STYLE('',(#9964));
#9518=SURFACE_SIDE_STYLE('',(#9965));
#9519=SURFACE_SIDE_STYLE('',(#9966));
#9520=SURFACE_SIDE_STYLE('',(#9967));
#9521=SURFACE_SIDE_STYLE('',(#9968));
#9522=SURFACE_SIDE_STYLE('',(#9969));
#9523=SURFACE_SIDE_STYLE('',(#9970));
#9524=SURFACE_SIDE_STYLE('',(#9971));
#9525=SURFACE_SIDE_STYLE('',(#9972));
#9526=SURFACE_SIDE_STYLE('',(#9973));
#9527=SURFACE_SIDE_STYLE('',(#9974));
#9528=SURFACE_SIDE_STYLE('',(#9975));
#9529=SURFACE_SIDE_STYLE('',(#9976));
#9530=SURFACE_SIDE_STYLE('',(#9977));
#9531=SURFACE_SIDE_STYLE('',(#9978));
#9532=SURFACE_SIDE_STYLE('',(#9979));
#9533=SURFACE_SIDE_STYLE('',(#9980));
#9534=SURFACE_SIDE_STYLE('',(#9981));
#9535=SURFACE_SIDE_STYLE('',(#9982));
#9536=SURFACE_SIDE_STYLE('',(#9983));
#9537=SURFACE_SIDE_STYLE('',(#9984));
#9538=SURFACE_SIDE_STYLE('',(#9985));
#9539=SURFACE_SIDE_STYLE('',(#9986));
#9540=SURFACE_SIDE_STYLE('',(#9987));
#9541=SURFACE_SIDE_STYLE('',(#9988));
#9542=SURFACE_SIDE_STYLE('',(#9989));
#9543=SURFACE_SIDE_STYLE('',(#9990));
#9544=SURFACE_SIDE_STYLE('',(#9991));
#9545=SURFACE_SIDE_STYLE('',(#9992));
#9546=SURFACE_SIDE_STYLE('',(#9993));
#9547=SURFACE_SIDE_STYLE('',(#9994));
#9548=SURFACE_SIDE_STYLE('',(#9995));
#9549=SURFACE_SIDE_STYLE('',(#9996));
#9550=SURFACE_SIDE_STYLE('',(#9997));
#9551=SURFACE_SIDE_STYLE('',(#9998));
#9552=SURFACE_SIDE_STYLE('',(#9999));
#9553=SURFACE_SIDE_STYLE('',(#10000));
#9554=SURFACE_SIDE_STYLE('',(#10001));
#9555=SURFACE_SIDE_STYLE('',(#10002));
#9556=SURFACE_SIDE_STYLE('',(#10003));
#9557=SURFACE_SIDE_STYLE('',(#10004));
#9558=SURFACE_SIDE_STYLE('',(#10005));
#9559=SURFACE_SIDE_STYLE('',(#10006));
#9560=SURFACE_SIDE_STYLE('',(#10007));
#9561=SURFACE_SIDE_STYLE('',(#10008));
#9562=SURFACE_SIDE_STYLE('',(#10009));
#9563=SURFACE_SIDE_STYLE('',(#10010));
#9564=SURFACE_SIDE_STYLE('',(#10011));
#9565=SURFACE_SIDE_STYLE('',(#10012));
#9566=SURFACE_SIDE_STYLE('',(#10013));
#9567=SURFACE_SIDE_STYLE('',(#10014));
#9568=SURFACE_SIDE_STYLE('',(#10015));
#9569=SURFACE_SIDE_STYLE('',(#10016));
#9570=SURFACE_SIDE_STYLE('',(#10017));
#9571=SURFACE_SIDE_STYLE('',(#10018));
#9572=SURFACE_SIDE_STYLE('',(#10019));
#9573=SURFACE_SIDE_STYLE('',(#10020));
#9574=SURFACE_SIDE_STYLE('',(#10021));
#9575=SURFACE_SIDE_STYLE('',(#10022));
#9576=SURFACE_SIDE_STYLE('',(#10023));
#9577=SURFACE_SIDE_STYLE('',(#10024));
#9578=SURFACE_SIDE_STYLE('',(#10025));
#9579=SURFACE_SIDE_STYLE('',(#10026));
#9580=SURFACE_SIDE_STYLE('',(#10027));
#9581=SURFACE_SIDE_STYLE('',(#10028));
#9582=SURFACE_SIDE_STYLE('',(#10029));
#9583=SURFACE_SIDE_STYLE('',(#10030));
#9584=SURFACE_SIDE_STYLE('',(#10031));
#9585=SURFACE_SIDE_STYLE('',(#10032));
#9586=SURFACE_SIDE_STYLE('',(#10033));
#9587=SURFACE_SIDE_STYLE('',(#10034));
#9588=SURFACE_SIDE_STYLE('',(#10035));
#9589=SURFACE_SIDE_STYLE('',(#10036));
#9590=SURFACE_SIDE_STYLE('',(#10037));
#9591=SURFACE_SIDE_STYLE('',(#10038));
#9592=SURFACE_SIDE_STYLE('',(#10039));
#9593=SURFACE_SIDE_STYLE('',(#10040));
#9594=SURFACE_SIDE_STYLE('',(#10041));
#9595=SURFACE_SIDE_STYLE('',(#10042));
#9596=SURFACE_SIDE_STYLE('',(#10043));
#9597=SURFACE_SIDE_STYLE('',(#10044));
#9598=SURFACE_SIDE_STYLE('',(#10045));
#9599=SURFACE_SIDE_STYLE('',(#10046));
#9600=SURFACE_SIDE_STYLE('',(#10047));
#9601=SURFACE_SIDE_STYLE('',(#10048));
#9602=SURFACE_SIDE_STYLE('',(#10049));
#9603=SURFACE_SIDE_STYLE('',(#10050));
#9604=SURFACE_SIDE_STYLE('',(#10051));
#9605=SURFACE_SIDE_STYLE('',(#10052));
#9606=SURFACE_SIDE_STYLE('',(#10053));
#9607=SURFACE_SIDE_STYLE('',(#10054));
#9608=SURFACE_SIDE_STYLE('',(#10055));
#9609=SURFACE_SIDE_STYLE('',(#10056));
#9610=SURFACE_SIDE_STYLE('',(#10057));
#9611=SURFACE_SIDE_STYLE('',(#10058));
#9612=SURFACE_SIDE_STYLE('',(#10059));
#9613=SURFACE_SIDE_STYLE('',(#10060));
#9614=SURFACE_SIDE_STYLE('',(#10061));
#9615=SURFACE_SIDE_STYLE('',(#10062));
#9616=SURFACE_SIDE_STYLE('',(#10063));
#9617=SURFACE_SIDE_STYLE('',(#10064));
#9618=SURFACE_SIDE_STYLE('',(#10065));
#9619=SURFACE_SIDE_STYLE('',(#10066));
#9620=SURFACE_SIDE_STYLE('',(#10067));
#9621=SURFACE_SIDE_STYLE('',(#10068));
#9622=SURFACE_SIDE_STYLE('',(#10069));
#9623=SURFACE_SIDE_STYLE('',(#10070));
#9624=SURFACE_SIDE_STYLE('',(#10071));
#9625=SURFACE_SIDE_STYLE('',(#10072));
#9626=SURFACE_SIDE_STYLE('',(#10073));
#9627=SURFACE_SIDE_STYLE('',(#10074));
#9628=SURFACE_SIDE_STYLE('',(#10075));
#9629=SURFACE_SIDE_STYLE('',(#10076));
#9630=SURFACE_SIDE_STYLE('',(#10077));
#9631=SURFACE_SIDE_STYLE('',(#10078));
#9632=SURFACE_SIDE_STYLE('',(#10079));
#9633=SURFACE_SIDE_STYLE('',(#10080));
#9634=SURFACE_SIDE_STYLE('',(#10081));
#9635=SURFACE_SIDE_STYLE('',(#10082));
#9636=SURFACE_SIDE_STYLE('',(#10083));
#9637=SURFACE_SIDE_STYLE('',(#10084));
#9638=SURFACE_SIDE_STYLE('',(#10085));
#9639=SURFACE_SIDE_STYLE('',(#10086));
#9640=SURFACE_SIDE_STYLE('',(#10087));
#9641=SURFACE_SIDE_STYLE('',(#10088));
#9642=SURFACE_SIDE_STYLE('',(#10089));
#9643=SURFACE_SIDE_STYLE('',(#10090));
#9644=SURFACE_SIDE_STYLE('',(#10091));
#9645=SURFACE_SIDE_STYLE('',(#10092));
#9646=SURFACE_SIDE_STYLE('',(#10093));
#9647=SURFACE_SIDE_STYLE('',(#10094));
#9648=SURFACE_SIDE_STYLE('',(#10095));
#9649=SURFACE_SIDE_STYLE('',(#10096));
#9650=SURFACE_SIDE_STYLE('',(#10097));
#9651=SURFACE_SIDE_STYLE('',(#10098));
#9652=SURFACE_SIDE_STYLE('',(#10099));
#9653=SURFACE_SIDE_STYLE('',(#10100));
#9654=SURFACE_SIDE_STYLE('',(#10101));
#9655=SURFACE_SIDE_STYLE('',(#10102));
#9656=SURFACE_SIDE_STYLE('',(#10103));
#9657=SURFACE_SIDE_STYLE('',(#10104));
#9658=SURFACE_SIDE_STYLE('',(#10105));
#9659=SURFACE_SIDE_STYLE('',(#10106));
#9660=SURFACE_SIDE_STYLE('',(#10107));
#9661=SURFACE_SIDE_STYLE('',(#10108));
#9662=SURFACE_SIDE_STYLE('',(#10109));
#9663=SURFACE_SIDE_STYLE('',(#10110));
#9664=SURFACE_SIDE_STYLE('',(#10111));
#9665=SURFACE_SIDE_STYLE('',(#10112));
#9666=SURFACE_SIDE_STYLE('',(#10113));
#9667=SURFACE_SIDE_STYLE('',(#10114));
#9668=SURFACE_SIDE_STYLE('',(#10115));
#9669=SURFACE_SIDE_STYLE('',(#10116));
#9670=SURFACE_SIDE_STYLE('',(#10117));
#9671=SURFACE_SIDE_STYLE('',(#10118));
#9672=SURFACE_SIDE_STYLE('',(#10119));
#9673=SURFACE_SIDE_STYLE('',(#10120));
#9674=SURFACE_SIDE_STYLE('',(#10121));
#9675=SURFACE_SIDE_STYLE('',(#10122));
#9676=SURFACE_SIDE_STYLE('',(#10123));
#9677=SURFACE_SIDE_STYLE('',(#10124));
#9678=SURFACE_SIDE_STYLE('',(#10125));
#9679=SURFACE_SIDE_STYLE('',(#10126));
#9680=SURFACE_SIDE_STYLE('',(#10127));
#9681=SURFACE_SIDE_STYLE('',(#10128));
#9682=SURFACE_SIDE_STYLE('',(#10129));
#9683=SURFACE_SIDE_STYLE('',(#10130));
#9684=SURFACE_SIDE_STYLE('',(#10131));
#9685=SURFACE_SIDE_STYLE('',(#10132));
#9686=SURFACE_SIDE_STYLE('',(#10133));
#9687=SURFACE_SIDE_STYLE('',(#10134));
#9688=SURFACE_SIDE_STYLE('',(#10135));
#9689=SURFACE_SIDE_STYLE('',(#10136));
#9690=SURFACE_SIDE_STYLE('',(#10137));
#9691=SURFACE_SIDE_STYLE('',(#10138));
#9692=SURFACE_SIDE_STYLE('',(#10139));
#9693=SURFACE_SIDE_STYLE('',(#10140));
#9694=SURFACE_SIDE_STYLE('',(#10141));
#9695=SURFACE_SIDE_STYLE('',(#10142));
#9696=SURFACE_SIDE_STYLE('',(#10143));
#9697=SURFACE_SIDE_STYLE('',(#10144));
#9698=SURFACE_SIDE_STYLE('',(#10145));
#9699=SURFACE_SIDE_STYLE('',(#10146));
#9700=SURFACE_SIDE_STYLE('',(#10147));
#9701=SURFACE_SIDE_STYLE('',(#10148));
#9702=SURFACE_SIDE_STYLE('',(#10149));
#9703=SURFACE_SIDE_STYLE('',(#10150));
#9704=SURFACE_SIDE_STYLE('',(#10151));
#9705=SURFACE_SIDE_STYLE('',(#10152));
#9706=SURFACE_SIDE_STYLE('',(#10153));
#9707=SURFACE_SIDE_STYLE('',(#10154));
#9708=SURFACE_SIDE_STYLE('',(#10155));
#9709=SURFACE_SIDE_STYLE('',(#10156));
#9710=SURFACE_SIDE_STYLE('',(#10157));
#9711=SURFACE_SIDE_STYLE('',(#10158));
#9712=SURFACE_SIDE_STYLE('',(#10159));
#9713=SURFACE_SIDE_STYLE('',(#10160));
#9714=SURFACE_SIDE_STYLE('',(#10161));
#9715=SURFACE_SIDE_STYLE('',(#10162));
#9716=SURFACE_SIDE_STYLE('',(#10163));
#9717=SURFACE_SIDE_STYLE('',(#10164));
#9718=SURFACE_SIDE_STYLE('',(#10165));
#9719=SURFACE_SIDE_STYLE('',(#10166));
#9720=SURFACE_SIDE_STYLE('',(#10167));
#9721=SURFACE_SIDE_STYLE('',(#10168));
#9722=SURFACE_SIDE_STYLE('',(#10169));
#9723=SURFACE_SIDE_STYLE('',(#10170));
#9724=SURFACE_SIDE_STYLE('',(#10171));
#9725=SURFACE_SIDE_STYLE('',(#10172));
#9726=SURFACE_SIDE_STYLE('',(#10173));
#9727=SURFACE_SIDE_STYLE('',(#10174));
#9728=SURFACE_SIDE_STYLE('',(#10175));
#9729=SURFACE_SIDE_STYLE('',(#10176));
#9730=SURFACE_SIDE_STYLE('',(#10177));
#9731=SURFACE_SIDE_STYLE('',(#10178));
#9732=SURFACE_SIDE_STYLE('',(#10179));
#9733=SURFACE_SIDE_STYLE('',(#10180));
#9734=SURFACE_SIDE_STYLE('',(#10181));
#9735=SURFACE_SIDE_STYLE('',(#10182));
#9736=SURFACE_SIDE_STYLE('',(#10183));
#9737=SURFACE_SIDE_STYLE('',(#10184));
#9738=SURFACE_SIDE_STYLE('',(#10185));
#9739=SURFACE_SIDE_STYLE('',(#10186));
#9740=SURFACE_SIDE_STYLE('',(#10187));
#9741=SURFACE_SIDE_STYLE('',(#10188));
#9742=SURFACE_SIDE_STYLE('',(#10189));
#9743=SURFACE_SIDE_STYLE('',(#10190));
#9744=SURFACE_SIDE_STYLE('',(#10191));
#9745=SURFACE_SIDE_STYLE('',(#10192));
#9746=SURFACE_SIDE_STYLE('',(#10193));
#9747=SURFACE_SIDE_STYLE('',(#10194));
#9748=SURFACE_SIDE_STYLE('',(#10195));
#9749=SURFACE_SIDE_STYLE('',(#10196));
#9750=SURFACE_SIDE_STYLE('',(#10197));
#9751=SURFACE_SIDE_STYLE('',(#10198));
#9752=SURFACE_SIDE_STYLE('',(#10199));
#9753=SURFACE_SIDE_STYLE('',(#10200));
#9754=SURFACE_SIDE_STYLE('',(#10201));
#9755=SURFACE_SIDE_STYLE('',(#10202));
#9756=SURFACE_SIDE_STYLE('',(#10203));
#9757=SURFACE_SIDE_STYLE('',(#10204));
#9758=SURFACE_SIDE_STYLE('',(#10205));
#9759=SURFACE_SIDE_STYLE('',(#10206));
#9760=SURFACE_SIDE_STYLE('',(#10207));
#9761=SURFACE_SIDE_STYLE('',(#10208));
#9762=SURFACE_SIDE_STYLE('',(#10209));
#9763=SURFACE_SIDE_STYLE('',(#10210));
#9764=SURFACE_SIDE_STYLE('',(#10211));
#9765=SURFACE_SIDE_STYLE('',(#10212));
#9766=SURFACE_SIDE_STYLE('',(#10213));
#9767=SURFACE_SIDE_STYLE('',(#10214));
#9768=SURFACE_SIDE_STYLE('',(#10215));
#9769=SURFACE_SIDE_STYLE('',(#10216));
#9770=SURFACE_SIDE_STYLE('',(#10217));
#9771=SURFACE_SIDE_STYLE('',(#10218));
#9772=SURFACE_SIDE_STYLE('',(#10219));
#9773=SURFACE_SIDE_STYLE('',(#10220));
#9774=SURFACE_SIDE_STYLE('',(#10221));
#9775=SURFACE_SIDE_STYLE('',(#10222));
#9776=SURFACE_SIDE_STYLE('',(#10223));
#9777=SURFACE_SIDE_STYLE('',(#10224));
#9778=SURFACE_SIDE_STYLE('',(#10225));
#9779=SURFACE_SIDE_STYLE('',(#10226));
#9780=SURFACE_SIDE_STYLE('',(#10227));
#9781=SURFACE_SIDE_STYLE('',(#10228));
#9782=SURFACE_SIDE_STYLE('',(#10229));
#9783=SURFACE_SIDE_STYLE('',(#10230));
#9784=SURFACE_SIDE_STYLE('',(#10231));
#9785=SURFACE_SIDE_STYLE('',(#10232));
#9786=SURFACE_SIDE_STYLE('',(#10233));
#9787=SURFACE_SIDE_STYLE('',(#10234));
#9788=SURFACE_SIDE_STYLE('',(#10235));
#9789=SURFACE_SIDE_STYLE('',(#10236));
#9790=SURFACE_SIDE_STYLE('',(#10237));
#9791=SURFACE_SIDE_STYLE('',(#10238));
#9792=SURFACE_SIDE_STYLE('',(#10239));
#9793=SURFACE_SIDE_STYLE('',(#10240));
#9794=SURFACE_SIDE_STYLE('',(#10241));
#9795=SURFACE_SIDE_STYLE('',(#10242));
#9796=SURFACE_SIDE_STYLE('',(#10243));
#9797=SURFACE_SIDE_STYLE('',(#10244));
#9798=SURFACE_SIDE_STYLE('',(#10245));
#9799=SURFACE_SIDE_STYLE('',(#10246));
#9800=SURFACE_SIDE_STYLE('',(#10247));
#9801=SURFACE_SIDE_STYLE('',(#10248));
#9802=SURFACE_SIDE_STYLE('',(#10249));
#9803=SURFACE_SIDE_STYLE('',(#10250));
#9804=SURFACE_SIDE_STYLE('',(#10251));
#9805=SURFACE_SIDE_STYLE('',(#10252));
#9806=SURFACE_SIDE_STYLE('',(#10253));
#9807=SURFACE_SIDE_STYLE('',(#10254));
#9808=SURFACE_SIDE_STYLE('',(#10255));
#9809=SURFACE_SIDE_STYLE('',(#10256));
#9810=SURFACE_SIDE_STYLE('',(#10257));
#9811=SURFACE_SIDE_STYLE('',(#10258));
#9812=SURFACE_SIDE_STYLE('',(#10259));
#9813=SURFACE_SIDE_STYLE('',(#10260));
#9814=SURFACE_SIDE_STYLE('',(#10261));
#9815=SURFACE_SIDE_STYLE('',(#10262));
#9816=SURFACE_SIDE_STYLE('',(#10263));
#9817=SURFACE_SIDE_STYLE('',(#10264));
#9818=SURFACE_SIDE_STYLE('',(#10265));
#9819=SURFACE_SIDE_STYLE('',(#10266));
#9820=SURFACE_SIDE_STYLE('',(#10267));
#9821=SURFACE_SIDE_STYLE('',(#10268));
#9822=SURFACE_SIDE_STYLE('',(#10269));
#9823=SURFACE_SIDE_STYLE('',(#10270));
#9824=SURFACE_SIDE_STYLE('',(#10271));
#9825=SURFACE_STYLE_FILL_AREA(#10272);
#9826=SURFACE_STYLE_FILL_AREA(#10273);
#9827=SURFACE_STYLE_FILL_AREA(#10274);
#9828=SURFACE_STYLE_FILL_AREA(#10275);
#9829=SURFACE_STYLE_FILL_AREA(#10276);
#9830=SURFACE_STYLE_FILL_AREA(#10277);
#9831=SURFACE_STYLE_FILL_AREA(#10278);
#9832=SURFACE_STYLE_FILL_AREA(#10279);
#9833=SURFACE_STYLE_FILL_AREA(#10280);
#9834=SURFACE_STYLE_FILL_AREA(#10281);
#9835=SURFACE_STYLE_FILL_AREA(#10282);
#9836=SURFACE_STYLE_FILL_AREA(#10283);
#9837=SURFACE_STYLE_FILL_AREA(#10284);
#9838=SURFACE_STYLE_FILL_AREA(#10285);
#9839=SURFACE_STYLE_FILL_AREA(#10286);
#9840=SURFACE_STYLE_FILL_AREA(#10287);
#9841=SURFACE_STYLE_FILL_AREA(#10288);
#9842=SURFACE_STYLE_FILL_AREA(#10289);
#9843=SURFACE_STYLE_FILL_AREA(#10290);
#9844=SURFACE_STYLE_FILL_AREA(#10291);
#9845=SURFACE_STYLE_FILL_AREA(#10292);
#9846=SURFACE_STYLE_FILL_AREA(#10293);
#9847=SURFACE_STYLE_FILL_AREA(#10294);
#9848=SURFACE_STYLE_FILL_AREA(#10295);
#9849=SURFACE_STYLE_FILL_AREA(#10296);
#9850=SURFACE_STYLE_FILL_AREA(#10297);
#9851=SURFACE_STYLE_FILL_AREA(#10298);
#9852=SURFACE_STYLE_FILL_AREA(#10299);
#9853=SURFACE_STYLE_FILL_AREA(#10300);
#9854=SURFACE_STYLE_FILL_AREA(#10301);
#9855=SURFACE_STYLE_FILL_AREA(#10302);
#9856=SURFACE_STYLE_FILL_AREA(#10303);
#9857=SURFACE_STYLE_FILL_AREA(#10304);
#9858=SURFACE_STYLE_FILL_AREA(#10305);
#9859=SURFACE_STYLE_FILL_AREA(#10306);
#9860=SURFACE_STYLE_FILL_AREA(#10307);
#9861=SURFACE_STYLE_FILL_AREA(#10308);
#9862=SURFACE_STYLE_FILL_AREA(#10309);
#9863=SURFACE_STYLE_FILL_AREA(#10310);
#9864=SURFACE_STYLE_FILL_AREA(#10311);
#9865=SURFACE_STYLE_FILL_AREA(#10312);
#9866=SURFACE_STYLE_FILL_AREA(#10313);
#9867=SURFACE_STYLE_FILL_AREA(#10314);
#9868=SURFACE_STYLE_FILL_AREA(#10315);
#9869=SURFACE_STYLE_FILL_AREA(#10316);
#9870=SURFACE_STYLE_FILL_AREA(#10317);
#9871=SURFACE_STYLE_FILL_AREA(#10318);
#9872=SURFACE_STYLE_FILL_AREA(#10319);
#9873=SURFACE_STYLE_FILL_AREA(#10320);
#9874=SURFACE_STYLE_FILL_AREA(#10321);
#9875=SURFACE_STYLE_FILL_AREA(#10322);
#9876=SURFACE_STYLE_FILL_AREA(#10323);
#9877=SURFACE_STYLE_FILL_AREA(#10324);
#9878=SURFACE_STYLE_FILL_AREA(#10325);
#9879=SURFACE_STYLE_FILL_AREA(#10326);
#9880=SURFACE_STYLE_FILL_AREA(#10327);
#9881=SURFACE_STYLE_FILL_AREA(#10328);
#9882=SURFACE_STYLE_FILL_AREA(#10329);
#9883=SURFACE_STYLE_FILL_AREA(#10330);
#9884=SURFACE_STYLE_FILL_AREA(#10331);
#9885=SURFACE_STYLE_FILL_AREA(#10332);
#9886=SURFACE_STYLE_FILL_AREA(#10333);
#9887=SURFACE_STYLE_FILL_AREA(#10334);
#9888=SURFACE_STYLE_FILL_AREA(#10335);
#9889=SURFACE_STYLE_FILL_AREA(#10336);
#9890=SURFACE_STYLE_FILL_AREA(#10337);
#9891=SURFACE_STYLE_FILL_AREA(#10338);
#9892=SURFACE_STYLE_FILL_AREA(#10339);
#9893=SURFACE_STYLE_FILL_AREA(#10340);
#9894=SURFACE_STYLE_FILL_AREA(#10341);
#9895=SURFACE_STYLE_FILL_AREA(#10342);
#9896=SURFACE_STYLE_FILL_AREA(#10343);
#9897=SURFACE_STYLE_FILL_AREA(#10344);
#9898=SURFACE_STYLE_FILL_AREA(#10345);
#9899=SURFACE_STYLE_FILL_AREA(#10346);
#9900=SURFACE_STYLE_FILL_AREA(#10347);
#9901=SURFACE_STYLE_FILL_AREA(#10348);
#9902=SURFACE_STYLE_FILL_AREA(#10349);
#9903=SURFACE_STYLE_FILL_AREA(#10350);
#9904=SURFACE_STYLE_FILL_AREA(#10351);
#9905=SURFACE_STYLE_FILL_AREA(#10352);
#9906=SURFACE_STYLE_FILL_AREA(#10353);
#9907=SURFACE_STYLE_FILL_AREA(#10354);
#9908=SURFACE_STYLE_FILL_AREA(#10355);
#9909=SURFACE_STYLE_FILL_AREA(#10356);
#9910=SURFACE_STYLE_FILL_AREA(#10357);
#9911=SURFACE_STYLE_FILL_AREA(#10358);
#9912=SURFACE_STYLE_FILL_AREA(#10359);
#9913=SURFACE_STYLE_FILL_AREA(#10360);
#9914=SURFACE_STYLE_FILL_AREA(#10361);
#9915=SURFACE_STYLE_FILL_AREA(#10362);
#9916=SURFACE_STYLE_FILL_AREA(#10363);
#9917=SURFACE_STYLE_FILL_AREA(#10364);
#9918=SURFACE_STYLE_FILL_AREA(#10365);
#9919=SURFACE_STYLE_FILL_AREA(#10366);
#9920=SURFACE_STYLE_FILL_AREA(#10367);
#9921=SURFACE_STYLE_FILL_AREA(#10368);
#9922=SURFACE_STYLE_FILL_AREA(#10369);
#9923=SURFACE_STYLE_FILL_AREA(#10370);
#9924=SURFACE_STYLE_FILL_AREA(#10371);
#9925=SURFACE_STYLE_FILL_AREA(#10372);
#9926=SURFACE_STYLE_FILL_AREA(#10373);
#9927=SURFACE_STYLE_FILL_AREA(#10374);
#9928=SURFACE_STYLE_FILL_AREA(#10375);
#9929=SURFACE_STYLE_FILL_AREA(#10376);
#9930=SURFACE_STYLE_FILL_AREA(#10377);
#9931=SURFACE_STYLE_FILL_AREA(#10378);
#9932=SURFACE_STYLE_FILL_AREA(#10379);
#9933=SURFACE_STYLE_FILL_AREA(#10380);
#9934=SURFACE_STYLE_FILL_AREA(#10381);
#9935=SURFACE_STYLE_FILL_AREA(#10382);
#9936=SURFACE_STYLE_FILL_AREA(#10383);
#9937=SURFACE_STYLE_FILL_AREA(#10384);
#9938=SURFACE_STYLE_FILL_AREA(#10385);
#9939=SURFACE_STYLE_FILL_AREA(#10386);
#9940=SURFACE_STYLE_FILL_AREA(#10387);
#9941=SURFACE_STYLE_FILL_AREA(#10388);
#9942=SURFACE_STYLE_FILL_AREA(#10389);
#9943=SURFACE_STYLE_FILL_AREA(#10390);
#9944=SURFACE_STYLE_FILL_AREA(#10391);
#9945=SURFACE_STYLE_FILL_AREA(#10392);
#9946=SURFACE_STYLE_FILL_AREA(#10393);
#9947=SURFACE_STYLE_FILL_AREA(#10394);
#9948=SURFACE_STYLE_FILL_AREA(#10395);
#9949=SURFACE_STYLE_FILL_AREA(#10396);
#9950=SURFACE_STYLE_FILL_AREA(#10397);
#9951=SURFACE_STYLE_FILL_AREA(#10398);
#9952=SURFACE_STYLE_FILL_AREA(#10399);
#9953=SURFACE_STYLE_FILL_AREA(#10400);
#9954=SURFACE_STYLE_FILL_AREA(#10401);
#9955=SURFACE_STYLE_FILL_AREA(#10402);
#9956=SURFACE_STYLE_FILL_AREA(#10403);
#9957=SURFACE_STYLE_FILL_AREA(#10404);
#9958=SURFACE_STYLE_FILL_AREA(#10405);
#9959=SURFACE_STYLE_FILL_AREA(#10406);
#9960=SURFACE_STYLE_FILL_AREA(#10407);
#9961=SURFACE_STYLE_FILL_AREA(#10408);
#9962=SURFACE_STYLE_FILL_AREA(#10409);
#9963=SURFACE_STYLE_FILL_AREA(#10410);
#9964=SURFACE_STYLE_FILL_AREA(#10411);
#9965=SURFACE_STYLE_FILL_AREA(#10412);
#9966=SURFACE_STYLE_FILL_AREA(#10413);
#9967=SURFACE_STYLE_FILL_AREA(#10414);
#9968=SURFACE_STYLE_FILL_AREA(#10415);
#9969=SURFACE_STYLE_FILL_AREA(#10416);
#9970=SURFACE_STYLE_FILL_AREA(#10417);
#9971=SURFACE_STYLE_FILL_AREA(#10418);
#9972=SURFACE_STYLE_FILL_AREA(#10419);
#9973=SURFACE_STYLE_FILL_AREA(#10420);
#9974=SURFACE_STYLE_FILL_AREA(#10421);
#9975=SURFACE_STYLE_FILL_AREA(#10422);
#9976=SURFACE_STYLE_FILL_AREA(#10423);
#9977=SURFACE_STYLE_FILL_AREA(#10424);
#9978=SURFACE_STYLE_FILL_AREA(#10425);
#9979=SURFACE_STYLE_FILL_AREA(#10426);
#9980=SURFACE_STYLE_FILL_AREA(#10427);
#9981=SURFACE_STYLE_FILL_AREA(#10428);
#9982=SURFACE_STYLE_FILL_AREA(#10429);
#9983=SURFACE_STYLE_FILL_AREA(#10430);
#9984=SURFACE_STYLE_FILL_AREA(#10431);
#9985=SURFACE_STYLE_FILL_AREA(#10432);
#9986=SURFACE_STYLE_FILL_AREA(#10433);
#9987=SURFACE_STYLE_FILL_AREA(#10434);
#9988=SURFACE_STYLE_FILL_AREA(#10435);
#9989=SURFACE_STYLE_FILL_AREA(#10436);
#9990=SURFACE_STYLE_FILL_AREA(#10437);
#9991=SURFACE_STYLE_FILL_AREA(#10438);
#9992=SURFACE_STYLE_FILL_AREA(#10439);
#9993=SURFACE_STYLE_FILL_AREA(#10440);
#9994=SURFACE_STYLE_FILL_AREA(#10441);
#9995=SURFACE_STYLE_FILL_AREA(#10442);
#9996=SURFACE_STYLE_FILL_AREA(#10443);
#9997=SURFACE_STYLE_FILL_AREA(#10444);
#9998=SURFACE_STYLE_FILL_AREA(#10445);
#9999=SURFACE_STYLE_FILL_AREA(#10446);
#10000=SURFACE_STYLE_FILL_AREA(#10447);
#10001=SURFACE_STYLE_FILL_AREA(#10448);
#10002=SURFACE_STYLE_FILL_AREA(#10449);
#10003=SURFACE_STYLE_FILL_AREA(#10450);
#10004=SURFACE_STYLE_FILL_AREA(#10451);
#10005=SURFACE_STYLE_FILL_AREA(#10452);
#10006=SURFACE_STYLE_FILL_AREA(#10453);
#10007=SURFACE_STYLE_FILL_AREA(#10454);
#10008=SURFACE_STYLE_FILL_AREA(#10455);
#10009=SURFACE_STYLE_FILL_AREA(#10456);
#10010=SURFACE_STYLE_FILL_AREA(#10457);
#10011=SURFACE_STYLE_FILL_AREA(#10458);
#10012=SURFACE_STYLE_FILL_AREA(#10459);
#10013=SURFACE_STYLE_FILL_AREA(#10460);
#10014=SURFACE_STYLE_FILL_AREA(#10461);
#10015=SURFACE_STYLE_FILL_AREA(#10462);
#10016=SURFACE_STYLE_FILL_AREA(#10463);
#10017=SURFACE_STYLE_FILL_AREA(#10464);
#10018=SURFACE_STYLE_FILL_AREA(#10465);
#10019=SURFACE_STYLE_FILL_AREA(#10466);
#10020=SURFACE_STYLE_FILL_AREA(#10467);
#10021=SURFACE_STYLE_FILL_AREA(#10468);
#10022=SURFACE_STYLE_FILL_AREA(#10469);
#10023=SURFACE_STYLE_FILL_AREA(#10470);
#10024=SURFACE_STYLE_FILL_AREA(#10471);
#10025=SURFACE_STYLE_FILL_AREA(#10472);
#10026=SURFACE_STYLE_FILL_AREA(#10473);
#10027=SURFACE_STYLE_FILL_AREA(#10474);
#10028=SURFACE_STYLE_FILL_AREA(#10475);
#10029=SURFACE_STYLE_FILL_AREA(#10476);
#10030=SURFACE_STYLE_FILL_AREA(#10477);
#10031=SURFACE_STYLE_FILL_AREA(#10478);
#10032=SURFACE_STYLE_FILL_AREA(#10479);
#10033=SURFACE_STYLE_FILL_AREA(#10480);
#10034=SURFACE_STYLE_FILL_AREA(#10481);
#10035=SURFACE_STYLE_FILL_AREA(#10482);
#10036=SURFACE_STYLE_FILL_AREA(#10483);
#10037=SURFACE_STYLE_FILL_AREA(#10484);
#10038=SURFACE_STYLE_FILL_AREA(#10485);
#10039=SURFACE_STYLE_FILL_AREA(#10486);
#10040=SURFACE_STYLE_FILL_AREA(#10487);
#10041=SURFACE_STYLE_FILL_AREA(#10488);
#10042=SURFACE_STYLE_FILL_AREA(#10489);
#10043=SURFACE_STYLE_FILL_AREA(#10490);
#10044=SURFACE_STYLE_FILL_AREA(#10491);
#10045=SURFACE_STYLE_FILL_AREA(#10492);
#10046=SURFACE_STYLE_FILL_AREA(#10493);
#10047=SURFACE_STYLE_FILL_AREA(#10494);
#10048=SURFACE_STYLE_FILL_AREA(#10495);
#10049=SURFACE_STYLE_FILL_AREA(#10496);
#10050=SURFACE_STYLE_FILL_AREA(#10497);
#10051=SURFACE_STYLE_FILL_AREA(#10498);
#10052=SURFACE_STYLE_FILL_AREA(#10499);
#10053=SURFACE_STYLE_FILL_AREA(#10500);
#10054=SURFACE_STYLE_FILL_AREA(#10501);
#10055=SURFACE_STYLE_FILL_AREA(#10502);
#10056=SURFACE_STYLE_FILL_AREA(#10503);
#10057=SURFACE_STYLE_FILL_AREA(#10504);
#10058=SURFACE_STYLE_FILL_AREA(#10505);
#10059=SURFACE_STYLE_FILL_AREA(#10506);
#10060=SURFACE_STYLE_FILL_AREA(#10507);
#10061=SURFACE_STYLE_FILL_AREA(#10508);
#10062=SURFACE_STYLE_FILL_AREA(#10509);
#10063=SURFACE_STYLE_FILL_AREA(#10510);
#10064=SURFACE_STYLE_FILL_AREA(#10511);
#10065=SURFACE_STYLE_FILL_AREA(#10512);
#10066=SURFACE_STYLE_FILL_AREA(#10513);
#10067=SURFACE_STYLE_FILL_AREA(#10514);
#10068=SURFACE_STYLE_FILL_AREA(#10515);
#10069=SURFACE_STYLE_FILL_AREA(#10516);
#10070=SURFACE_STYLE_FILL_AREA(#10517);
#10071=SURFACE_STYLE_FILL_AREA(#10518);
#10072=SURFACE_STYLE_FILL_AREA(#10519);
#10073=SURFACE_STYLE_FILL_AREA(#10520);
#10074=SURFACE_STYLE_FILL_AREA(#10521);
#10075=SURFACE_STYLE_FILL_AREA(#10522);
#10076=SURFACE_STYLE_FILL_AREA(#10523);
#10077=SURFACE_STYLE_FILL_AREA(#10524);
#10078=SURFACE_STYLE_FILL_AREA(#10525);
#10079=SURFACE_STYLE_FILL_AREA(#10526);
#10080=SURFACE_STYLE_FILL_AREA(#10527);
#10081=SURFACE_STYLE_FILL_AREA(#10528);
#10082=SURFACE_STYLE_FILL_AREA(#10529);
#10083=SURFACE_STYLE_FILL_AREA(#10530);
#10084=SURFACE_STYLE_FILL_AREA(#10531);
#10085=SURFACE_STYLE_FILL_AREA(#10532);
#10086=SURFACE_STYLE_FILL_AREA(#10533);
#10087=SURFACE_STYLE_FILL_AREA(#10534);
#10088=SURFACE_STYLE_FILL_AREA(#10535);
#10089=SURFACE_STYLE_FILL_AREA(#10536);
#10090=SURFACE_STYLE_FILL_AREA(#10537);
#10091=SURFACE_STYLE_FILL_AREA(#10538);
#10092=SURFACE_STYLE_FILL_AREA(#10539);
#10093=SURFACE_STYLE_FILL_AREA(#10540);
#10094=SURFACE_STYLE_FILL_AREA(#10541);
#10095=SURFACE_STYLE_FILL_AREA(#10542);
#10096=SURFACE_STYLE_FILL_AREA(#10543);
#10097=SURFACE_STYLE_FILL_AREA(#10544);
#10098=SURFACE_STYLE_FILL_AREA(#10545);
#10099=SURFACE_STYLE_FILL_AREA(#10546);
#10100=SURFACE_STYLE_FILL_AREA(#10547);
#10101=SURFACE_STYLE_FILL_AREA(#10548);
#10102=SURFACE_STYLE_FILL_AREA(#10549);
#10103=SURFACE_STYLE_FILL_AREA(#10550);
#10104=SURFACE_STYLE_FILL_AREA(#10551);
#10105=SURFACE_STYLE_FILL_AREA(#10552);
#10106=SURFACE_STYLE_FILL_AREA(#10553);
#10107=SURFACE_STYLE_FILL_AREA(#10554);
#10108=SURFACE_STYLE_FILL_AREA(#10555);
#10109=SURFACE_STYLE_FILL_AREA(#10556);
#10110=SURFACE_STYLE_FILL_AREA(#10557);
#10111=SURFACE_STYLE_FILL_AREA(#10558);
#10112=SURFACE_STYLE_FILL_AREA(#10559);
#10113=SURFACE_STYLE_FILL_AREA(#10560);
#10114=SURFACE_STYLE_FILL_AREA(#10561);
#10115=SURFACE_STYLE_FILL_AREA(#10562);
#10116=SURFACE_STYLE_FILL_AREA(#10563);
#10117=SURFACE_STYLE_FILL_AREA(#10564);
#10118=SURFACE_STYLE_FILL_AREA(#10565);
#10119=SURFACE_STYLE_FILL_AREA(#10566);
#10120=SURFACE_STYLE_FILL_AREA(#10567);
#10121=SURFACE_STYLE_FILL_AREA(#10568);
#10122=SURFACE_STYLE_FILL_AREA(#10569);
#10123=SURFACE_STYLE_FILL_AREA(#10570);
#10124=SURFACE_STYLE_FILL_AREA(#10571);
#10125=SURFACE_STYLE_FILL_AREA(#10572);
#10126=SURFACE_STYLE_FILL_AREA(#10573);
#10127=SURFACE_STYLE_FILL_AREA(#10574);
#10128=SURFACE_STYLE_FILL_AREA(#10575);
#10129=SURFACE_STYLE_FILL_AREA(#10576);
#10130=SURFACE_STYLE_FILL_AREA(#10577);
#10131=SURFACE_STYLE_FILL_AREA(#10578);
#10132=SURFACE_STYLE_FILL_AREA(#10579);
#10133=SURFACE_STYLE_FILL_AREA(#10580);
#10134=SURFACE_STYLE_FILL_AREA(#10581);
#10135=SURFACE_STYLE_FILL_AREA(#10582);
#10136=SURFACE_STYLE_FILL_AREA(#10583);
#10137=SURFACE_STYLE_FILL_AREA(#10584);
#10138=SURFACE_STYLE_FILL_AREA(#10585);
#10139=SURFACE_STYLE_FILL_AREA(#10586);
#10140=SURFACE_STYLE_FILL_AREA(#10587);
#10141=SURFACE_STYLE_FILL_AREA(#10588);
#10142=SURFACE_STYLE_FILL_AREA(#10589);
#10143=SURFACE_STYLE_FILL_AREA(#10590);
#10144=SURFACE_STYLE_FILL_AREA(#10591);
#10145=SURFACE_STYLE_FILL_AREA(#10592);
#10146=SURFACE_STYLE_FILL_AREA(#10593);
#10147=SURFACE_STYLE_FILL_AREA(#10594);
#10148=SURFACE_STYLE_FILL_AREA(#10595);
#10149=SURFACE_STYLE_FILL_AREA(#10596);
#10150=SURFACE_STYLE_FILL_AREA(#10597);
#10151=SURFACE_STYLE_FILL_AREA(#10598);
#10152=SURFACE_STYLE_FILL_AREA(#10599);
#10153=SURFACE_STYLE_FILL_AREA(#10600);
#10154=SURFACE_STYLE_FILL_AREA(#10601);
#10155=SURFACE_STYLE_FILL_AREA(#10602);
#10156=SURFACE_STYLE_FILL_AREA(#10603);
#10157=SURFACE_STYLE_FILL_AREA(#10604);
#10158=SURFACE_STYLE_FILL_AREA(#10605);
#10159=SURFACE_STYLE_FILL_AREA(#10606);
#10160=SURFACE_STYLE_FILL_AREA(#10607);
#10161=SURFACE_STYLE_FILL_AREA(#10608);
#10162=SURFACE_STYLE_FILL_AREA(#10609);
#10163=SURFACE_STYLE_FILL_AREA(#10610);
#10164=SURFACE_STYLE_FILL_AREA(#10611);
#10165=SURFACE_STYLE_FILL_AREA(#10612);
#10166=SURFACE_STYLE_FILL_AREA(#10613);
#10167=SURFACE_STYLE_FILL_AREA(#10614);
#10168=SURFACE_STYLE_FILL_AREA(#10615);
#10169=SURFACE_STYLE_FILL_AREA(#10616);
#10170=SURFACE_STYLE_FILL_AREA(#10617);
#10171=SURFACE_STYLE_FILL_AREA(#10618);
#10172=SURFACE_STYLE_FILL_AREA(#10619);
#10173=SURFACE_STYLE_FILL_AREA(#10620);
#10174=SURFACE_STYLE_FILL_AREA(#10621);
#10175=SURFACE_STYLE_FILL_AREA(#10622);
#10176=SURFACE_STYLE_FILL_AREA(#10623);
#10177=SURFACE_STYLE_FILL_AREA(#10624);
#10178=SURFACE_STYLE_FILL_AREA(#10625);
#10179=SURFACE_STYLE_FILL_AREA(#10626);
#10180=SURFACE_STYLE_FILL_AREA(#10627);
#10181=SURFACE_STYLE_FILL_AREA(#10628);
#10182=SURFACE_STYLE_FILL_AREA(#10629);
#10183=SURFACE_STYLE_FILL_AREA(#10630);
#10184=SURFACE_STYLE_FILL_AREA(#10631);
#10185=SURFACE_STYLE_FILL_AREA(#10632);
#10186=SURFACE_STYLE_FILL_AREA(#10633);
#10187=SURFACE_STYLE_FILL_AREA(#10634);
#10188=SURFACE_STYLE_FILL_AREA(#10635);
#10189=SURFACE_STYLE_FILL_AREA(#10636);
#10190=SURFACE_STYLE_FILL_AREA(#10637);
#10191=SURFACE_STYLE_FILL_AREA(#10638);
#10192=SURFACE_STYLE_FILL_AREA(#10639);
#10193=SURFACE_STYLE_FILL_AREA(#10640);
#10194=SURFACE_STYLE_FILL_AREA(#10641);
#10195=SURFACE_STYLE_FILL_AREA(#10642);
#10196=SURFACE_STYLE_FILL_AREA(#10643);
#10197=SURFACE_STYLE_FILL_AREA(#10644);
#10198=SURFACE_STYLE_FILL_AREA(#10645);
#10199=SURFACE_STYLE_FILL_AREA(#10646);
#10200=SURFACE_STYLE_FILL_AREA(#10647);
#10201=SURFACE_STYLE_FILL_AREA(#10648);
#10202=SURFACE_STYLE_FILL_AREA(#10649);
#10203=SURFACE_STYLE_FILL_AREA(#10650);
#10204=SURFACE_STYLE_FILL_AREA(#10651);
#10205=SURFACE_STYLE_FILL_AREA(#10652);
#10206=SURFACE_STYLE_FILL_AREA(#10653);
#10207=SURFACE_STYLE_FILL_AREA(#10654);
#10208=SURFACE_STYLE_FILL_AREA(#10655);
#10209=SURFACE_STYLE_FILL_AREA(#10656);
#10210=SURFACE_STYLE_FILL_AREA(#10657);
#10211=SURFACE_STYLE_FILL_AREA(#10658);
#10212=SURFACE_STYLE_FILL_AREA(#10659);
#10213=SURFACE_STYLE_FILL_AREA(#10660);
#10214=SURFACE_STYLE_FILL_AREA(#10661);
#10215=SURFACE_STYLE_FILL_AREA(#10662);
#10216=SURFACE_STYLE_FILL_AREA(#10663);
#10217=SURFACE_STYLE_FILL_AREA(#10664);
#10218=SURFACE_STYLE_FILL_AREA(#10665);
#10219=SURFACE_STYLE_FILL_AREA(#10666);
#10220=SURFACE_STYLE_FILL_AREA(#10667);
#10221=SURFACE_STYLE_FILL_AREA(#10668);
#10222=SURFACE_STYLE_FILL_AREA(#10669);
#10223=SURFACE_STYLE_FILL_AREA(#10670);
#10224=SURFACE_STYLE_FILL_AREA(#10671);
#10225=SURFACE_STYLE_FILL_AREA(#10672);
#10226=SURFACE_STYLE_FILL_AREA(#10673);
#10227=SURFACE_STYLE_FILL_AREA(#10674);
#10228=SURFACE_STYLE_FILL_AREA(#10675);
#10229=SURFACE_STYLE_FILL_AREA(#10676);
#10230=SURFACE_STYLE_FILL_AREA(#10677);
#10231=SURFACE_STYLE_FILL_AREA(#10678);
#10232=SURFACE_STYLE_FILL_AREA(#10679);
#10233=SURFACE_STYLE_FILL_AREA(#10680);
#10234=SURFACE_STYLE_FILL_AREA(#10681);
#10235=SURFACE_STYLE_FILL_AREA(#10682);
#10236=SURFACE_STYLE_FILL_AREA(#10683);
#10237=SURFACE_STYLE_FILL_AREA(#10684);
#10238=SURFACE_STYLE_FILL_AREA(#10685);
#10239=SURFACE_STYLE_FILL_AREA(#10686);
#10240=SURFACE_STYLE_FILL_AREA(#10687);
#10241=SURFACE_STYLE_FILL_AREA(#10688);
#10242=SURFACE_STYLE_FILL_AREA(#10689);
#10243=SURFACE_STYLE_FILL_AREA(#10690);
#10244=SURFACE_STYLE_FILL_AREA(#10691);
#10245=SURFACE_STYLE_FILL_AREA(#10692);
#10246=SURFACE_STYLE_FILL_AREA(#10693);
#10247=SURFACE_STYLE_FILL_AREA(#10694);
#10248=SURFACE_STYLE_FILL_AREA(#10695);
#10249=SURFACE_STYLE_FILL_AREA(#10696);
#10250=SURFACE_STYLE_FILL_AREA(#10697);
#10251=SURFACE_STYLE_FILL_AREA(#10698);
#10252=SURFACE_STYLE_FILL_AREA(#10699);
#10253=SURFACE_STYLE_FILL_AREA(#10700);
#10254=SURFACE_STYLE_FILL_AREA(#10701);
#10255=SURFACE_STYLE_FILL_AREA(#10702);
#10256=SURFACE_STYLE_FILL_AREA(#10703);
#10257=SURFACE_STYLE_FILL_AREA(#10704);
#10258=SURFACE_STYLE_FILL_AREA(#10705);
#10259=SURFACE_STYLE_FILL_AREA(#10706);
#10260=SURFACE_STYLE_FILL_AREA(#10707);
#10261=SURFACE_STYLE_FILL_AREA(#10708);
#10262=SURFACE_STYLE_FILL_AREA(#10709);
#10263=SURFACE_STYLE_FILL_AREA(#10710);
#10264=SURFACE_STYLE_FILL_AREA(#10711);
#10265=SURFACE_STYLE_FILL_AREA(#10712);
#10266=SURFACE_STYLE_FILL_AREA(#10713);
#10267=SURFACE_STYLE_FILL_AREA(#10714);
#10268=SURFACE_STYLE_FILL_AREA(#10715);
#10269=SURFACE_STYLE_FILL_AREA(#10716);
#10270=SURFACE_STYLE_FILL_AREA(#10717);
#10271=SURFACE_STYLE_FILL_AREA(#10718);
#10272=FILL_AREA_STYLE('',(#10719));
#10273=FILL_AREA_STYLE('',(#10720));
#10274=FILL_AREA_STYLE('',(#10721));
#10275=FILL_AREA_STYLE('',(#10722));
#10276=FILL_AREA_STYLE('',(#10723));
#10277=FILL_AREA_STYLE('',(#10724));
#10278=FILL_AREA_STYLE('',(#10725));
#10279=FILL_AREA_STYLE('',(#10726));
#10280=FILL_AREA_STYLE('',(#10727));
#10281=FILL_AREA_STYLE('',(#10728));
#10282=FILL_AREA_STYLE('',(#10729));
#10283=FILL_AREA_STYLE('',(#10730));
#10284=FILL_AREA_STYLE('',(#10731));
#10285=FILL_AREA_STYLE('',(#10732));
#10286=FILL_AREA_STYLE('',(#10733));
#10287=FILL_AREA_STYLE('',(#10734));
#10288=FILL_AREA_STYLE('',(#10735));
#10289=FILL_AREA_STYLE('',(#10736));
#10290=FILL_AREA_STYLE('',(#10737));
#10291=FILL_AREA_STYLE('',(#10738));
#10292=FILL_AREA_STYLE('',(#10739));
#10293=FILL_AREA_STYLE('',(#10740));
#10294=FILL_AREA_STYLE('',(#10741));
#10295=FILL_AREA_STYLE('',(#10742));
#10296=FILL_AREA_STYLE('',(#10743));
#10297=FILL_AREA_STYLE('',(#10744));
#10298=FILL_AREA_STYLE('',(#10745));
#10299=FILL_AREA_STYLE('',(#10746));
#10300=FILL_AREA_STYLE('',(#10747));
#10301=FILL_AREA_STYLE('',(#10748));
#10302=FILL_AREA_STYLE('',(#10749));
#10303=FILL_AREA_STYLE('',(#10750));
#10304=FILL_AREA_STYLE('',(#10751));
#10305=FILL_AREA_STYLE('',(#10752));
#10306=FILL_AREA_STYLE('',(#10753));
#10307=FILL_AREA_STYLE('',(#10754));
#10308=FILL_AREA_STYLE('',(#10755));
#10309=FILL_AREA_STYLE('',(#10756));
#10310=FILL_AREA_STYLE('',(#10757));
#10311=FILL_AREA_STYLE('',(#10758));
#10312=FILL_AREA_STYLE('',(#10759));
#10313=FILL_AREA_STYLE('',(#10760));
#10314=FILL_AREA_STYLE('',(#10761));
#10315=FILL_AREA_STYLE('',(#10762));
#10316=FILL_AREA_STYLE('',(#10763));
#10317=FILL_AREA_STYLE('',(#10764));
#10318=FILL_AREA_STYLE('',(#10765));
#10319=FILL_AREA_STYLE('',(#10766));
#10320=FILL_AREA_STYLE('',(#10767));
#10321=FILL_AREA_STYLE('',(#10768));
#10322=FILL_AREA_STYLE('',(#10769));
#10323=FILL_AREA_STYLE('',(#10770));
#10324=FILL_AREA_STYLE('',(#10771));
#10325=FILL_AREA_STYLE('',(#10772));
#10326=FILL_AREA_STYLE('',(#10773));
#10327=FILL_AREA_STYLE('',(#10774));
#10328=FILL_AREA_STYLE('',(#10775));
#10329=FILL_AREA_STYLE('',(#10776));
#10330=FILL_AREA_STYLE('',(#10777));
#10331=FILL_AREA_STYLE('',(#10778));
#10332=FILL_AREA_STYLE('',(#10779));
#10333=FILL_AREA_STYLE('',(#10780));
#10334=FILL_AREA_STYLE('',(#10781));
#10335=FILL_AREA_STYLE('',(#10782));
#10336=FILL_AREA_STYLE('',(#10783));
#10337=FILL_AREA_STYLE('',(#10784));
#10338=FILL_AREA_STYLE('',(#10785));
#10339=FILL_AREA_STYLE('',(#10786));
#10340=FILL_AREA_STYLE('',(#10787));
#10341=FILL_AREA_STYLE('',(#10788));
#10342=FILL_AREA_STYLE('',(#10789));
#10343=FILL_AREA_STYLE('',(#10790));
#10344=FILL_AREA_STYLE('',(#10791));
#10345=FILL_AREA_STYLE('',(#10792));
#10346=FILL_AREA_STYLE('',(#10793));
#10347=FILL_AREA_STYLE('',(#10794));
#10348=FILL_AREA_STYLE('',(#10795));
#10349=FILL_AREA_STYLE('',(#10796));
#10350=FILL_AREA_STYLE('',(#10797));
#10351=FILL_AREA_STYLE('',(#10798));
#10352=FILL_AREA_STYLE('',(#10799));
#10353=FILL_AREA_STYLE('',(#10800));
#10354=FILL_AREA_STYLE('',(#10801));
#10355=FILL_AREA_STYLE('',(#10802));
#10356=FILL_AREA_STYLE('',(#10803));
#10357=FILL_AREA_STYLE('',(#10804));
#10358=FILL_AREA_STYLE('',(#10805));
#10359=FILL_AREA_STYLE('',(#10806));
#10360=FILL_AREA_STYLE('',(#10807));
#10361=FILL_AREA_STYLE('',(#10808));
#10362=FILL_AREA_STYLE('',(#10809));
#10363=FILL_AREA_STYLE('',(#10810));
#10364=FILL_AREA_STYLE('',(#10811));
#10365=FILL_AREA_STYLE('',(#10812));
#10366=FILL_AREA_STYLE('',(#10813));
#10367=FILL_AREA_STYLE('',(#10814));
#10368=FILL_AREA_STYLE('',(#10815));
#10369=FILL_AREA_STYLE('',(#10816));
#10370=FILL_AREA_STYLE('',(#10817));
#10371=FILL_AREA_STYLE('',(#10818));
#10372=FILL_AREA_STYLE('',(#10819));
#10373=FILL_AREA_STYLE('',(#10820));
#10374=FILL_AREA_STYLE('',(#10821));
#10375=FILL_AREA_STYLE('',(#10822));
#10376=FILL_AREA_STYLE('',(#10823));
#10377=FILL_AREA_STYLE('',(#10824));
#10378=FILL_AREA_STYLE('',(#10825));
#10379=FILL_AREA_STYLE('',(#10826));
#10380=FILL_AREA_STYLE('',(#10827));
#10381=FILL_AREA_STYLE('',(#10828));
#10382=FILL_AREA_STYLE('',(#10829));
#10383=FILL_AREA_STYLE('',(#10830));
#10384=FILL_AREA_STYLE('',(#10831));
#10385=FILL_AREA_STYLE('',(#10832));
#10386=FILL_AREA_STYLE('',(#10833));
#10387=FILL_AREA_STYLE('',(#10834));
#10388=FILL_AREA_STYLE('',(#10835));
#10389=FILL_AREA_STYLE('',(#10836));
#10390=FILL_AREA_STYLE('',(#10837));
#10391=FILL_AREA_STYLE('',(#10838));
#10392=FILL_AREA_STYLE('',(#10839));
#10393=FILL_AREA_STYLE('',(#10840));
#10394=FILL_AREA_STYLE('',(#10841));
#10395=FILL_AREA_STYLE('',(#10842));
#10396=FILL_AREA_STYLE('',(#10843));
#10397=FILL_AREA_STYLE('',(#10844));
#10398=FILL_AREA_STYLE('',(#10845));
#10399=FILL_AREA_STYLE('',(#10846));
#10400=FILL_AREA_STYLE('',(#10847));
#10401=FILL_AREA_STYLE('',(#10848));
#10402=FILL_AREA_STYLE('',(#10849));
#10403=FILL_AREA_STYLE('',(#10850));
#10404=FILL_AREA_STYLE('',(#10851));
#10405=FILL_AREA_STYLE('',(#10852));
#10406=FILL_AREA_STYLE('',(#10853));
#10407=FILL_AREA_STYLE('',(#10854));
#10408=FILL_AREA_STYLE('',(#10855));
#10409=FILL_AREA_STYLE('',(#10856));
#10410=FILL_AREA_STYLE('',(#10857));
#10411=FILL_AREA_STYLE('',(#10858));
#10412=FILL_AREA_STYLE('',(#10859));
#10413=FILL_AREA_STYLE('',(#10860));
#10414=FILL_AREA_STYLE('',(#10861));
#10415=FILL_AREA_STYLE('',(#10862));
#10416=FILL_AREA_STYLE('',(#10863));
#10417=FILL_AREA_STYLE('',(#10864));
#10418=FILL_AREA_STYLE('',(#10865));
#10419=FILL_AREA_STYLE('',(#10866));
#10420=FILL_AREA_STYLE('',(#10867));
#10421=FILL_AREA_STYLE('',(#10868));
#10422=FILL_AREA_STYLE('',(#10869));
#10423=FILL_AREA_STYLE('',(#10870));
#10424=FILL_AREA_STYLE('',(#10871));
#10425=FILL_AREA_STYLE('',(#10872));
#10426=FILL_AREA_STYLE('',(#10873));
#10427=FILL_AREA_STYLE('',(#10874));
#10428=FILL_AREA_STYLE('',(#10875));
#10429=FILL_AREA_STYLE('',(#10876));
#10430=FILL_AREA_STYLE('',(#10877));
#10431=FILL_AREA_STYLE('',(#10878));
#10432=FILL_AREA_STYLE('',(#10879));
#10433=FILL_AREA_STYLE('',(#10880));
#10434=FILL_AREA_STYLE('',(#10881));
#10435=FILL_AREA_STYLE('',(#10882));
#10436=FILL_AREA_STYLE('',(#10883));
#10437=FILL_AREA_STYLE('',(#10884));
#10438=FILL_AREA_STYLE('',(#10885));
#10439=FILL_AREA_STYLE('',(#10886));
#10440=FILL_AREA_STYLE('',(#10887));
#10441=FILL_AREA_STYLE('',(#10888));
#10442=FILL_AREA_STYLE('',(#10889));
#10443=FILL_AREA_STYLE('',(#10890));
#10444=FILL_AREA_STYLE('',(#10891));
#10445=FILL_AREA_STYLE('',(#10892));
#10446=FILL_AREA_STYLE('',(#10893));
#10447=FILL_AREA_STYLE('',(#10894));
#10448=FILL_AREA_STYLE('',(#10895));
#10449=FILL_AREA_STYLE('',(#10896));
#10450=FILL_AREA_STYLE('',(#10897));
#10451=FILL_AREA_STYLE('',(#10898));
#10452=FILL_AREA_STYLE('',(#10899));
#10453=FILL_AREA_STYLE('',(#10900));
#10454=FILL_AREA_STYLE('',(#10901));
#10455=FILL_AREA_STYLE('',(#10902));
#10456=FILL_AREA_STYLE('',(#10903));
#10457=FILL_AREA_STYLE('',(#10904));
#10458=FILL_AREA_STYLE('',(#10905));
#10459=FILL_AREA_STYLE('',(#10906));
#10460=FILL_AREA_STYLE('',(#10907));
#10461=FILL_AREA_STYLE('',(#10908));
#10462=FILL_AREA_STYLE('',(#10909));
#10463=FILL_AREA_STYLE('',(#10910));
#10464=FILL_AREA_STYLE('',(#10911));
#10465=FILL_AREA_STYLE('',(#10912));
#10466=FILL_AREA_STYLE('',(#10913));
#10467=FILL_AREA_STYLE('',(#10914));
#10468=FILL_AREA_STYLE('',(#10915));
#10469=FILL_AREA_STYLE('',(#10916));
#10470=FILL_AREA_STYLE('',(#10917));
#10471=FILL_AREA_STYLE('',(#10918));
#10472=FILL_AREA_STYLE('',(#10919));
#10473=FILL_AREA_STYLE('',(#10920));
#10474=FILL_AREA_STYLE('',(#10921));
#10475=FILL_AREA_STYLE('',(#10922));
#10476=FILL_AREA_STYLE('',(#10923));
#10477=FILL_AREA_STYLE('',(#10924));
#10478=FILL_AREA_STYLE('',(#10925));
#10479=FILL_AREA_STYLE('',(#10926));
#10480=FILL_AREA_STYLE('',(#10927));
#10481=FILL_AREA_STYLE('',(#10928));
#10482=FILL_AREA_STYLE('',(#10929));
#10483=FILL_AREA_STYLE('',(#10930));
#10484=FILL_AREA_STYLE('',(#10931));
#10485=FILL_AREA_STYLE('',(#10932));
#10486=FILL_AREA_STYLE('',(#10933));
#10487=FILL_AREA_STYLE('',(#10934));
#10488=FILL_AREA_STYLE('',(#10935));
#10489=FILL_AREA_STYLE('',(#10936));
#10490=FILL_AREA_STYLE('',(#10937));
#10491=FILL_AREA_STYLE('',(#10938));
#10492=FILL_AREA_STYLE('',(#10939));
#10493=FILL_AREA_STYLE('',(#10940));
#10494=FILL_AREA_STYLE('',(#10941));
#10495=FILL_AREA_STYLE('',(#10942));
#10496=FILL_AREA_STYLE('',(#10943));
#10497=FILL_AREA_STYLE('',(#10944));
#10498=FILL_AREA_STYLE('',(#10945));
#10499=FILL_AREA_STYLE('',(#10946));
#10500=FILL_AREA_STYLE('',(#10947));
#10501=FILL_AREA_STYLE('',(#10948));
#10502=FILL_AREA_STYLE('',(#10949));
#10503=FILL_AREA_STYLE('',(#10950));
#10504=FILL_AREA_STYLE('',(#10951));
#10505=FILL_AREA_STYLE('',(#10952));
#10506=FILL_AREA_STYLE('',(#10953));
#10507=FILL_AREA_STYLE('',(#10954));
#10508=FILL_AREA_STYLE('',(#10955));
#10509=FILL_AREA_STYLE('',(#10956));
#10510=FILL_AREA_STYLE('',(#10957));
#10511=FILL_AREA_STYLE('',(#10958));
#10512=FILL_AREA_STYLE('',(#10959));
#10513=FILL_AREA_STYLE('',(#10960));
#10514=FILL_AREA_STYLE('',(#10961));
#10515=FILL_AREA_STYLE('',(#10962));
#10516=FILL_AREA_STYLE('',(#10963));
#10517=FILL_AREA_STYLE('',(#10964));
#10518=FILL_AREA_STYLE('',(#10965));
#10519=FILL_AREA_STYLE('',(#10966));
#10520=FILL_AREA_STYLE('',(#10967));
#10521=FILL_AREA_STYLE('',(#10968));
#10522=FILL_AREA_STYLE('',(#10969));
#10523=FILL_AREA_STYLE('',(#10970));
#10524=FILL_AREA_STYLE('',(#10971));
#10525=FILL_AREA_STYLE('',(#10972));
#10526=FILL_AREA_STYLE('',(#10973));
#10527=FILL_AREA_STYLE('',(#10974));
#10528=FILL_AREA_STYLE('',(#10975));
#10529=FILL_AREA_STYLE('',(#10976));
#10530=FILL_AREA_STYLE('',(#10977));
#10531=FILL_AREA_STYLE('',(#10978));
#10532=FILL_AREA_STYLE('',(#10979));
#10533=FILL_AREA_STYLE('',(#10980));
#10534=FILL_AREA_STYLE('',(#10981));
#10535=FILL_AREA_STYLE('',(#10982));
#10536=FILL_AREA_STYLE('',(#10983));
#10537=FILL_AREA_STYLE('',(#10984));
#10538=FILL_AREA_STYLE('',(#10985));
#10539=FILL_AREA_STYLE('',(#10986));
#10540=FILL_AREA_STYLE('',(#10987));
#10541=FILL_AREA_STYLE('',(#10988));
#10542=FILL_AREA_STYLE('',(#10989));
#10543=FILL_AREA_STYLE('',(#10990));
#10544=FILL_AREA_STYLE('',(#10991));
#10545=FILL_AREA_STYLE('',(#10992));
#10546=FILL_AREA_STYLE('',(#10993));
#10547=FILL_AREA_STYLE('',(#10994));
#10548=FILL_AREA_STYLE('',(#10995));
#10549=FILL_AREA_STYLE('',(#10996));
#10550=FILL_AREA_STYLE('',(#10997));
#10551=FILL_AREA_STYLE('',(#10998));
#10552=FILL_AREA_STYLE('',(#10999));
#10553=FILL_AREA_STYLE('',(#11000));
#10554=FILL_AREA_STYLE('',(#11001));
#10555=FILL_AREA_STYLE('',(#11002));
#10556=FILL_AREA_STYLE('',(#11003));
#10557=FILL_AREA_STYLE('',(#11004));
#10558=FILL_AREA_STYLE('',(#11005));
#10559=FILL_AREA_STYLE('',(#11006));
#10560=FILL_AREA_STYLE('',(#11007));
#10561=FILL_AREA_STYLE('',(#11008));
#10562=FILL_AREA_STYLE('',(#11009));
#10563=FILL_AREA_STYLE('',(#11010));
#10564=FILL_AREA_STYLE('',(#11011));
#10565=FILL_AREA_STYLE('',(#11012));
#10566=FILL_AREA_STYLE('',(#11013));
#10567=FILL_AREA_STYLE('',(#11014));
#10568=FILL_AREA_STYLE('',(#11015));
#10569=FILL_AREA_STYLE('',(#11016));
#10570=FILL_AREA_STYLE('',(#11017));
#10571=FILL_AREA_STYLE('',(#11018));
#10572=FILL_AREA_STYLE('',(#11019));
#10573=FILL_AREA_STYLE('',(#11020));
#10574=FILL_AREA_STYLE('',(#11021));
#10575=FILL_AREA_STYLE('',(#11022));
#10576=FILL_AREA_STYLE('',(#11023));
#10577=FILL_AREA_STYLE('',(#11024));
#10578=FILL_AREA_STYLE('',(#11025));
#10579=FILL_AREA_STYLE('',(#11026));
#10580=FILL_AREA_STYLE('',(#11027));
#10581=FILL_AREA_STYLE('',(#11028));
#10582=FILL_AREA_STYLE('',(#11029));
#10583=FILL_AREA_STYLE('',(#11030));
#10584=FILL_AREA_STYLE('',(#11031));
#10585=FILL_AREA_STYLE('',(#11032));
#10586=FILL_AREA_STYLE('',(#11033));
#10587=FILL_AREA_STYLE('',(#11034));
#10588=FILL_AREA_STYLE('',(#11035));
#10589=FILL_AREA_STYLE('',(#11036));
#10590=FILL_AREA_STYLE('',(#11037));
#10591=FILL_AREA_STYLE('',(#11038));
#10592=FILL_AREA_STYLE('',(#11039));
#10593=FILL_AREA_STYLE('',(#11040));
#10594=FILL_AREA_STYLE('',(#11041));
#10595=FILL_AREA_STYLE('',(#11042));
#10596=FILL_AREA_STYLE('',(#11043));
#10597=FILL_AREA_STYLE('',(#11044));
#10598=FILL_AREA_STYLE('',(#11045));
#10599=FILL_AREA_STYLE('',(#11046));
#10600=FILL_AREA_STYLE('',(#11047));
#10601=FILL_AREA_STYLE('',(#11048));
#10602=FILL_AREA_STYLE('',(#11049));
#10603=FILL_AREA_STYLE('',(#11050));
#10604=FILL_AREA_STYLE('',(#11051));
#10605=FILL_AREA_STYLE('',(#11052));
#10606=FILL_AREA_STYLE('',(#11053));
#10607=FILL_AREA_STYLE('',(#11054));
#10608=FILL_AREA_STYLE('',(#11055));
#10609=FILL_AREA_STYLE('',(#11056));
#10610=FILL_AREA_STYLE('',(#11057));
#10611=FILL_AREA_STYLE('',(#11058));
#10612=FILL_AREA_STYLE('',(#11059));
#10613=FILL_AREA_STYLE('',(#11060));
#10614=FILL_AREA_STYLE('',(#11061));
#10615=FILL_AREA_STYLE('',(#11062));
#10616=FILL_AREA_STYLE('',(#11063));
#10617=FILL_AREA_STYLE('',(#11064));
#10618=FILL_AREA_STYLE('',(#11065));
#10619=FILL_AREA_STYLE('',(#11066));
#10620=FILL_AREA_STYLE('',(#11067));
#10621=FILL_AREA_STYLE('',(#11068));
#10622=FILL_AREA_STYLE('',(#11069));
#10623=FILL_AREA_STYLE('',(#11070));
#10624=FILL_AREA_STYLE('',(#11071));
#10625=FILL_AREA_STYLE('',(#11072));
#10626=FILL_AREA_STYLE('',(#11073));
#10627=FILL_AREA_STYLE('',(#11074));
#10628=FILL_AREA_STYLE('',(#11075));
#10629=FILL_AREA_STYLE('',(#11076));
#10630=FILL_AREA_STYLE('',(#11077));
#10631=FILL_AREA_STYLE('',(#11078));
#10632=FILL_AREA_STYLE('',(#11079));
#10633=FILL_AREA_STYLE('',(#11080));
#10634=FILL_AREA_STYLE('',(#11081));
#10635=FILL_AREA_STYLE('',(#11082));
#10636=FILL_AREA_STYLE('',(#11083));
#10637=FILL_AREA_STYLE('',(#11084));
#10638=FILL_AREA_STYLE('',(#11085));
#10639=FILL_AREA_STYLE('',(#11086));
#10640=FILL_AREA_STYLE('',(#11087));
#10641=FILL_AREA_STYLE('',(#11088));
#10642=FILL_AREA_STYLE('',(#11089));
#10643=FILL_AREA_STYLE('',(#11090));
#10644=FILL_AREA_STYLE('',(#11091));
#10645=FILL_AREA_STYLE('',(#11092));
#10646=FILL_AREA_STYLE('',(#11093));
#10647=FILL_AREA_STYLE('',(#11094));
#10648=FILL_AREA_STYLE('',(#11095));
#10649=FILL_AREA_STYLE('',(#11096));
#10650=FILL_AREA_STYLE('',(#11097));
#10651=FILL_AREA_STYLE('',(#11098));
#10652=FILL_AREA_STYLE('',(#11099));
#10653=FILL_AREA_STYLE('',(#11100));
#10654=FILL_AREA_STYLE('',(#11101));
#10655=FILL_AREA_STYLE('',(#11102));
#10656=FILL_AREA_STYLE('',(#11103));
#10657=FILL_AREA_STYLE('',(#11104));
#10658=FILL_AREA_STYLE('',(#11105));
#10659=FILL_AREA_STYLE('',(#11106));
#10660=FILL_AREA_STYLE('',(#11107));
#10661=FILL_AREA_STYLE('',(#11108));
#10662=FILL_AREA_STYLE('',(#11109));
#10663=FILL_AREA_STYLE('',(#11110));
#10664=FILL_AREA_STYLE('',(#11111));
#10665=FILL_AREA_STYLE('',(#11112));
#10666=FILL_AREA_STYLE('',(#11113));
#10667=FILL_AREA_STYLE('',(#11114));
#10668=FILL_AREA_STYLE('',(#11115));
#10669=FILL_AREA_STYLE('',(#11116));
#10670=FILL_AREA_STYLE('',(#11117));
#10671=FILL_AREA_STYLE('',(#11118));
#10672=FILL_AREA_STYLE('',(#11119));
#10673=FILL_AREA_STYLE('',(#11120));
#10674=FILL_AREA_STYLE('',(#11121));
#10675=FILL_AREA_STYLE('',(#11122));
#10676=FILL_AREA_STYLE('',(#11123));
#10677=FILL_AREA_STYLE('',(#11124));
#10678=FILL_AREA_STYLE('',(#11125));
#10679=FILL_AREA_STYLE('',(#11126));
#10680=FILL_AREA_STYLE('',(#11127));
#10681=FILL_AREA_STYLE('',(#11128));
#10682=FILL_AREA_STYLE('',(#11129));
#10683=FILL_AREA_STYLE('',(#11130));
#10684=FILL_AREA_STYLE('',(#11131));
#10685=FILL_AREA_STYLE('',(#11132));
#10686=FILL_AREA_STYLE('',(#11133));
#10687=FILL_AREA_STYLE('',(#11134));
#10688=FILL_AREA_STYLE('',(#11135));
#10689=FILL_AREA_STYLE('',(#11136));
#10690=FILL_AREA_STYLE('',(#11137));
#10691=FILL_AREA_STYLE('',(#11138));
#10692=FILL_AREA_STYLE('',(#11139));
#10693=FILL_AREA_STYLE('',(#11140));
#10694=FILL_AREA_STYLE('',(#11141));
#10695=FILL_AREA_STYLE('',(#11142));
#10696=FILL_AREA_STYLE('',(#11143));
#10697=FILL_AREA_STYLE('',(#11144));
#10698=FILL_AREA_STYLE('',(#11145));
#10699=FILL_AREA_STYLE('',(#11146));
#10700=FILL_AREA_STYLE('',(#11147));
#10701=FILL_AREA_STYLE('',(#11148));
#10702=FILL_AREA_STYLE('',(#11149));
#10703=FILL_AREA_STYLE('',(#11150));
#10704=FILL_AREA_STYLE('',(#11151));
#10705=FILL_AREA_STYLE('',(#11152));
#10706=FILL_AREA_STYLE('',(#11153));
#10707=FILL_AREA_STYLE('',(#11154));
#10708=FILL_AREA_STYLE('',(#11155));
#10709=FILL_AREA_STYLE('',(#11156));
#10710=FILL_AREA_STYLE('',(#11157));
#10711=FILL_AREA_STYLE('',(#11158));
#10712=FILL_AREA_STYLE('',(#11159));
#10713=FILL_AREA_STYLE('',(#11160));
#10714=FILL_AREA_STYLE('',(#11161));
#10715=FILL_AREA_STYLE('',(#11162));
#10716=FILL_AREA_STYLE('',(#11163));
#10717=FILL_AREA_STYLE('',(#11164));
#10718=FILL_AREA_STYLE('',(#11165));
#10719=FILL_AREA_STYLE_COLOUR('',#11166);
#10720=FILL_AREA_STYLE_COLOUR('',#11166);
#10721=FILL_AREA_STYLE_COLOUR('',#11166);
#10722=FILL_AREA_STYLE_COLOUR('',#11166);
#10723=FILL_AREA_STYLE_COLOUR('',#11166);
#10724=FILL_AREA_STYLE_COLOUR('',#11166);
#10725=FILL_AREA_STYLE_COLOUR('',#11166);
#10726=FILL_AREA_STYLE_COLOUR('',#11166);
#10727=FILL_AREA_STYLE_COLOUR('',#11166);
#10728=FILL_AREA_STYLE_COLOUR('',#11166);
#10729=FILL_AREA_STYLE_COLOUR('',#11166);
#10730=FILL_AREA_STYLE_COLOUR('',#11166);
#10731=FILL_AREA_STYLE_COLOUR('',#11166);
#10732=FILL_AREA_STYLE_COLOUR('',#11166);
#10733=FILL_AREA_STYLE_COLOUR('',#11166);
#10734=FILL_AREA_STYLE_COLOUR('',#11166);
#10735=FILL_AREA_STYLE_COLOUR('',#11166);
#10736=FILL_AREA_STYLE_COLOUR('',#11166);
#10737=FILL_AREA_STYLE_COLOUR('',#11167);
#10738=FILL_AREA_STYLE_COLOUR('',#11167);
#10739=FILL_AREA_STYLE_COLOUR('',#11167);
#10740=FILL_AREA_STYLE_COLOUR('',#11167);
#10741=FILL_AREA_STYLE_COLOUR('',#11167);
#10742=FILL_AREA_STYLE_COLOUR('',#11167);
#10743=FILL_AREA_STYLE_COLOUR('',#11166);
#10744=FILL_AREA_STYLE_COLOUR('',#11166);
#10745=FILL_AREA_STYLE_COLOUR('',#11166);
#10746=FILL_AREA_STYLE_COLOUR('',#11166);
#10747=FILL_AREA_STYLE_COLOUR('',#11166);
#10748=FILL_AREA_STYLE_COLOUR('',#11166);
#10749=FILL_AREA_STYLE_COLOUR('',#11166);
#10750=FILL_AREA_STYLE_COLOUR('',#11166);
#10751=FILL_AREA_STYLE_COLOUR('',#11166);
#10752=FILL_AREA_STYLE_COLOUR('',#11166);
#10753=FILL_AREA_STYLE_COLOUR('',#11166);
#10754=FILL_AREA_STYLE_COLOUR('',#11166);
#10755=FILL_AREA_STYLE_COLOUR('',#11166);
#10756=FILL_AREA_STYLE_COLOUR('',#11166);
#10757=FILL_AREA_STYLE_COLOUR('',#11166);
#10758=FILL_AREA_STYLE_COLOUR('',#11166);
#10759=FILL_AREA_STYLE_COLOUR('',#11166);
#10760=FILL_AREA_STYLE_COLOUR('',#11166);
#10761=FILL_AREA_STYLE_COLOUR('',#11166);
#10762=FILL_AREA_STYLE_COLOUR('',#11166);
#10763=FILL_AREA_STYLE_COLOUR('',#11166);
#10764=FILL_AREA_STYLE_COLOUR('',#11166);
#10765=FILL_AREA_STYLE_COLOUR('',#11166);
#10766=FILL_AREA_STYLE_COLOUR('',#11166);
#10767=FILL_AREA_STYLE_COLOUR('',#11166);
#10768=FILL_AREA_STYLE_COLOUR('',#11166);
#10769=FILL_AREA_STYLE_COLOUR('',#11166);
#10770=FILL_AREA_STYLE_COLOUR('',#11166);
#10771=FILL_AREA_STYLE_COLOUR('',#11166);
#10772=FILL_AREA_STYLE_COLOUR('',#11166);
#10773=FILL_AREA_STYLE_COLOUR('',#11166);
#10774=FILL_AREA_STYLE_COLOUR('',#11166);
#10775=FILL_AREA_STYLE_COLOUR('',#11166);
#10776=FILL_AREA_STYLE_COLOUR('',#11166);
#10777=FILL_AREA_STYLE_COLOUR('',#11166);
#10778=FILL_AREA_STYLE_COLOUR('',#11166);
#10779=FILL_AREA_STYLE_COLOUR('',#11166);
#10780=FILL_AREA_STYLE_COLOUR('',#11166);
#10781=FILL_AREA_STYLE_COLOUR('',#11166);
#10782=FILL_AREA_STYLE_COLOUR('',#11166);
#10783=FILL_AREA_STYLE_COLOUR('',#11166);
#10784=FILL_AREA_STYLE_COLOUR('',#11166);
#10785=FILL_AREA_STYLE_COLOUR('',#11166);
#10786=FILL_AREA_STYLE_COLOUR('',#11166);
#10787=FILL_AREA_STYLE_COLOUR('',#11166);
#10788=FILL_AREA_STYLE_COLOUR('',#11166);
#10789=FILL_AREA_STYLE_COLOUR('',#11166);
#10790=FILL_AREA_STYLE_COLOUR('',#11166);
#10791=FILL_AREA_STYLE_COLOUR('',#11166);
#10792=FILL_AREA_STYLE_COLOUR('',#11166);
#10793=FILL_AREA_STYLE_COLOUR('',#11166);
#10794=FILL_AREA_STYLE_COLOUR('',#11166);
#10795=FILL_AREA_STYLE_COLOUR('',#11166);
#10796=FILL_AREA_STYLE_COLOUR('',#11166);
#10797=FILL_AREA_STYLE_COLOUR('',#11166);
#10798=FILL_AREA_STYLE_COLOUR('',#11166);
#10799=FILL_AREA_STYLE_COLOUR('',#11166);
#10800=FILL_AREA_STYLE_COLOUR('',#11166);
#10801=FILL_AREA_STYLE_COLOUR('',#11166);
#10802=FILL_AREA_STYLE_COLOUR('',#11166);
#10803=FILL_AREA_STYLE_COLOUR('',#11166);
#10804=FILL_AREA_STYLE_COLOUR('',#11166);
#10805=FILL_AREA_STYLE_COLOUR('',#11166);
#10806=FILL_AREA_STYLE_COLOUR('',#11166);
#10807=FILL_AREA_STYLE_COLOUR('',#11166);
#10808=FILL_AREA_STYLE_COLOUR('',#11166);
#10809=FILL_AREA_STYLE_COLOUR('',#11166);
#10810=FILL_AREA_STYLE_COLOUR('',#11166);
#10811=FILL_AREA_STYLE_COLOUR('',#11166);
#10812=FILL_AREA_STYLE_COLOUR('',#11166);
#10813=FILL_AREA_STYLE_COLOUR('',#11166);
#10814=FILL_AREA_STYLE_COLOUR('',#11166);
#10815=FILL_AREA_STYLE_COLOUR('',#11166);
#10816=FILL_AREA_STYLE_COLOUR('',#11166);
#10817=FILL_AREA_STYLE_COLOUR('',#11166);
#10818=FILL_AREA_STYLE_COLOUR('',#11166);
#10819=FILL_AREA_STYLE_COLOUR('',#11166);
#10820=FILL_AREA_STYLE_COLOUR('',#11168);
#10821=FILL_AREA_STYLE_COLOUR('',#11168);
#10822=FILL_AREA_STYLE_COLOUR('',#11168);
#10823=FILL_AREA_STYLE_COLOUR('',#11168);
#10824=FILL_AREA_STYLE_COLOUR('',#11168);
#10825=FILL_AREA_STYLE_COLOUR('',#11168);
#10826=FILL_AREA_STYLE_COLOUR('',#11168);
#10827=FILL_AREA_STYLE_COLOUR('',#11168);
#10828=FILL_AREA_STYLE_COLOUR('',#11168);
#10829=FILL_AREA_STYLE_COLOUR('',#11168);
#10830=FILL_AREA_STYLE_COLOUR('',#11168);
#10831=FILL_AREA_STYLE_COLOUR('',#11168);
#10832=FILL_AREA_STYLE_COLOUR('',#11168);
#10833=FILL_AREA_STYLE_COLOUR('',#11168);
#10834=FILL_AREA_STYLE_COLOUR('',#11168);
#10835=FILL_AREA_STYLE_COLOUR('',#11168);
#10836=FILL_AREA_STYLE_COLOUR('',#11168);
#10837=FILL_AREA_STYLE_COLOUR('',#11168);
#10838=FILL_AREA_STYLE_COLOUR('',#11168);
#10839=FILL_AREA_STYLE_COLOUR('',#11168);
#10840=FILL_AREA_STYLE_COLOUR('',#11168);
#10841=FILL_AREA_STYLE_COLOUR('',#11168);
#10842=FILL_AREA_STYLE_COLOUR('',#11168);
#10843=FILL_AREA_STYLE_COLOUR('',#11168);
#10844=FILL_AREA_STYLE_COLOUR('',#11168);
#10845=FILL_AREA_STYLE_COLOUR('',#11168);
#10846=FILL_AREA_STYLE_COLOUR('',#11168);
#10847=FILL_AREA_STYLE_COLOUR('',#11168);
#10848=FILL_AREA_STYLE_COLOUR('',#11168);
#10849=FILL_AREA_STYLE_COLOUR('',#11168);
#10850=FILL_AREA_STYLE_COLOUR('',#11168);
#10851=FILL_AREA_STYLE_COLOUR('',#11168);
#10852=FILL_AREA_STYLE_COLOUR('',#11168);
#10853=FILL_AREA_STYLE_COLOUR('',#11168);
#10854=FILL_AREA_STYLE_COLOUR('',#11168);
#10855=FILL_AREA_STYLE_COLOUR('',#11168);
#10856=FILL_AREA_STYLE_COLOUR('',#11168);
#10857=FILL_AREA_STYLE_COLOUR('',#11168);
#10858=FILL_AREA_STYLE_COLOUR('',#11168);
#10859=FILL_AREA_STYLE_COLOUR('',#11168);
#10860=FILL_AREA_STYLE_COLOUR('',#11168);
#10861=FILL_AREA_STYLE_COLOUR('',#11168);
#10862=FILL_AREA_STYLE_COLOUR('',#11168);
#10863=FILL_AREA_STYLE_COLOUR('',#11168);
#10864=FILL_AREA_STYLE_COLOUR('',#11168);
#10865=FILL_AREA_STYLE_COLOUR('',#11168);
#10866=FILL_AREA_STYLE_COLOUR('',#11168);
#10867=FILL_AREA_STYLE_COLOUR('',#11168);
#10868=FILL_AREA_STYLE_COLOUR('',#11168);
#10869=FILL_AREA_STYLE_COLOUR('',#11168);
#10870=FILL_AREA_STYLE_COLOUR('',#11168);
#10871=FILL_AREA_STYLE_COLOUR('',#11168);
#10872=FILL_AREA_STYLE_COLOUR('',#11168);
#10873=FILL_AREA_STYLE_COLOUR('',#11168);
#10874=FILL_AREA_STYLE_COLOUR('',#11168);
#10875=FILL_AREA_STYLE_COLOUR('',#11168);
#10876=FILL_AREA_STYLE_COLOUR('',#11168);
#10877=FILL_AREA_STYLE_COLOUR('',#11168);
#10878=FILL_AREA_STYLE_COLOUR('',#11168);
#10879=FILL_AREA_STYLE_COLOUR('',#11168);
#10880=FILL_AREA_STYLE_COLOUR('',#11166);
#10881=FILL_AREA_STYLE_COLOUR('',#11166);
#10882=FILL_AREA_STYLE_COLOUR('',#11166);
#10883=FILL_AREA_STYLE_COLOUR('',#11166);
#10884=FILL_AREA_STYLE_COLOUR('',#11166);
#10885=FILL_AREA_STYLE_COLOUR('',#11166);
#10886=FILL_AREA_STYLE_COLOUR('',#11166);
#10887=FILL_AREA_STYLE_COLOUR('',#11166);
#10888=FILL_AREA_STYLE_COLOUR('',#11166);
#10889=FILL_AREA_STYLE_COLOUR('',#11166);
#10890=FILL_AREA_STYLE_COLOUR('',#11166);
#10891=FILL_AREA_STYLE_COLOUR('',#11166);
#10892=FILL_AREA_STYLE_COLOUR('',#11166);
#10893=FILL_AREA_STYLE_COLOUR('',#11166);
#10894=FILL_AREA_STYLE_COLOUR('',#11166);
#10895=FILL_AREA_STYLE_COLOUR('',#11166);
#10896=FILL_AREA_STYLE_COLOUR('',#11166);
#10897=FILL_AREA_STYLE_COLOUR('',#11166);
#10898=FILL_AREA_STYLE_COLOUR('',#11166);
#10899=FILL_AREA_STYLE_COLOUR('',#11166);
#10900=FILL_AREA_STYLE_COLOUR('',#11166);
#10901=FILL_AREA_STYLE_COLOUR('',#11166);
#10902=FILL_AREA_STYLE_COLOUR('',#11166);
#10903=FILL_AREA_STYLE_COLOUR('',#11166);
#10904=FILL_AREA_STYLE_COLOUR('',#11166);
#10905=FILL_AREA_STYLE_COLOUR('',#11166);
#10906=FILL_AREA_STYLE_COLOUR('',#11166);
#10907=FILL_AREA_STYLE_COLOUR('',#11166);
#10908=FILL_AREA_STYLE_COLOUR('',#11166);
#10909=FILL_AREA_STYLE_COLOUR('',#11166);
#10910=FILL_AREA_STYLE_COLOUR('',#11166);
#10911=FILL_AREA_STYLE_COLOUR('',#11166);
#10912=FILL_AREA_STYLE_COLOUR('',#11166);
#10913=FILL_AREA_STYLE_COLOUR('',#11166);
#10914=FILL_AREA_STYLE_COLOUR('',#11166);
#10915=FILL_AREA_STYLE_COLOUR('',#11166);
#10916=FILL_AREA_STYLE_COLOUR('',#11167);
#10917=FILL_AREA_STYLE_COLOUR('',#11167);
#10918=FILL_AREA_STYLE_COLOUR('',#11167);
#10919=FILL_AREA_STYLE_COLOUR('',#11167);
#10920=FILL_AREA_STYLE_COLOUR('',#11167);
#10921=FILL_AREA_STYLE_COLOUR('',#11167);
#10922=FILL_AREA_STYLE_COLOUR('',#11167);
#10923=FILL_AREA_STYLE_COLOUR('',#11167);
#10924=FILL_AREA_STYLE_COLOUR('',#11167);
#10925=FILL_AREA_STYLE_COLOUR('',#11167);
#10926=FILL_AREA_STYLE_COLOUR('',#11167);
#10927=FILL_AREA_STYLE_COLOUR('',#11167);
#10928=FILL_AREA_STYLE_COLOUR('',#11167);
#10929=FILL_AREA_STYLE_COLOUR('',#11167);
#10930=FILL_AREA_STYLE_COLOUR('',#11167);
#10931=FILL_AREA_STYLE_COLOUR('',#11167);
#10932=FILL_AREA_STYLE_COLOUR('',#11167);
#10933=FILL_AREA_STYLE_COLOUR('',#11167);
#10934=FILL_AREA_STYLE_COLOUR('',#11167);
#10935=FILL_AREA_STYLE_COLOUR('',#11167);
#10936=FILL_AREA_STYLE_COLOUR('',#11167);
#10937=FILL_AREA_STYLE_COLOUR('',#11167);
#10938=FILL_AREA_STYLE_COLOUR('',#11167);
#10939=FILL_AREA_STYLE_COLOUR('',#11167);
#10940=FILL_AREA_STYLE_COLOUR('',#11167);
#10941=FILL_AREA_STYLE_COLOUR('',#11167);
#10942=FILL_AREA_STYLE_COLOUR('',#11167);
#10943=FILL_AREA_STYLE_COLOUR('',#11167);
#10944=FILL_AREA_STYLE_COLOUR('',#11167);
#10945=FILL_AREA_STYLE_COLOUR('',#11167);
#10946=FILL_AREA_STYLE_COLOUR('',#11167);
#10947=FILL_AREA_STYLE_COLOUR('',#11167);
#10948=FILL_AREA_STYLE_COLOUR('',#11167);
#10949=FILL_AREA_STYLE_COLOUR('',#11167);
#10950=FILL_AREA_STYLE_COLOUR('',#11166);
#10951=FILL_AREA_STYLE_COLOUR('',#11167);
#10952=FILL_AREA_STYLE_COLOUR('',#11167);
#10953=FILL_AREA_STYLE_COLOUR('',#11167);
#10954=FILL_AREA_STYLE_COLOUR('',#11167);
#10955=FILL_AREA_STYLE_COLOUR('',#11167);
#10956=FILL_AREA_STYLE_COLOUR('',#11167);
#10957=FILL_AREA_STYLE_COLOUR('',#11167);
#10958=FILL_AREA_STYLE_COLOUR('',#11167);
#10959=FILL_AREA_STYLE_COLOUR('',#11167);
#10960=FILL_AREA_STYLE_COLOUR('',#11167);
#10961=FILL_AREA_STYLE_COLOUR('',#11167);
#10962=FILL_AREA_STYLE_COLOUR('',#11167);
#10963=FILL_AREA_STYLE_COLOUR('',#11167);
#10964=FILL_AREA_STYLE_COLOUR('',#11167);
#10965=FILL_AREA_STYLE_COLOUR('',#11167);
#10966=FILL_AREA_STYLE_COLOUR('',#11167);
#10967=FILL_AREA_STYLE_COLOUR('',#11166);
#10968=FILL_AREA_STYLE_COLOUR('',#11167);
#10969=FILL_AREA_STYLE_COLOUR('',#11167);
#10970=FILL_AREA_STYLE_COLOUR('',#11167);
#10971=FILL_AREA_STYLE_COLOUR('',#11167);
#10972=FILL_AREA_STYLE_COLOUR('',#11167);
#10973=FILL_AREA_STYLE_COLOUR('',#11167);
#10974=FILL_AREA_STYLE_COLOUR('',#11167);
#10975=FILL_AREA_STYLE_COLOUR('',#11167);
#10976=FILL_AREA_STYLE_COLOUR('',#11167);
#10977=FILL_AREA_STYLE_COLOUR('',#11167);
#10978=FILL_AREA_STYLE_COLOUR('',#11167);
#10979=FILL_AREA_STYLE_COLOUR('',#11167);
#10980=FILL_AREA_STYLE_COLOUR('',#11167);
#10981=FILL_AREA_STYLE_COLOUR('',#11167);
#10982=FILL_AREA_STYLE_COLOUR('',#11167);
#10983=FILL_AREA_STYLE_COLOUR('',#11167);
#10984=FILL_AREA_STYLE_COLOUR('',#11166);
#10985=FILL_AREA_STYLE_COLOUR('',#11167);
#10986=FILL_AREA_STYLE_COLOUR('',#11167);
#10987=FILL_AREA_STYLE_COLOUR('',#11167);
#10988=FILL_AREA_STYLE_COLOUR('',#11167);
#10989=FILL_AREA_STYLE_COLOUR('',#11167);
#10990=FILL_AREA_STYLE_COLOUR('',#11167);
#10991=FILL_AREA_STYLE_COLOUR('',#11167);
#10992=FILL_AREA_STYLE_COLOUR('',#11167);
#10993=FILL_AREA_STYLE_COLOUR('',#11167);
#10994=FILL_AREA_STYLE_COLOUR('',#11167);
#10995=FILL_AREA_STYLE_COLOUR('',#11167);
#10996=FILL_AREA_STYLE_COLOUR('',#11167);
#10997=FILL_AREA_STYLE_COLOUR('',#11167);
#10998=FILL_AREA_STYLE_COLOUR('',#11167);
#10999=FILL_AREA_STYLE_COLOUR('',#11167);
#11000=FILL_AREA_STYLE_COLOUR('',#11167);
#11001=FILL_AREA_STYLE_COLOUR('',#11166);
#11002=FILL_AREA_STYLE_COLOUR('',#11167);
#11003=FILL_AREA_STYLE_COLOUR('',#11167);
#11004=FILL_AREA_STYLE_COLOUR('',#11167);
#11005=FILL_AREA_STYLE_COLOUR('',#11167);
#11006=FILL_AREA_STYLE_COLOUR('',#11167);
#11007=FILL_AREA_STYLE_COLOUR('',#11167);
#11008=FILL_AREA_STYLE_COLOUR('',#11167);
#11009=FILL_AREA_STYLE_COLOUR('',#11167);
#11010=FILL_AREA_STYLE_COLOUR('',#11167);
#11011=FILL_AREA_STYLE_COLOUR('',#11167);
#11012=FILL_AREA_STYLE_COLOUR('',#11167);
#11013=FILL_AREA_STYLE_COLOUR('',#11167);
#11014=FILL_AREA_STYLE_COLOUR('',#11167);
#11015=FILL_AREA_STYLE_COLOUR('',#11167);
#11016=FILL_AREA_STYLE_COLOUR('',#11167);
#11017=FILL_AREA_STYLE_COLOUR('',#11167);
#11018=FILL_AREA_STYLE_COLOUR('',#11166);
#11019=FILL_AREA_STYLE_COLOUR('',#11167);
#11020=FILL_AREA_STYLE_COLOUR('',#11167);
#11021=FILL_AREA_STYLE_COLOUR('',#11167);
#11022=FILL_AREA_STYLE_COLOUR('',#11167);
#11023=FILL_AREA_STYLE_COLOUR('',#11167);
#11024=FILL_AREA_STYLE_COLOUR('',#11167);
#11025=FILL_AREA_STYLE_COLOUR('',#11167);
#11026=FILL_AREA_STYLE_COLOUR('',#11167);
#11027=FILL_AREA_STYLE_COLOUR('',#11167);
#11028=FILL_AREA_STYLE_COLOUR('',#11167);
#11029=FILL_AREA_STYLE_COLOUR('',#11167);
#11030=FILL_AREA_STYLE_COLOUR('',#11167);
#11031=FILL_AREA_STYLE_COLOUR('',#11167);
#11032=FILL_AREA_STYLE_COLOUR('',#11167);
#11033=FILL_AREA_STYLE_COLOUR('',#11167);
#11034=FILL_AREA_STYLE_COLOUR('',#11167);
#11035=FILL_AREA_STYLE_COLOUR('',#11167);
#11036=FILL_AREA_STYLE_COLOUR('',#11167);
#11037=FILL_AREA_STYLE_COLOUR('',#11167);
#11038=FILL_AREA_STYLE_COLOUR('',#11167);
#11039=FILL_AREA_STYLE_COLOUR('',#11167);
#11040=FILL_AREA_STYLE_COLOUR('',#11167);
#11041=FILL_AREA_STYLE_COLOUR('',#11167);
#11042=FILL_AREA_STYLE_COLOUR('',#11167);
#11043=FILL_AREA_STYLE_COLOUR('',#11167);
#11044=FILL_AREA_STYLE_COLOUR('',#11167);
#11045=FILL_AREA_STYLE_COLOUR('',#11167);
#11046=FILL_AREA_STYLE_COLOUR('',#11167);
#11047=FILL_AREA_STYLE_COLOUR('',#11167);
#11048=FILL_AREA_STYLE_COLOUR('',#11167);
#11049=FILL_AREA_STYLE_COLOUR('',#11167);
#11050=FILL_AREA_STYLE_COLOUR('',#11167);
#11051=FILL_AREA_STYLE_COLOUR('',#11167);
#11052=FILL_AREA_STYLE_COLOUR('',#11167);
#11053=FILL_AREA_STYLE_COLOUR('',#11167);
#11054=FILL_AREA_STYLE_COLOUR('',#11167);
#11055=FILL_AREA_STYLE_COLOUR('',#11167);
#11056=FILL_AREA_STYLE_COLOUR('',#11167);
#11057=FILL_AREA_STYLE_COLOUR('',#11167);
#11058=FILL_AREA_STYLE_COLOUR('',#11167);
#11059=FILL_AREA_STYLE_COLOUR('',#11167);
#11060=FILL_AREA_STYLE_COLOUR('',#11167);
#11061=FILL_AREA_STYLE_COLOUR('',#11167);
#11062=FILL_AREA_STYLE_COLOUR('',#11167);
#11063=FILL_AREA_STYLE_COLOUR('',#11167);
#11064=FILL_AREA_STYLE_COLOUR('',#11167);
#11065=FILL_AREA_STYLE_COLOUR('',#11167);
#11066=FILL_AREA_STYLE_COLOUR('',#11167);
#11067=FILL_AREA_STYLE_COLOUR('',#11167);
#11068=FILL_AREA_STYLE_COLOUR('',#11167);
#11069=FILL_AREA_STYLE_COLOUR('',#11167);
#11070=FILL_AREA_STYLE_COLOUR('',#11167);
#11071=FILL_AREA_STYLE_COLOUR('',#11167);
#11072=FILL_AREA_STYLE_COLOUR('',#11167);
#11073=FILL_AREA_STYLE_COLOUR('',#11167);
#11074=FILL_AREA_STYLE_COLOUR('',#11167);
#11075=FILL_AREA_STYLE_COLOUR('',#11167);
#11076=FILL_AREA_STYLE_COLOUR('',#11167);
#11077=FILL_AREA_STYLE_COLOUR('',#11167);
#11078=FILL_AREA_STYLE_COLOUR('',#11167);
#11079=FILL_AREA_STYLE_COLOUR('',#11167);
#11080=FILL_AREA_STYLE_COLOUR('',#11167);
#11081=FILL_AREA_STYLE_COLOUR('',#11167);
#11082=FILL_AREA_STYLE_COLOUR('',#11167);
#11083=FILL_AREA_STYLE_COLOUR('',#11167);
#11084=FILL_AREA_STYLE_COLOUR('',#11167);
#11085=FILL_AREA_STYLE_COLOUR('',#11167);
#11086=FILL_AREA_STYLE_COLOUR('',#11167);
#11087=FILL_AREA_STYLE_COLOUR('',#11167);
#11088=FILL_AREA_STYLE_COLOUR('',#11167);
#11089=FILL_AREA_STYLE_COLOUR('',#11167);
#11090=FILL_AREA_STYLE_COLOUR('',#11167);
#11091=FILL_AREA_STYLE_COLOUR('',#11167);
#11092=FILL_AREA_STYLE_COLOUR('',#11167);
#11093=FILL_AREA_STYLE_COLOUR('',#11167);
#11094=FILL_AREA_STYLE_COLOUR('',#11167);
#11095=FILL_AREA_STYLE_COLOUR('',#11167);
#11096=FILL_AREA_STYLE_COLOUR('',#11167);
#11097=FILL_AREA_STYLE_COLOUR('',#11167);
#11098=FILL_AREA_STYLE_COLOUR('',#11167);
#11099=FILL_AREA_STYLE_COLOUR('',#11167);
#11100=FILL_AREA_STYLE_COLOUR('',#11167);
#11101=FILL_AREA_STYLE_COLOUR('',#11167);
#11102=FILL_AREA_STYLE_COLOUR('',#11167);
#11103=FILL_AREA_STYLE_COLOUR('',#11167);
#11104=FILL_AREA_STYLE_COLOUR('',#11167);
#11105=FILL_AREA_STYLE_COLOUR('',#11167);
#11106=FILL_AREA_STYLE_COLOUR('',#11167);
#11107=FILL_AREA_STYLE_COLOUR('',#11167);
#11108=FILL_AREA_STYLE_COLOUR('',#11167);
#11109=FILL_AREA_STYLE_COLOUR('',#11167);
#11110=FILL_AREA_STYLE_COLOUR('',#11167);
#11111=FILL_AREA_STYLE_COLOUR('',#11167);
#11112=FILL_AREA_STYLE_COLOUR('',#11167);
#11113=FILL_AREA_STYLE_COLOUR('',#11167);
#11114=FILL_AREA_STYLE_COLOUR('',#11167);
#11115=FILL_AREA_STYLE_COLOUR('',#11167);
#11116=FILL_AREA_STYLE_COLOUR('',#11167);
#11117=FILL_AREA_STYLE_COLOUR('',#11167);
#11118=FILL_AREA_STYLE_COLOUR('',#11167);
#11119=FILL_AREA_STYLE_COLOUR('',#11167);
#11120=FILL_AREA_STYLE_COLOUR('',#11167);
#11121=FILL_AREA_STYLE_COLOUR('',#11167);
#11122=FILL_AREA_STYLE_COLOUR('',#11167);
#11123=FILL_AREA_STYLE_COLOUR('',#11167);
#11124=FILL_AREA_STYLE_COLOUR('',#11167);
#11125=FILL_AREA_STYLE_COLOUR('',#11167);
#11126=FILL_AREA_STYLE_COLOUR('',#11167);
#11127=FILL_AREA_STYLE_COLOUR('',#11167);
#11128=FILL_AREA_STYLE_COLOUR('',#11167);
#11129=FILL_AREA_STYLE_COLOUR('',#11167);
#11130=FILL_AREA_STYLE_COLOUR('',#11167);
#11131=FILL_AREA_STYLE_COLOUR('',#11167);
#11132=FILL_AREA_STYLE_COLOUR('',#11167);
#11133=FILL_AREA_STYLE_COLOUR('',#11167);
#11134=FILL_AREA_STYLE_COLOUR('',#11167);
#11135=FILL_AREA_STYLE_COLOUR('',#11167);
#11136=FILL_AREA_STYLE_COLOUR('',#11167);
#11137=FILL_AREA_STYLE_COLOUR('',#11167);
#11138=FILL_AREA_STYLE_COLOUR('',#11167);
#11139=FILL_AREA_STYLE_COLOUR('',#11167);
#11140=FILL_AREA_STYLE_COLOUR('',#11167);
#11141=FILL_AREA_STYLE_COLOUR('',#11167);
#11142=FILL_AREA_STYLE_COLOUR('',#11167);
#11143=FILL_AREA_STYLE_COLOUR('',#11167);
#11144=FILL_AREA_STYLE_COLOUR('',#11167);
#11145=FILL_AREA_STYLE_COLOUR('',#11167);
#11146=FILL_AREA_STYLE_COLOUR('',#11167);
#11147=FILL_AREA_STYLE_COLOUR('',#11167);
#11148=FILL_AREA_STYLE_COLOUR('',#11167);
#11149=FILL_AREA_STYLE_COLOUR('',#11167);
#11150=FILL_AREA_STYLE_COLOUR('',#11167);
#11151=FILL_AREA_STYLE_COLOUR('',#11167);
#11152=FILL_AREA_STYLE_COLOUR('',#11167);
#11153=FILL_AREA_STYLE_COLOUR('',#11166);
#11154=FILL_AREA_STYLE_COLOUR('',#11166);
#11155=FILL_AREA_STYLE_COLOUR('',#11166);
#11156=FILL_AREA_STYLE_COLOUR('',#11166);
#11157=FILL_AREA_STYLE_COLOUR('',#11166);
#11158=FILL_AREA_STYLE_COLOUR('',#11166);
#11159=FILL_AREA_STYLE_COLOUR('',#11167);
#11160=FILL_AREA_STYLE_COLOUR('',#11167);
#11161=FILL_AREA_STYLE_COLOUR('',#11166);
#11162=FILL_AREA_STYLE_COLOUR('',#11166);
#11163=FILL_AREA_STYLE_COLOUR('',#11166);
#11164=FILL_AREA_STYLE_COLOUR('',#11166);
#11165=FILL_AREA_STYLE_COLOUR('',#11166);
#11166=COLOUR_RGB('',0.889999985694885,0.430000007152557,0.0700000002980232);
#11167=COLOUR_RGB('',0.94999998807907,0.93000000715256,0.87999999523163);
#11168=COLOUR_RGB('',0.77999997138977,0.77999997138977,0.77999997138977);
#11169=ADVANCED_FACE('',(#7188),#7676,.F.);
#11170=ADVANCED_FACE('',(#7189),#7677,.F.);
#11171=ADVANCED_FACE('',(#7190),#7678,.F.);
#11172=ADVANCED_FACE('',(#7191),#7679,.F.);
#11173=ADVANCED_FACE('',(#7192),#7680,.F.);
#11174=ADVANCED_FACE('',(#7193),#7681,.F.);
#11175=ADVANCED_FACE('',(#7194),#7682,.T.);
#11176=ADVANCED_FACE('',(#7195),#7683,.F.);
#11177=ADVANCED_FACE('',(#7196),#7684,.T.);
#11178=ADVANCED_FACE('',(#7197),#7685,.F.);
#11179=ADVANCED_FACE('',(#7198),#7686,.T.);
#11180=ADVANCED_FACE('',(#7199),#7687,.F.);
#11181=ADVANCED_FACE('',(#7200),#7688,.T.);
#11182=ADVANCED_FACE('',(#7201),#7689,.F.);
#11183=ADVANCED_FACE('',(#7202),#7690,.T.);
#11184=ADVANCED_FACE('',(#7203),#7691,.F.);
#11185=ADVANCED_FACE('',(#7204),#7692,.T.);
#11186=ADVANCED_FACE('',(#7205),#7693,.F.);
#11187=ADVANCED_FACE('',(#7206),#7694,.F.);
#11188=ADVANCED_FACE('',(#7207),#7695,.F.);
#11189=ADVANCED_FACE('',(#7208),#7696,.F.);
#11190=ADVANCED_FACE('',(#7209),#7697,.F.);
#11191=ADVANCED_FACE('',(#7210),#7698,.F.);
#11192=ADVANCED_FACE('',(#7211),#7699,.F.);
#11193=ADVANCED_FACE('',(#7212),#7700,.F.);
#11194=ADVANCED_FACE('',(#7213),#7701,.F.);
#11195=ADVANCED_FACE('',(#7214),#7702,.F.);
#11196=ADVANCED_FACE('',(#7215),#7703,.F.);
#11197=ADVANCED_FACE('',(#7216),#7704,.F.);
#11198=ADVANCED_FACE('',(#7217),#7705,.F.);
#11199=ADVANCED_FACE('',(#7218),#7706,.F.);
#11200=ADVANCED_FACE('',(#7219),#7707,.F.);
#11201=ADVANCED_FACE('',(#7220),#7708,.F.);
#11202=ADVANCED_FACE('',(#7221),#7709,.F.);
#11203=ADVANCED_FACE('',(#7222),#7710,.F.);
#11204=ADVANCED_FACE('',(#7223),#7711,.F.);
#11205=ADVANCED_FACE('',(#7224),#7712,.F.);
#11206=ADVANCED_FACE('',(#7225),#7713,.F.);
#11207=ADVANCED_FACE('',(#7226),#7714,.F.);
#11208=ADVANCED_FACE('',(#7227),#7715,.T.);
#11209=ADVANCED_FACE('',(#7228),#7716,.T.);
#11210=ADVANCED_FACE('',(#7229),#7717,.T.);
#11211=ADVANCED_FACE('',(#7230),#7718,.T.);
#11212=ADVANCED_FACE('',(#7231),#7719,.T.);
#11213=ADVANCED_FACE('',(#7232),#7720,.T.);
#11214=ADVANCED_FACE('',(#7233),#7721,.T.);
#11215=ADVANCED_FACE('',(#7234),#7722,.T.);
#11216=ADVANCED_FACE('',(#7235),#7723,.T.);
#11217=ADVANCED_FACE('',(#7236),#7724,.T.);
#11218=ADVANCED_FACE('',(#7237),#7725,.F.);
#11219=ADVANCED_FACE('',(#7238),#7726,.T.);
#11220=ADVANCED_FACE('',(#7239),#7727,.F.);
#11221=ADVANCED_FACE('',(#7240),#7728,.F.);
#11222=ADVANCED_FACE('',(#7241),#7729,.F.);
#11223=ADVANCED_FACE('',(#7242),#7730,.F.);
#11224=ADVANCED_FACE('',(#7243),#7731,.F.);
#11225=ADVANCED_FACE('',(#7244),#7732,.F.);
#11226=ADVANCED_FACE('',(#7245),#7733,.F.);
#11227=ADVANCED_FACE('',(#7246),#7734,.F.);
#11228=ADVANCED_FACE('',(#7247),#7735,.F.);
#11229=ADVANCED_FACE('',(#7248),#7736,.F.);
#11230=ADVANCED_FACE('',(#7249),#7737,.F.);
#11231=ADVANCED_FACE('',(#7250),#7738,.F.);
#11232=ADVANCED_FACE('',(#7251),#7739,.F.);
#11233=ADVANCED_FACE('',(#7252),#7740,.F.);
#11234=ADVANCED_FACE('',(#7253),#7741,.F.);
#11235=ADVANCED_FACE('',(#7254),#7742,.F.);
#11236=ADVANCED_FACE('',(#7255),#7743,.F.);
#11237=ADVANCED_FACE('',(#7256),#7744,.F.);
#11238=ADVANCED_FACE('',(#7257),#7745,.F.);
#11239=ADVANCED_FACE('',(#7258,#7259,#7260,#7261,#7262,#7263,#7264,#7265,
#7266,#7267,#7268,#7269,#7270),#7746,.F.);
#11240=ADVANCED_FACE('',(#7271),#7747,.F.);
#11241=ADVANCED_FACE('',(#7272),#7748,.F.);
#11242=ADVANCED_FACE('',(#7273),#7749,.F.);
#11243=ADVANCED_FACE('',(#7274),#7750,.F.);
#11244=ADVANCED_FACE('',(#7275),#7751,.F.);
#11245=ADVANCED_FACE('',(#7276),#7752,.F.);
#11246=ADVANCED_FACE('',(#7277,#7278,#7279,#7280,#7281,#7282,#7283),#7753,
 .F.);
#11247=ADVANCED_FACE('',(#7284),#25,.T.);
#11248=ADVANCED_FACE('',(#7285),#7754,.F.);
#11249=ADVANCED_FACE('',(#7286,#7287,#7288,#7289,#7290,#7291,#7292,#7293,
#7294,#7295,#7296,#7297,#7298),#7755,.F.);
#11250=ADVANCED_FACE('',(#7299),#7756,.F.);
#11251=ADVANCED_FACE('',(#7300),#7757,.F.);
#11252=ADVANCED_FACE('',(#7301),#26,.T.);
#11253=ADVANCED_FACE('',(#7302,#7303),#7758,.F.);
#11254=ADVANCED_FACE('',(#7304,#7305,#7306,#7307,#7308,#7309),#7759,.T.);
#11255=ADVANCED_FACE('',(#7310,#7311),#27,.T.);
#11256=ADVANCED_FACE('',(#7312),#7760,.T.);
#11257=ADVANCED_FACE('',(#7313,#7314),#28,.T.);
#11258=ADVANCED_FACE('',(#7315),#7761,.T.);
#11259=ADVANCED_FACE('',(#7316,#7317),#29,.T.);
#11260=ADVANCED_FACE('',(#7318),#7762,.T.);
#11261=ADVANCED_FACE('',(#7319,#7320),#30,.T.);
#11262=ADVANCED_FACE('',(#7321),#7763,.T.);
#11263=ADVANCED_FACE('',(#7322,#7323),#31,.T.);
#11264=ADVANCED_FACE('',(#7324),#7764,.T.);
#11265=ADVANCED_FACE('',(#7325),#7765,.F.);
#11266=ADVANCED_FACE('',(#7326),#7766,.F.);
#11267=ADVANCED_FACE('',(#7327),#7767,.F.);
#11268=ADVANCED_FACE('',(#7328),#7768,.F.);
#11269=ADVANCED_FACE('',(#7329),#7769,.F.);
#11270=ADVANCED_FACE('',(#7330),#7770,.T.);
#11271=ADVANCED_FACE('',(#7331),#7771,.T.);
#11272=ADVANCED_FACE('',(#7332),#7772,.T.);
#11273=ADVANCED_FACE('',(#7333),#7773,.T.);
#11274=ADVANCED_FACE('',(#7334),#7774,.F.);
#11275=ADVANCED_FACE('',(#7335),#7775,.T.);
#11276=ADVANCED_FACE('',(#7336),#7776,.T.);
#11277=ADVANCED_FACE('',(#7337),#7777,.T.);
#11278=ADVANCED_FACE('',(#7338),#7778,.T.);
#11279=ADVANCED_FACE('',(#7339),#7779,.F.);
#11280=ADVANCED_FACE('',(#7340),#7780,.T.);
#11281=ADVANCED_FACE('',(#7341),#7781,.T.);
#11282=ADVANCED_FACE('',(#7342),#7782,.T.);
#11283=ADVANCED_FACE('',(#7343),#7783,.T.);
#11284=ADVANCED_FACE('',(#7344),#7784,.F.);
#11285=ADVANCED_FACE('',(#7345),#7785,.T.);
#11286=ADVANCED_FACE('',(#7346),#7786,.T.);
#11287=ADVANCED_FACE('',(#7347),#7787,.T.);
#11288=ADVANCED_FACE('',(#7348),#7788,.T.);
#11289=ADVANCED_FACE('',(#7349),#7789,.F.);
#11290=ADVANCED_FACE('',(#7350),#7790,.T.);
#11291=ADVANCED_FACE('',(#7351),#7791,.T.);
#11292=ADVANCED_FACE('',(#7352),#7792,.T.);
#11293=ADVANCED_FACE('',(#7353),#7793,.T.);
#11294=ADVANCED_FACE('',(#7354),#7794,.F.);
#11295=ADVANCED_FACE('',(#7355),#7795,.T.);
#11296=ADVANCED_FACE('',(#7356),#7796,.T.);
#11297=ADVANCED_FACE('',(#7357),#7797,.T.);
#11298=ADVANCED_FACE('',(#7358),#7798,.T.);
#11299=ADVANCED_FACE('',(#7359),#7799,.F.);
#11300=ADVANCED_FACE('',(#7360),#7800,.T.);
#11301=ADVANCED_FACE('',(#7361),#7801,.T.);
#11302=ADVANCED_FACE('',(#7362),#7802,.T.);
#11303=ADVANCED_FACE('',(#7363),#7803,.T.);
#11304=ADVANCED_FACE('',(#7364),#7804,.F.);
#11305=ADVANCED_FACE('',(#7365),#7805,.T.);
#11306=ADVANCED_FACE('',(#7366),#7806,.T.);
#11307=ADVANCED_FACE('',(#7367),#7807,.T.);
#11308=ADVANCED_FACE('',(#7368),#7808,.T.);
#11309=ADVANCED_FACE('',(#7369),#7809,.F.);
#11310=ADVANCED_FACE('',(#7370),#7810,.T.);
#11311=ADVANCED_FACE('',(#7371),#7811,.T.);
#11312=ADVANCED_FACE('',(#7372),#7812,.T.);
#11313=ADVANCED_FACE('',(#7373),#7813,.T.);
#11314=ADVANCED_FACE('',(#7374),#7814,.F.);
#11315=ADVANCED_FACE('',(#7375),#7815,.T.);
#11316=ADVANCED_FACE('',(#7376),#7816,.T.);
#11317=ADVANCED_FACE('',(#7377),#7817,.T.);
#11318=ADVANCED_FACE('',(#7378),#7818,.T.);
#11319=ADVANCED_FACE('',(#7379),#7819,.F.);
#11320=ADVANCED_FACE('',(#7380),#7820,.T.);
#11321=ADVANCED_FACE('',(#7381),#7821,.T.);
#11322=ADVANCED_FACE('',(#7382),#7822,.T.);
#11323=ADVANCED_FACE('',(#7383),#7823,.T.);
#11324=ADVANCED_FACE('',(#7384),#7824,.F.);
#11325=ADVANCED_FACE('',(#7385),#7825,.T.);
#11326=ADVANCED_FACE('',(#7386),#7826,.T.);
#11327=ADVANCED_FACE('',(#7387),#7827,.T.);
#11328=ADVANCED_FACE('',(#7388),#7828,.T.);
#11329=ADVANCED_FACE('',(#7389),#7829,.F.);
#11330=ADVANCED_FACE('',(#7390),#7830,.T.);
#11331=ADVANCED_FACE('',(#7391),#7831,.T.);
#11332=ADVANCED_FACE('',(#7392),#7832,.T.);
#11333=ADVANCED_FACE('',(#7393),#7833,.T.);
#11334=ADVANCED_FACE('',(#7394),#7834,.T.);
#11335=ADVANCED_FACE('',(#7395),#7835,.F.);
#11336=ADVANCED_FACE('',(#7396),#7836,.T.);
#11337=ADVANCED_FACE('',(#7397),#7837,.T.);
#11338=ADVANCED_FACE('',(#7398),#7838,.T.);
#11339=ADVANCED_FACE('',(#7399),#7839,.F.);
#11340=ADVANCED_FACE('',(#7400),#7840,.T.);
#11341=ADVANCED_FACE('',(#7401),#7841,.T.);
#11342=ADVANCED_FACE('',(#7402),#7842,.T.);
#11343=ADVANCED_FACE('',(#7403),#7843,.T.);
#11344=ADVANCED_FACE('',(#7404),#32,.T.);
#11345=ADVANCED_FACE('',(#7405),#7844,.F.);
#11346=ADVANCED_FACE('',(#7406),#7845,.T.);
#11347=ADVANCED_FACE('',(#7407),#7846,.F.);
#11348=ADVANCED_FACE('',(#7408),#7847,.F.);
#11349=ADVANCED_FACE('',(#7409),#7848,.F.);
#11350=ADVANCED_FACE('',(#7410),#7849,.F.);
#11351=ADVANCED_FACE('',(#7411),#7850,.F.);
#11352=ADVANCED_FACE('',(#7412),#7851,.F.);
#11353=ADVANCED_FACE('',(#7413),#7852,.F.);
#11354=ADVANCED_FACE('',(#7414),#7853,.F.);
#11355=ADVANCED_FACE('',(#7415),#7854,.F.);
#11356=ADVANCED_FACE('',(#7416),#7855,.F.);
#11357=ADVANCED_FACE('',(#7417),#7856,.F.);
#11358=ADVANCED_FACE('',(#7418),#7857,.F.);
#11359=ADVANCED_FACE('',(#7419),#7858,.F.);
#11360=ADVANCED_FACE('',(#7420),#7859,.F.);
#11361=ADVANCED_FACE('',(#7421),#7860,.F.);
#11362=ADVANCED_FACE('',(#7422),#7861,.F.);
#11363=ADVANCED_FACE('',(#7423),#7862,.F.);
#11364=ADVANCED_FACE('',(#7424),#7863,.F.);
#11365=ADVANCED_FACE('',(#7425),#7864,.F.);
#11366=ADVANCED_FACE('',(#7426),#7865,.F.);
#11367=ADVANCED_FACE('',(#7427),#33,.T.);
#11368=ADVANCED_FACE('',(#7428),#34,.T.);
#11369=ADVANCED_FACE('',(#7429),#35,.T.);
#11370=ADVANCED_FACE('',(#7430),#7866,.F.);
#11371=ADVANCED_FACE('',(#7431),#7867,.T.);
#11372=ADVANCED_FACE('',(#7432),#7868,.F.);
#11373=ADVANCED_FACE('',(#7433),#7869,.F.);
#11374=ADVANCED_FACE('',(#7434),#36,.T.);
#11375=ADVANCED_FACE('',(#7435),#7870,.F.);
#11376=ADVANCED_FACE('',(#7436),#37,.T.);
#11377=ADVANCED_FACE('',(#7437),#7871,.F.);
#11378=ADVANCED_FACE('',(#7438),#38,.F.);
#11379=ADVANCED_FACE('',(#7439),#7872,.F.);
#11380=ADVANCED_FACE('',(#7440),#39,.F.);
#11381=ADVANCED_FACE('',(#7441),#7873,.F.);
#11382=ADVANCED_FACE('',(#7442),#40,.T.);
#11383=ADVANCED_FACE('',(#7443),#7874,.F.);
#11384=ADVANCED_FACE('',(#7444),#41,.T.);
#11385=ADVANCED_FACE('',(#7445),#42,.T.);
#11386=ADVANCED_FACE('',(#7446),#7875,.F.);
#11387=ADVANCED_FACE('',(#7447),#43,.T.);
#11388=ADVANCED_FACE('',(#7448),#44,.T.);
#11389=ADVANCED_FACE('',(#7449),#7876,.F.);
#11390=ADVANCED_FACE('',(#7450),#45,.T.);
#11391=ADVANCED_FACE('',(#7451),#46,.T.);
#11392=ADVANCED_FACE('',(#7452),#7877,.F.);
#11393=ADVANCED_FACE('',(#7453),#47,.T.);
#11394=ADVANCED_FACE('',(#7454),#48,.T.);
#11395=ADVANCED_FACE('',(#7455),#7878,.F.);
#11396=ADVANCED_FACE('',(#7456),#49,.T.);
#11397=ADVANCED_FACE('',(#7457),#50,.T.);
#11398=ADVANCED_FACE('',(#7458),#7879,.F.);
#11399=ADVANCED_FACE('',(#7459),#51,.T.);
#11400=ADVANCED_FACE('',(#7460),#7880,.F.);
#11401=ADVANCED_FACE('',(#7461),#7881,.F.);
#11402=ADVANCED_FACE('',(#7462),#7882,.F.);
#11403=ADVANCED_FACE('',(#7463),#7883,.T.);
#11404=ADVANCED_FACE('',(#7464),#7884,.F.);
#11405=ADVANCED_FACE('',(#7465),#7885,.F.);
#11406=ADVANCED_FACE('',(#7466),#52,.T.);
#11407=ADVANCED_FACE('',(#7467),#7886,.F.);
#11408=ADVANCED_FACE('',(#7468),#53,.T.);
#11409=ADVANCED_FACE('',(#7469),#7887,.F.);
#11410=ADVANCED_FACE('',(#7470),#54,.F.);
#11411=ADVANCED_FACE('',(#7471),#55,.F.);
#11412=ADVANCED_FACE('',(#7472),#56,.F.);
#11413=ADVANCED_FACE('',(#7473),#7888,.F.);
#11414=ADVANCED_FACE('',(#7474),#57,.T.);
#11415=ADVANCED_FACE('',(#7475),#7889,.F.);
#11416=ADVANCED_FACE('',(#7476),#58,.T.);
#11417=ADVANCED_FACE('',(#7477),#7890,.F.);
#11418=ADVANCED_FACE('',(#7478),#7891,.F.);
#11419=ADVANCED_FACE('',(#7479),#7892,.F.);
#11420=ADVANCED_FACE('',(#7480),#7893,.T.);
#11421=ADVANCED_FACE('',(#7481),#7894,.F.);
#11422=ADVANCED_FACE('',(#7482),#7895,.F.);
#11423=ADVANCED_FACE('',(#7483),#59,.T.);
#11424=ADVANCED_FACE('',(#7484),#7896,.F.);
#11425=ADVANCED_FACE('',(#7485),#60,.T.);
#11426=ADVANCED_FACE('',(#7486),#7897,.F.);
#11427=ADVANCED_FACE('',(#7487),#61,.F.);
#11428=ADVANCED_FACE('',(#7488),#62,.F.);
#11429=ADVANCED_FACE('',(#7489),#63,.F.);
#11430=ADVANCED_FACE('',(#7490),#7898,.F.);
#11431=ADVANCED_FACE('',(#7491),#64,.T.);
#11432=ADVANCED_FACE('',(#7492),#7899,.F.);
#11433=ADVANCED_FACE('',(#7493),#65,.T.);
#11434=ADVANCED_FACE('',(#7494),#7900,.F.);
#11435=ADVANCED_FACE('',(#7495),#7901,.F.);
#11436=ADVANCED_FACE('',(#7496),#7902,.F.);
#11437=ADVANCED_FACE('',(#7497),#7903,.T.);
#11438=ADVANCED_FACE('',(#7498),#7904,.F.);
#11439=ADVANCED_FACE('',(#7499),#7905,.F.);
#11440=ADVANCED_FACE('',(#7500),#66,.T.);
#11441=ADVANCED_FACE('',(#7501),#7906,.F.);
#11442=ADVANCED_FACE('',(#7502),#67,.T.);
#11443=ADVANCED_FACE('',(#7503),#7907,.F.);
#11444=ADVANCED_FACE('',(#7504),#68,.F.);
#11445=ADVANCED_FACE('',(#7505),#69,.F.);
#11446=ADVANCED_FACE('',(#7506),#70,.F.);
#11447=ADVANCED_FACE('',(#7507),#7908,.F.);
#11448=ADVANCED_FACE('',(#7508),#71,.T.);
#11449=ADVANCED_FACE('',(#7509),#7909,.F.);
#11450=ADVANCED_FACE('',(#7510),#72,.T.);
#11451=ADVANCED_FACE('',(#7511),#7910,.F.);
#11452=ADVANCED_FACE('',(#7512),#7911,.F.);
#11453=ADVANCED_FACE('',(#7513),#7912,.F.);
#11454=ADVANCED_FACE('',(#7514),#7913,.T.);
#11455=ADVANCED_FACE('',(#7515),#7914,.F.);
#11456=ADVANCED_FACE('',(#7516),#7915,.F.);
#11457=ADVANCED_FACE('',(#7517),#73,.T.);
#11458=ADVANCED_FACE('',(#7518),#7916,.F.);
#11459=ADVANCED_FACE('',(#7519),#74,.T.);
#11460=ADVANCED_FACE('',(#7520),#7917,.F.);
#11461=ADVANCED_FACE('',(#7521),#75,.F.);
#11462=ADVANCED_FACE('',(#7522),#76,.F.);
#11463=ADVANCED_FACE('',(#7523),#77,.F.);
#11464=ADVANCED_FACE('',(#7524),#7918,.F.);
#11465=ADVANCED_FACE('',(#7525),#78,.T.);
#11466=ADVANCED_FACE('',(#7526),#7919,.F.);
#11467=ADVANCED_FACE('',(#7527),#79,.T.);
#11468=ADVANCED_FACE('',(#7528),#7920,.F.);
#11469=ADVANCED_FACE('',(#7529),#7921,.F.);
#11470=ADVANCED_FACE('',(#7530),#7922,.F.);
#11471=ADVANCED_FACE('',(#7531),#7923,.T.);
#11472=ADVANCED_FACE('',(#7532),#7924,.F.);
#11473=ADVANCED_FACE('',(#7533),#7925,.F.);
#11474=ADVANCED_FACE('',(#7534),#80,.T.);
#11475=ADVANCED_FACE('',(#7535),#7926,.F.);
#11476=ADVANCED_FACE('',(#7536),#81,.T.);
#11477=ADVANCED_FACE('',(#7537),#7927,.F.);
#11478=ADVANCED_FACE('',(#7538),#82,.F.);
#11479=ADVANCED_FACE('',(#7539),#83,.F.);
#11480=ADVANCED_FACE('',(#7540),#84,.F.);
#11481=ADVANCED_FACE('',(#7541),#7928,.F.);
#11482=ADVANCED_FACE('',(#7542),#85,.T.);
#11483=ADVANCED_FACE('',(#7543),#7929,.F.);
#11484=ADVANCED_FACE('',(#7544),#86,.T.);
#11485=ADVANCED_FACE('',(#7545),#7930,.F.);
#11486=ADVANCED_FACE('',(#7546),#7931,.F.);
#11487=ADVANCED_FACE('',(#7547),#87,.T.);
#11488=ADVANCED_FACE('',(#7548),#7932,.F.);
#11489=ADVANCED_FACE('',(#7549),#88,.T.);
#11490=ADVANCED_FACE('',(#7550),#7933,.F.);
#11491=ADVANCED_FACE('',(#7551),#89,.T.);
#11492=ADVANCED_FACE('',(#7552),#7934,.T.);
#11493=ADVANCED_FACE('',(#7553),#7935,.F.);
#11494=ADVANCED_FACE('',(#7554),#7936,.F.);
#11495=ADVANCED_FACE('',(#7555),#90,.T.);
#11496=ADVANCED_FACE('',(#7556),#7937,.F.);
#11497=ADVANCED_FACE('',(#7557),#7938,.F.);
#11498=ADVANCED_FACE('',(#7558),#91,.T.);
#11499=ADVANCED_FACE('',(#7559),#7939,.F.);
#11500=ADVANCED_FACE('',(#7560),#92,.T.);
#11501=ADVANCED_FACE('',(#7561),#7940,.F.);
#11502=ADVANCED_FACE('',(#7562),#93,.T.);
#11503=ADVANCED_FACE('',(#7563),#7941,.T.);
#11504=ADVANCED_FACE('',(#7564),#7942,.F.);
#11505=ADVANCED_FACE('',(#7565),#7943,.F.);
#11506=ADVANCED_FACE('',(#7566),#94,.T.);
#11507=ADVANCED_FACE('',(#7567),#7944,.F.);
#11508=ADVANCED_FACE('',(#7568),#7945,.F.);
#11509=ADVANCED_FACE('',(#7569),#95,.T.);
#11510=ADVANCED_FACE('',(#7570),#7946,.F.);
#11511=ADVANCED_FACE('',(#7571),#96,.T.);
#11512=ADVANCED_FACE('',(#7572),#7947,.F.);
#11513=ADVANCED_FACE('',(#7573),#97,.T.);
#11514=ADVANCED_FACE('',(#7574),#7948,.T.);
#11515=ADVANCED_FACE('',(#7575),#7949,.F.);
#11516=ADVANCED_FACE('',(#7576),#7950,.F.);
#11517=ADVANCED_FACE('',(#7577),#98,.T.);
#11518=ADVANCED_FACE('',(#7578),#7951,.F.);
#11519=ADVANCED_FACE('',(#7579),#7952,.F.);
#11520=ADVANCED_FACE('',(#7580),#99,.T.);
#11521=ADVANCED_FACE('',(#7581),#7953,.F.);
#11522=ADVANCED_FACE('',(#7582),#100,.T.);
#11523=ADVANCED_FACE('',(#7583),#7954,.F.);
#11524=ADVANCED_FACE('',(#7584),#101,.T.);
#11525=ADVANCED_FACE('',(#7585),#7955,.T.);
#11526=ADVANCED_FACE('',(#7586),#7956,.F.);
#11527=ADVANCED_FACE('',(#7587),#7957,.F.);
#11528=ADVANCED_FACE('',(#7588),#102,.T.);
#11529=ADVANCED_FACE('',(#7589),#7958,.F.);
#11530=ADVANCED_FACE('',(#7590),#7959,.F.);
#11531=ADVANCED_FACE('',(#7591),#103,.T.);
#11532=ADVANCED_FACE('',(#7592),#7960,.F.);
#11533=ADVANCED_FACE('',(#7593),#104,.T.);
#11534=ADVANCED_FACE('',(#7594),#7961,.F.);
#11535=ADVANCED_FACE('',(#7595),#105,.T.);
#11536=ADVANCED_FACE('',(#7596),#7962,.T.);
#11537=ADVANCED_FACE('',(#7597),#7963,.F.);
#11538=ADVANCED_FACE('',(#7598),#7964,.F.);
#11539=ADVANCED_FACE('',(#7599),#106,.T.);
#11540=ADVANCED_FACE('',(#7600),#7965,.F.);
#11541=ADVANCED_FACE('',(#7601),#7966,.F.);
#11542=ADVANCED_FACE('',(#7602),#107,.T.);
#11543=ADVANCED_FACE('',(#7603),#7967,.F.);
#11544=ADVANCED_FACE('',(#7604),#108,.T.);
#11545=ADVANCED_FACE('',(#7605),#7968,.F.);
#11546=ADVANCED_FACE('',(#7606),#109,.T.);
#11547=ADVANCED_FACE('',(#7607),#7969,.T.);
#11548=ADVANCED_FACE('',(#7608),#7970,.F.);
#11549=ADVANCED_FACE('',(#7609),#7971,.T.);
#11550=ADVANCED_FACE('',(#7610),#7972,.F.);
#11551=ADVANCED_FACE('',(#7611),#7973,.T.);
#11552=ADVANCED_FACE('',(#7612),#7974,.F.);
#11553=ADVANCED_FACE('',(#7613),#7975,.T.);
#11554=ADVANCED_FACE('',(#7614),#7976,.F.);
#11555=ADVANCED_FACE('',(#7615),#7977,.T.);
#11556=ADVANCED_FACE('',(#7616),#7978,.F.);
#11557=ADVANCED_FACE('',(#7617),#7979,.T.);
#11558=ADVANCED_FACE('',(#7618),#7980,.F.);
#11559=ADVANCED_FACE('',(#7619),#7981,.T.);
#11560=ADVANCED_FACE('',(#7620),#7982,.F.);
#11561=ADVANCED_FACE('',(#7621),#7983,.F.);
#11562=ADVANCED_FACE('',(#7622),#7984,.F.);
#11563=ADVANCED_FACE('',(#7623),#7985,.F.);
#11564=ADVANCED_FACE('',(#7624),#7986,.T.);
#11565=ADVANCED_FACE('',(#7625),#7987,.F.);
#11566=ADVANCED_FACE('',(#7626),#7988,.F.);
#11567=ADVANCED_FACE('',(#7627),#7989,.F.);
#11568=ADVANCED_FACE('',(#7628),#7990,.F.);
#11569=ADVANCED_FACE('',(#7629),#7991,.F.);
#11570=ADVANCED_FACE('',(#7630),#7992,.F.);
#11571=ADVANCED_FACE('',(#7631),#7993,.T.);
#11572=ADVANCED_FACE('',(#7632),#7994,.F.);
#11573=ADVANCED_FACE('',(#7633),#7995,.F.);
#11574=ADVANCED_FACE('',(#7634),#7996,.F.);
#11575=ADVANCED_FACE('',(#7635),#7997,.F.);
#11576=ADVANCED_FACE('',(#7636),#7998,.F.);
#11577=ADVANCED_FACE('',(#7637),#7999,.F.);
#11578=ADVANCED_FACE('',(#7638),#8000,.T.);
#11579=ADVANCED_FACE('',(#7639),#8001,.F.);
#11580=ADVANCED_FACE('',(#7640),#8002,.F.);
#11581=ADVANCED_FACE('',(#7641),#8003,.F.);
#11582=ADVANCED_FACE('',(#7642),#8004,.F.);
#11583=ADVANCED_FACE('',(#7643),#8005,.F.);
#11584=ADVANCED_FACE('',(#7644),#8006,.F.);
#11585=ADVANCED_FACE('',(#7645),#8007,.T.);
#11586=ADVANCED_FACE('',(#7646),#8008,.F.);
#11587=ADVANCED_FACE('',(#7647),#8009,.F.);
#11588=ADVANCED_FACE('',(#7648),#8010,.F.);
#11589=ADVANCED_FACE('',(#7649),#8011,.F.);
#11590=ADVANCED_FACE('',(#7650),#8012,.F.);
#11591=ADVANCED_FACE('',(#7651),#8013,.F.);
#11592=ADVANCED_FACE('',(#7652),#8014,.T.);
#11593=ADVANCED_FACE('',(#7653),#8015,.F.);
#11594=ADVANCED_FACE('',(#7654),#8016,.F.);
#11595=ADVANCED_FACE('',(#7655),#8017,.F.);
#11596=ADVANCED_FACE('',(#7656),#8018,.F.);
#11597=ADVANCED_FACE('',(#7657),#8019,.F.);
#11598=ADVANCED_FACE('',(#7658),#8020,.F.);
#11599=ADVANCED_FACE('',(#7659),#8021,.T.);
#11600=ADVANCED_FACE('',(#7660),#8022,.F.);
#11601=ADVANCED_FACE('',(#7661),#8023,.F.);
#11602=ADVANCED_FACE('',(#7662),#8024,.F.);
#11603=ADVANCED_FACE('',(#7663),#8025,.F.);
#11604=ADVANCED_FACE('',(#7664),#8026,.F.);
#11605=ADVANCED_FACE('',(#7665),#8027,.F.);
#11606=ADVANCED_FACE('',(#7666),#8028,.F.);
#11607=ADVANCED_FACE('',(#7667),#8029,.F.);
#11608=ADVANCED_FACE('',(#7668),#8030,.F.);
#11609=ADVANCED_FACE('',(#7669),#8031,.F.);
#11610=ADVANCED_FACE('',(#7670),#110,.F.);
#11611=ADVANCED_FACE('',(#7671),#8032,.F.);
#11612=ADVANCED_FACE('',(#7672),#8033,.F.);
#11613=ADVANCED_FACE('',(#7673),#8034,.T.);
#11614=ADVANCED_FACE('',(#7674),#8035,.F.);
#11615=ADVANCED_FACE('',(#7675),#8036,.F.);
#11616=CLOSED_SHELL('',(#11169,#11170,#11171,#11172,#11173,#11174,#11175,
#11176,#11177,#11178,#11179,#11180,#11181,#11182,#11183,#11184,#11185,#11186,
#11187,#11188,#11189,#11190,#11191,#11192,#11193,#11194,#11195,#11196,#11197,
#11198,#11199,#11200,#11201,#11202,#11203,#11204,#11205,#11206,#11207,#11208,
#11209,#11210,#11211,#11212,#11213,#11214,#11215,#11216,#11217,#11218,#11219,
#11220,#11221,#11222,#11223,#11224,#11225,#11226,#11227,#11228,#11229,#11230,
#11231,#11232,#11233,#11234,#11235,#11236,#11237,#11238,#11239,#11240,#11241,
#11242,#11243,#11244,#11245,#11246,#11247,#11248,#11249,#11250,#11251,#11252,
#11253,#11254,#11255,#11256,#11257,#11258,#11259,#11260,#11261,#11262,#11263,
#11264,#11265,#11266,#11267,#11268,#11269,#11270,#11271,#11272,#11273,#11274,
#11275,#11276,#11277,#11278,#11279,#11280,#11281,#11282,#11283,#11284,#11285,
#11286,#11287,#11288,#11289,#11290,#11291,#11292,#11293,#11294,#11295,#11296,
#11297,#11298,#11299,#11300,#11301,#11302,#11303,#11304,#11305,#11306,#11307,
#11308,#11309,#11310,#11311,#11312,#11313,#11314,#11315,#11316,#11317,#11318,
#11319,#11320,#11321,#11322,#11323,#11324,#11325,#11326,#11327,#11328,#11329,
#11330,#11331,#11332,#11333,#11334,#11335,#11336,#11337,#11338,#11339,#11340,
#11341,#11342,#11343,#11344,#11345,#11346,#11347,#11348,#11349,#11350,#11351,
#11352,#11353,#11354,#11355,#11356,#11357,#11358,#11359,#11360,#11361,#11362,
#11363,#11364,#11365,#11366,#11367,#11368,#11369,#11370,#11371,#11372,#11373,
#11374,#11375,#11376,#11377,#11378,#11379,#11380,#11381,#11382,#11383,#11384,
#11385,#11386,#11387,#11388,#11389,#11390,#11391,#11392,#11393,#11394,#11395,
#11396,#11397,#11398,#11399,#11400,#11401,#11402,#11403,#11404,#11405,#11406,
#11407,#11408,#11409,#11410,#11411,#11412,#11413,#11414,#11415,#11416,#11417,
#11418,#11419,#11420,#11421,#11422,#11423,#11424,#11425,#11426,#11427,#11428,
#11429,#11430,#11431,#11432,#11433,#11434,#11435,#11436,#11437,#11438,#11439,
#11440,#11441,#11442,#11443,#11444,#11445,#11446,#11447,#11448,#11449,#11450,
#11451,#11452,#11453,#11454,#11455,#11456,#11457,#11458,#11459,#11460,#11461,
#11462,#11463,#11464,#11465,#11466,#11467,#11468,#11469,#11470,#11471,#11472,
#11473,#11474,#11475,#11476,#11477,#11478,#11479,#11480,#11481,#11482,#11483,
#11484,#11485,#11486,#11487,#11488,#11489,#11490,#11491,#11492,#11493,#11494,
#11495,#11496,#11497,#11498,#11499,#11500,#11501,#11502,#11503,#11504,#11505,
#11506,#11507,#11508,#11509,#11510,#11511,#11512,#11513,#11514,#11515,#11516,
#11517,#11518,#11519,#11520,#11521,#11522,#11523,#11524,#11525,#11526,#11527,
#11528,#11529,#11530,#11531,#11532,#11533,#11534,#11535,#11536,#11537,#11538,
#11539,#11540,#11541,#11542,#11543,#11544,#11545,#11546,#11547,#11548,#11549,
#11550,#11551,#11552,#11553,#11554,#11555,#11556,#11557,#11558,#11559,#11560,
#11561,#11562,#11563,#11564,#11565,#11566,#11567,#11568,#11569,#11570,#11571,
#11572,#11573,#11574,#11575,#11576,#11577,#11578,#11579,#11580,#11581,#11582,
#11583,#11584,#11585,#11586,#11587,#11588,#11589,#11590,#11591,#11592,#11593,
#11594,#11595,#11596,#11597,#11598,#11599,#11600,#11601,#11602,#11603,#11604,
#11605,#11606,#11607,#11608));
#11617=CLOSED_SHELL('',(#11609,#11610,#11611,#11612,#11613,#11614,#11615));
#11618=BREP_WITH_VOIDS('233-506',#11616,(#12));
#11619=SHAPE_DEFINITION_REPRESENTATION(#17041,#11620);
#11620=SHAPE_REPRESENTATION('233-506',(#11621),#17036);
#11621=AXIS2_PLACEMENT_3D('',#14585,#12278,#12279);
#11622=AXIS2_PLACEMENT_3D('',#14586,#12280,#12281);
#11623=AXIS2_PLACEMENT_3D('',#14603,#12290,#12291);
#11624=AXIS2_PLACEMENT_3D('',#14620,#12300,#12301);
#11625=AXIS2_PLACEMENT_3D('',#14637,#12310,#12311);
#11626=AXIS2_PLACEMENT_3D('',#14654,#12320,#12321);
#11627=AXIS2_PLACEMENT_3D('',#14671,#12330,#12331);
#11628=AXIS2_PLACEMENT_3D('',#14688,#12340,#12341);
#11629=AXIS2_PLACEMENT_3D('',#14695,#12346,#12347);
#11630=AXIS2_PLACEMENT_3D('',#14701,#12351,#12352);
#11631=AXIS2_PLACEMENT_3D('',#14708,#12357,#12358);
#11632=AXIS2_PLACEMENT_3D('',#14714,#12362,#12363);
#11633=AXIS2_PLACEMENT_3D('',#14721,#12368,#12369);
#11634=AXIS2_PLACEMENT_3D('',#14727,#12373,#12374);
#11635=AXIS2_PLACEMENT_3D('',#14734,#12379,#12380);
#11636=AXIS2_PLACEMENT_3D('',#14740,#12384,#12385);
#11637=AXIS2_PLACEMENT_3D('',#14747,#12390,#12391);
#11638=AXIS2_PLACEMENT_3D('',#14753,#12395,#12396);
#11639=AXIS2_PLACEMENT_3D('',#14760,#12401,#12402);
#11640=AXIS2_PLACEMENT_3D('',#14766,#12406,#12407);
#11641=AXIS2_PLACEMENT_3D('',#14775,#12412,#12413);
#11642=AXIS2_PLACEMENT_3D('',#14784,#12418,#12419);
#11643=AXIS2_PLACEMENT_3D('',#14793,#12424,#12425);
#11644=AXIS2_PLACEMENT_3D('',#14802,#12430,#12431);
#11645=AXIS2_PLACEMENT_3D('',#14811,#12436,#12437);
#11646=AXIS2_PLACEMENT_3D('',#14820,#12442,#12443);
#11647=AXIS2_PLACEMENT_3D('',#14833,#12450,#12451);
#11648=AXIS2_PLACEMENT_3D('',#14843,#12457,#12458);
#11649=AXIS2_PLACEMENT_3D('',#14853,#12464,#12465);
#11650=AXIS2_PLACEMENT_3D('',#14866,#12472,#12473);
#11651=AXIS2_PLACEMENT_3D('',#14876,#12479,#12480);
#11652=AXIS2_PLACEMENT_3D('',#14886,#12486,#12487);
#11653=AXIS2_PLACEMENT_3D('',#14899,#12494,#12495);
#11654=AXIS2_PLACEMENT_3D('',#14909,#12501,#12502);
#11655=AXIS2_PLACEMENT_3D('',#14919,#12508,#12509);
#11656=AXIS2_PLACEMENT_3D('',#14932,#12516,#12517);
#11657=AXIS2_PLACEMENT_3D('',#14942,#12523,#12524);
#11658=AXIS2_PLACEMENT_3D('',#14952,#12530,#12531);
#11659=AXIS2_PLACEMENT_3D('',#14965,#12538,#12539);
#11660=AXIS2_PLACEMENT_3D('',#14975,#12545,#12546);
#11661=AXIS2_PLACEMENT_3D('',#14985,#12552,#12553);
#11662=AXIS2_PLACEMENT_3D('',#14986,#12554,#12555);
#11663=AXIS2_PLACEMENT_3D('',#14993,#12559,#12560);
#11664=AXIS2_PLACEMENT_3D('',#14994,#12561,#12562);
#11665=AXIS2_PLACEMENT_3D('',#14999,#12565,#12566);
#11666=AXIS2_PLACEMENT_3D('',#15000,#12567,#12568);
#11667=AXIS2_PLACEMENT_3D('',#15007,#12572,#12573);
#11668=AXIS2_PLACEMENT_3D('',#15008,#12574,#12575);
#11669=AXIS2_PLACEMENT_3D('',#15013,#12578,#12579);
#11670=AXIS2_PLACEMENT_3D('',#15014,#12580,#12581);
#11671=AXIS2_PLACEMENT_3D('',#15021,#12585,#12586);
#11672=AXIS2_PLACEMENT_3D('',#15022,#12587,#12588);
#11673=AXIS2_PLACEMENT_3D('',#15027,#12591,#12592);
#11674=AXIS2_PLACEMENT_3D('',#15028,#12593,#12594);
#11675=AXIS2_PLACEMENT_3D('',#15035,#12598,#12599);
#11676=AXIS2_PLACEMENT_3D('',#15036,#12600,#12601);
#11677=AXIS2_PLACEMENT_3D('',#15041,#12604,#12605);
#11678=AXIS2_PLACEMENT_3D('',#15042,#12606,#12607);
#11679=AXIS2_PLACEMENT_3D('',#15049,#12611,#12612);
#11680=AXIS2_PLACEMENT_3D('',#15050,#12613,#12614);
#11681=AXIS2_PLACEMENT_3D('',#15055,#12617,#12618);
#11682=AXIS2_PLACEMENT_3D('',#15064,#12623,#12624);
#11683=AXIS2_PLACEMENT_3D('',#15065,#12625,#12626);
#11684=AXIS2_PLACEMENT_3D('',#15072,#12630,#12631);
#11685=AXIS2_PLACEMENT_3D('',#15076,#12633,#12634);
#11686=AXIS2_PLACEMENT_3D('',#15080,#12637,#12638);
#11687=AXIS2_PLACEMENT_3D('',#15089,#12643,#12644);
#11688=AXIS2_PLACEMENT_3D('',#15095,#12648,#12649);
#11689=AXIS2_PLACEMENT_3D('',#15101,#12653,#12654);
#11690=AXIS2_PLACEMENT_3D('',#15110,#12659,#12660);
#11691=AXIS2_PLACEMENT_3D('',#15116,#12664,#12665);
#11692=AXIS2_PLACEMENT_3D('',#15122,#12669,#12670);
#11693=AXIS2_PLACEMENT_3D('',#15131,#12675,#12676);
#11694=AXIS2_PLACEMENT_3D('',#15137,#12680,#12681);
#11695=AXIS2_PLACEMENT_3D('',#15143,#12685,#12686);
#11696=AXIS2_PLACEMENT_3D('',#15152,#12691,#12692);
#11697=AXIS2_PLACEMENT_3D('',#15158,#12696,#12697);
#11698=AXIS2_PLACEMENT_3D('',#15164,#12701,#12702);
#11699=AXIS2_PLACEMENT_3D('',#15173,#12707,#12708);
#11700=AXIS2_PLACEMENT_3D('',#15179,#12712,#12713);
#11701=AXIS2_PLACEMENT_3D('',#15185,#12717,#12718);
#11702=AXIS2_PLACEMENT_3D('',#15194,#12723,#12724);
#11703=AXIS2_PLACEMENT_3D('',#15200,#12728,#12729);
#11704=AXIS2_PLACEMENT_3D('',#15206,#12733,#12734);
#11705=AXIS2_PLACEMENT_3D('',#15247,#12767,#12768);
#11706=AXIS2_PLACEMENT_3D('',#15249,#12770,#12771);
#11707=AXIS2_PLACEMENT_3D('',#15253,#12774,#12775);
#11708=AXIS2_PLACEMENT_3D('',#15257,#12778,#12779);
#11709=AXIS2_PLACEMENT_3D('',#15261,#12782,#12783);
#11710=AXIS2_PLACEMENT_3D('',#15265,#12786,#12787);
#11711=AXIS2_PLACEMENT_3D('',#15269,#12790,#12791);
#11712=AXIS2_PLACEMENT_3D('',#15331,#12828,#12829);
#11713=AXIS2_PLACEMENT_3D('',#15332,#12830,#12831);
#11714=AXIS2_PLACEMENT_3D('',#15336,#12833,#12834);
#11715=AXIS2_PLACEMENT_3D('',#15337,#12835,#12836);
#11716=AXIS2_PLACEMENT_3D('',#15343,#12840,#12841);
#11717=AXIS2_PLACEMENT_3D('',#15445,#12893,#12894);
#11718=AXIS2_PLACEMENT_3D('',#15451,#12898,#12899);
#11719=AXIS2_PLACEMENT_3D('',#15454,#12902,#12903);
#11720=AXIS2_PLACEMENT_3D('',#15455,#12904,#12905);
#11721=AXIS2_PLACEMENT_3D('',#15456,#12906,#12907);
#11722=AXIS2_PLACEMENT_3D('',#15457,#12908,#12909);
#11723=AXIS2_PLACEMENT_3D('',#15472,#12918,#12919);
#11724=AXIS2_PLACEMENT_3D('',#15482,#12924,#12925);
#11725=AXIS2_PLACEMENT_3D('',#15483,#12926,#12927);
#11726=AXIS2_PLACEMENT_3D('',#15485,#12928,#12929);
#11727=AXIS2_PLACEMENT_3D('',#15487,#12930,#12931);
#11728=AXIS2_PLACEMENT_3D('',#15489,#12932,#12933);
#11729=AXIS2_PLACEMENT_3D('',#15491,#12934,#12935);
#11730=AXIS2_PLACEMENT_3D('',#15493,#12936,#12937);
#11731=AXIS2_PLACEMENT_3D('',#15494,#12938,#12939);
#11732=AXIS2_PLACEMENT_3D('',#15496,#12940,#12941);
#11733=AXIS2_PLACEMENT_3D('',#15497,#12942,#12943);
#11734=AXIS2_PLACEMENT_3D('',#15498,#12944,#12945);
#11735=AXIS2_PLACEMENT_3D('',#15500,#12946,#12947);
#11736=AXIS2_PLACEMENT_3D('',#15501,#12948,#12949);
#11737=AXIS2_PLACEMENT_3D('',#15502,#12950,#12951);
#11738=AXIS2_PLACEMENT_3D('',#15504,#12952,#12953);
#11739=AXIS2_PLACEMENT_3D('',#15505,#12954,#12955);
#11740=AXIS2_PLACEMENT_3D('',#15506,#12956,#12957);
#11741=AXIS2_PLACEMENT_3D('',#15508,#12958,#12959);
#11742=AXIS2_PLACEMENT_3D('',#15509,#12960,#12961);
#11743=AXIS2_PLACEMENT_3D('',#15510,#12962,#12963);
#11744=AXIS2_PLACEMENT_3D('',#15512,#12964,#12965);
#11745=AXIS2_PLACEMENT_3D('',#15513,#12966,#12967);
#11746=AXIS2_PLACEMENT_3D('',#15514,#12968,#12969);
#11747=AXIS2_PLACEMENT_3D('',#15515,#12970,#12971);
#11748=AXIS2_PLACEMENT_3D('',#15516,#12972,#12973);
#11749=AXIS2_PLACEMENT_3D('',#15517,#12974,#12975);
#11750=AXIS2_PLACEMENT_3D('',#15518,#12976,#12977);
#11751=AXIS2_PLACEMENT_3D('',#15524,#12981,#12982);
#11752=AXIS2_PLACEMENT_3D('',#15528,#12985,#12986);
#11753=AXIS2_PLACEMENT_3D('',#15532,#12989,#12990);
#11754=AXIS2_PLACEMENT_3D('',#15534,#12992,#12993);
#11755=AXIS2_PLACEMENT_3D('',#15535,#12994,#12995);
#11756=AXIS2_PLACEMENT_3D('',#15541,#12999,#13000);
#11757=AXIS2_PLACEMENT_3D('',#15545,#13003,#13004);
#11758=AXIS2_PLACEMENT_3D('',#15549,#13007,#13008);
#11759=AXIS2_PLACEMENT_3D('',#15551,#13010,#13011);
#11760=AXIS2_PLACEMENT_3D('',#15552,#13012,#13013);
#11761=AXIS2_PLACEMENT_3D('',#15558,#13017,#13018);
#11762=AXIS2_PLACEMENT_3D('',#15562,#13021,#13022);
#11763=AXIS2_PLACEMENT_3D('',#15566,#13025,#13026);
#11764=AXIS2_PLACEMENT_3D('',#15568,#13028,#13029);
#11765=AXIS2_PLACEMENT_3D('',#15569,#13030,#13031);
#11766=AXIS2_PLACEMENT_3D('',#15575,#13035,#13036);
#11767=AXIS2_PLACEMENT_3D('',#15579,#13039,#13040);
#11768=AXIS2_PLACEMENT_3D('',#15583,#13043,#13044);
#11769=AXIS2_PLACEMENT_3D('',#15585,#13046,#13047);
#11770=AXIS2_PLACEMENT_3D('',#15586,#13048,#13049);
#11771=AXIS2_PLACEMENT_3D('',#15592,#13053,#13054);
#11772=AXIS2_PLACEMENT_3D('',#15596,#13057,#13058);
#11773=AXIS2_PLACEMENT_3D('',#15600,#13061,#13062);
#11774=AXIS2_PLACEMENT_3D('',#15602,#13064,#13065);
#11775=AXIS2_PLACEMENT_3D('',#15603,#13066,#13067);
#11776=AXIS2_PLACEMENT_3D('',#15609,#13071,#13072);
#11777=AXIS2_PLACEMENT_3D('',#15613,#13075,#13076);
#11778=AXIS2_PLACEMENT_3D('',#15617,#13079,#13080);
#11779=AXIS2_PLACEMENT_3D('',#15619,#13082,#13083);
#11780=AXIS2_PLACEMENT_3D('',#15620,#13084,#13085);
#11781=AXIS2_PLACEMENT_3D('',#15626,#13089,#13090);
#11782=AXIS2_PLACEMENT_3D('',#15630,#13093,#13094);
#11783=AXIS2_PLACEMENT_3D('',#15634,#13097,#13098);
#11784=AXIS2_PLACEMENT_3D('',#15636,#13100,#13101);
#11785=AXIS2_PLACEMENT_3D('',#15637,#13102,#13103);
#11786=AXIS2_PLACEMENT_3D('',#15643,#13107,#13108);
#11787=AXIS2_PLACEMENT_3D('',#15647,#13111,#13112);
#11788=AXIS2_PLACEMENT_3D('',#15651,#13115,#13116);
#11789=AXIS2_PLACEMENT_3D('',#15653,#13118,#13119);
#11790=AXIS2_PLACEMENT_3D('',#15654,#13120,#13121);
#11791=AXIS2_PLACEMENT_3D('',#15660,#13125,#13126);
#11792=AXIS2_PLACEMENT_3D('',#15664,#13129,#13130);
#11793=AXIS2_PLACEMENT_3D('',#15668,#13133,#13134);
#11794=AXIS2_PLACEMENT_3D('',#15670,#13136,#13137);
#11795=AXIS2_PLACEMENT_3D('',#15671,#13138,#13139);
#11796=AXIS2_PLACEMENT_3D('',#15677,#13143,#13144);
#11797=AXIS2_PLACEMENT_3D('',#15681,#13147,#13148);
#11798=AXIS2_PLACEMENT_3D('',#15685,#13151,#13152);
#11799=AXIS2_PLACEMENT_3D('',#15687,#13154,#13155);
#11800=AXIS2_PLACEMENT_3D('',#15688,#13156,#13157);
#11801=AXIS2_PLACEMENT_3D('',#15694,#13161,#13162);
#11802=AXIS2_PLACEMENT_3D('',#15698,#13165,#13166);
#11803=AXIS2_PLACEMENT_3D('',#15702,#13169,#13170);
#11804=AXIS2_PLACEMENT_3D('',#15704,#13172,#13173);
#11805=AXIS2_PLACEMENT_3D('',#15705,#13174,#13175);
#11806=AXIS2_PLACEMENT_3D('',#15711,#13179,#13180);
#11807=AXIS2_PLACEMENT_3D('',#15715,#13183,#13184);
#11808=AXIS2_PLACEMENT_3D('',#15719,#13187,#13188);
#11809=AXIS2_PLACEMENT_3D('',#15721,#13190,#13191);
#11810=AXIS2_PLACEMENT_3D('',#15722,#13192,#13193);
#11811=AXIS2_PLACEMENT_3D('',#15726,#13196,#13197);
#11812=AXIS2_PLACEMENT_3D('',#15730,#13200,#13201);
#11813=AXIS2_PLACEMENT_3D('',#15734,#13204,#13205);
#11814=AXIS2_PLACEMENT_3D('',#15738,#13208,#13209);
#11815=AXIS2_PLACEMENT_3D('',#15740,#13211,#13212);
#11816=AXIS2_PLACEMENT_3D('',#15741,#13213,#13214);
#11817=AXIS2_PLACEMENT_3D('',#15745,#13217,#13218);
#11818=AXIS2_PLACEMENT_3D('',#15749,#13221,#13222);
#11819=AXIS2_PLACEMENT_3D('',#15751,#13224,#13225);
#11820=AXIS2_PLACEMENT_3D('',#15752,#13226,#13227);
#11821=AXIS2_PLACEMENT_3D('',#15758,#13231,#13232);
#11822=AXIS2_PLACEMENT_3D('',#15766,#13237,#13238);
#11823=AXIS2_PLACEMENT_3D('',#15770,#13241,#13242);
#11824=AXIS2_PLACEMENT_3D('',#15774,#13245,#13246);
#11825=AXIS2_PLACEMENT_3D('',#15775,#13247,#13248);
#11826=AXIS2_PLACEMENT_3D('',#15779,#13250,#13251);
#11827=AXIS2_PLACEMENT_3D('',#15780,#13252,#13253);
#11828=AXIS2_PLACEMENT_3D('',#15782,#13255,#13256);
#11829=AXIS2_PLACEMENT_3D('',#15784,#13258,#13259);
#11830=AXIS2_PLACEMENT_3D('',#15785,#13260,#13261);
#11831=AXIS2_PLACEMENT_3D('',#15786,#13262,#13263);
#11832=AXIS2_PLACEMENT_3D('',#15787,#13264,#13265);
#11833=AXIS2_PLACEMENT_3D('',#15788,#13266,#13267);
#11834=AXIS2_PLACEMENT_3D('',#15789,#13268,#13269);
#11835=AXIS2_PLACEMENT_3D('',#15790,#13270,#13271);
#11836=AXIS2_PLACEMENT_3D('',#15791,#13272,#13273);
#11837=AXIS2_PLACEMENT_3D('',#15792,#13274,#13275);
#11838=AXIS2_PLACEMENT_3D('',#15793,#13276,#13277);
#11839=AXIS2_PLACEMENT_3D('',#15794,#13278,#13279);
#11840=AXIS2_PLACEMENT_3D('',#15795,#13280,#13281);
#11841=AXIS2_PLACEMENT_3D('',#15796,#13282,#13283);
#11842=AXIS2_PLACEMENT_3D('',#15797,#13284,#13285);
#11843=AXIS2_PLACEMENT_3D('',#15798,#13286,#13287);
#11844=AXIS2_PLACEMENT_3D('',#15799,#13288,#13289);
#11845=AXIS2_PLACEMENT_3D('',#15800,#13290,#13291);
#11846=AXIS2_PLACEMENT_3D('',#15801,#13292,#13293);
#11847=AXIS2_PLACEMENT_3D('',#15802,#13294,#13295);
#11848=AXIS2_PLACEMENT_3D('',#15803,#13296,#13297);
#11849=AXIS2_PLACEMENT_3D('',#15812,#13302,#13303);
#11850=AXIS2_PLACEMENT_3D('',#15813,#13304,#13305);
#11851=AXIS2_PLACEMENT_3D('',#15814,#13306,#13307);
#11852=AXIS2_PLACEMENT_3D('',#15815,#13308,#13309);
#11853=AXIS2_PLACEMENT_3D('',#15816,#13310,#13311);
#11854=AXIS2_PLACEMENT_3D('',#15817,#13312,#13313);
#11855=AXIS2_PLACEMENT_3D('',#15818,#13314,#13315);
#11856=AXIS2_PLACEMENT_3D('',#15820,#13317,#13318);
#11857=AXIS2_PLACEMENT_3D('',#15826,#13322,#13323);
#11858=AXIS2_PLACEMENT_3D('',#15830,#13325,#13326);
#11859=AXIS2_PLACEMENT_3D('',#15834,#13328,#13329);
#11860=AXIS2_PLACEMENT_3D('',#15838,#13331,#13332);
#11861=AXIS2_PLACEMENT_3D('',#15841,#13334,#13335);
#11862=AXIS2_PLACEMENT_3D('',#15845,#13337,#13338);
#11863=AXIS2_PLACEMENT_3D('',#15846,#13339,#13340);
#11864=AXIS2_PLACEMENT_3D('',#15850,#13342,#13343);
#11865=AXIS2_PLACEMENT_3D('',#15851,#13344,#13345);
#11866=AXIS2_PLACEMENT_3D('',#15852,#13346,#13347);
#11867=AXIS2_PLACEMENT_3D('',#15857,#13349,#13350);
#11868=AXIS2_PLACEMENT_3D('',#15861,#13352,#13353);
#11869=AXIS2_PLACEMENT_3D('',#15862,#13354,#13355);
#11870=AXIS2_PLACEMENT_3D('',#15866,#13357,#13358);
#11871=AXIS2_PLACEMENT_3D('',#15869,#13360,#13361);
#11872=AXIS2_PLACEMENT_3D('',#15873,#13363,#13364);
#11873=AXIS2_PLACEMENT_3D('',#15876,#13366,#13367);
#11874=AXIS2_PLACEMENT_3D('',#15885,#13372,#13373);
#11875=AXIS2_PLACEMENT_3D('',#15886,#13374,#13375);
#11876=AXIS2_PLACEMENT_3D('',#15892,#13379,#13380);
#11877=AXIS2_PLACEMENT_3D('',#15893,#13381,#13382);
#11878=AXIS2_PLACEMENT_3D('',#15895,#13384,#13385);
#11879=AXIS2_PLACEMENT_3D('',#15897,#13387,#13388);
#11880=AXIS2_PLACEMENT_3D('',#15899,#13390,#13391);
#11881=AXIS2_PLACEMENT_3D('',#15901,#13393,#13394);
#11882=AXIS2_PLACEMENT_3D('',#15902,#13395,#13396);
#11883=AXIS2_PLACEMENT_3D('',#15904,#13398,#13399);
#11884=AXIS2_PLACEMENT_3D('',#15906,#13401,#13402);
#11885=AXIS2_PLACEMENT_3D('',#15907,#13403,#13404);
#11886=AXIS2_PLACEMENT_3D('',#15916,#13409,#13410);
#11887=AXIS2_PLACEMENT_3D('',#15917,#13411,#13412);
#11888=AXIS2_PLACEMENT_3D('',#15918,#13413,#13414);
#11889=AXIS2_PLACEMENT_3D('',#15919,#13415,#13416);
#11890=AXIS2_PLACEMENT_3D('',#15920,#13417,#13418);
#11891=AXIS2_PLACEMENT_3D('',#15921,#13419,#13420);
#11892=AXIS2_PLACEMENT_3D('',#15922,#13421,#13422);
#11893=AXIS2_PLACEMENT_3D('',#15931,#13427,#13428);
#11894=AXIS2_PLACEMENT_3D('',#15932,#13429,#13430);
#11895=AXIS2_PLACEMENT_3D('',#15933,#13431,#13432);
#11896=AXIS2_PLACEMENT_3D('',#15934,#13433,#13434);
#11897=AXIS2_PLACEMENT_3D('',#15935,#13435,#13436);
#11898=AXIS2_PLACEMENT_3D('',#15936,#13437,#13438);
#11899=AXIS2_PLACEMENT_3D('',#15937,#13439,#13440);
#11900=AXIS2_PLACEMENT_3D('',#15946,#13445,#13446);
#11901=AXIS2_PLACEMENT_3D('',#15947,#13447,#13448);
#11902=AXIS2_PLACEMENT_3D('',#15948,#13449,#13450);
#11903=AXIS2_PLACEMENT_3D('',#15949,#13451,#13452);
#11904=AXIS2_PLACEMENT_3D('',#15950,#13453,#13454);
#11905=AXIS2_PLACEMENT_3D('',#15951,#13455,#13456);
#11906=AXIS2_PLACEMENT_3D('',#15952,#13457,#13458);
#11907=AXIS2_PLACEMENT_3D('',#15961,#13463,#13464);
#11908=AXIS2_PLACEMENT_3D('',#15962,#13465,#13466);
#11909=AXIS2_PLACEMENT_3D('',#15963,#13467,#13468);
#11910=AXIS2_PLACEMENT_3D('',#15964,#13469,#13470);
#11911=AXIS2_PLACEMENT_3D('',#15965,#13471,#13472);
#11912=AXIS2_PLACEMENT_3D('',#15966,#13473,#13474);
#11913=AXIS2_PLACEMENT_3D('',#15967,#13475,#13476);
#11914=AXIS2_PLACEMENT_3D('',#15976,#13481,#13482);
#11915=AXIS2_PLACEMENT_3D('',#15977,#13483,#13484);
#11916=AXIS2_PLACEMENT_3D('',#15978,#13485,#13486);
#11917=AXIS2_PLACEMENT_3D('',#15979,#13487,#13488);
#11918=AXIS2_PLACEMENT_3D('',#15980,#13489,#13490);
#11919=AXIS2_PLACEMENT_3D('',#15981,#13491,#13492);
#11920=AXIS2_PLACEMENT_3D('',#15982,#13493,#13494);
#11921=AXIS2_PLACEMENT_3D('',#15990,#13499,#13500);
#11922=AXIS2_PLACEMENT_3D('',#15991,#13501,#13502);
#11923=AXIS2_PLACEMENT_3D('',#15992,#13503,#13504);
#11924=AXIS2_PLACEMENT_3D('',#15996,#13507,#13508);
#11925=AXIS2_PLACEMENT_3D('',#16002,#13512,#13513);
#11926=AXIS2_PLACEMENT_3D('',#16006,#13516,#13517);
#11927=AXIS2_PLACEMENT_3D('',#16010,#13519,#13520);
#11928=AXIS2_PLACEMENT_3D('',#16014,#13522,#13523);
#11929=AXIS2_PLACEMENT_3D('',#16018,#13525,#13526);
#11930=AXIS2_PLACEMENT_3D('',#16019,#13527,#13528);
#11931=AXIS2_PLACEMENT_3D('',#16020,#13529,#13530);
#11932=AXIS2_PLACEMENT_3D('',#16024,#13532,#13533);
#11933=AXIS2_PLACEMENT_3D('',#16025,#13534,#13535);
#11934=AXIS2_PLACEMENT_3D('',#16029,#13537,#13538);
#11935=AXIS2_PLACEMENT_3D('',#16030,#13539,#13540);
#11936=AXIS2_PLACEMENT_3D('',#16031,#13541,#13542);
#11937=AXIS2_PLACEMENT_3D('',#16036,#13544,#13545);
#11938=AXIS2_PLACEMENT_3D('',#16040,#13547,#13548);
#11939=AXIS2_PLACEMENT_3D('',#16041,#13549,#13550);
#11940=AXIS2_PLACEMENT_3D('',#16045,#13552,#13553);
#11941=AXIS2_PLACEMENT_3D('',#16046,#13554,#13555);
#11942=AXIS2_PLACEMENT_3D('',#16050,#13557,#13558);
#11943=AXIS2_PLACEMENT_3D('',#16053,#13560,#13561);
#11944=AXIS2_PLACEMENT_3D('',#16062,#13566,#13567);
#11945=AXIS2_PLACEMENT_3D('',#16063,#13568,#13569);
#11946=AXIS2_PLACEMENT_3D('',#16069,#13573,#13574);
#11947=AXIS2_PLACEMENT_3D('',#16070,#13575,#13576);
#11948=AXIS2_PLACEMENT_3D('',#16072,#13578,#13579);
#11949=AXIS2_PLACEMENT_3D('',#16074,#13581,#13582);
#11950=AXIS2_PLACEMENT_3D('',#16076,#13584,#13585);
#11951=AXIS2_PLACEMENT_3D('',#16077,#13586,#13587);
#11952=AXIS2_PLACEMENT_3D('',#16078,#13588,#13589);
#11953=AXIS2_PLACEMENT_3D('',#16080,#13591,#13592);
#11954=AXIS2_PLACEMENT_3D('',#16082,#13594,#13595);
#11955=AXIS2_PLACEMENT_3D('',#16083,#13596,#13597);
#11956=AXIS2_PLACEMENT_3D('',#16091,#13602,#13603);
#11957=AXIS2_PLACEMENT_3D('',#16092,#13604,#13605);
#11958=AXIS2_PLACEMENT_3D('',#16093,#13606,#13607);
#11959=AXIS2_PLACEMENT_3D('',#16097,#13610,#13611);
#11960=AXIS2_PLACEMENT_3D('',#16103,#13615,#13616);
#11961=AXIS2_PLACEMENT_3D('',#16107,#13619,#13620);
#11962=AXIS2_PLACEMENT_3D('',#16111,#13622,#13623);
#11963=AXIS2_PLACEMENT_3D('',#16115,#13625,#13626);
#11964=AXIS2_PLACEMENT_3D('',#16119,#13628,#13629);
#11965=AXIS2_PLACEMENT_3D('',#16120,#13630,#13631);
#11966=AXIS2_PLACEMENT_3D('',#16121,#13632,#13633);
#11967=AXIS2_PLACEMENT_3D('',#16125,#13635,#13636);
#11968=AXIS2_PLACEMENT_3D('',#16126,#13637,#13638);
#11969=AXIS2_PLACEMENT_3D('',#16130,#13640,#13641);
#11970=AXIS2_PLACEMENT_3D('',#16131,#13642,#13643);
#11971=AXIS2_PLACEMENT_3D('',#16132,#13644,#13645);
#11972=AXIS2_PLACEMENT_3D('',#16137,#13647,#13648);
#11973=AXIS2_PLACEMENT_3D('',#16141,#13650,#13651);
#11974=AXIS2_PLACEMENT_3D('',#16142,#13652,#13653);
#11975=AXIS2_PLACEMENT_3D('',#16146,#13655,#13656);
#11976=AXIS2_PLACEMENT_3D('',#16147,#13657,#13658);
#11977=AXIS2_PLACEMENT_3D('',#16151,#13660,#13661);
#11978=AXIS2_PLACEMENT_3D('',#16154,#13663,#13664);
#11979=AXIS2_PLACEMENT_3D('',#16163,#13669,#13670);
#11980=AXIS2_PLACEMENT_3D('',#16164,#13671,#13672);
#11981=AXIS2_PLACEMENT_3D('',#16170,#13676,#13677);
#11982=AXIS2_PLACEMENT_3D('',#16171,#13678,#13679);
#11983=AXIS2_PLACEMENT_3D('',#16173,#13681,#13682);
#11984=AXIS2_PLACEMENT_3D('',#16175,#13684,#13685);
#11985=AXIS2_PLACEMENT_3D('',#16177,#13687,#13688);
#11986=AXIS2_PLACEMENT_3D('',#16178,#13689,#13690);
#11987=AXIS2_PLACEMENT_3D('',#16179,#13691,#13692);
#11988=AXIS2_PLACEMENT_3D('',#16181,#13694,#13695);
#11989=AXIS2_PLACEMENT_3D('',#16183,#13697,#13698);
#11990=AXIS2_PLACEMENT_3D('',#16184,#13699,#13700);
#11991=AXIS2_PLACEMENT_3D('',#16192,#13705,#13706);
#11992=AXIS2_PLACEMENT_3D('',#16193,#13707,#13708);
#11993=AXIS2_PLACEMENT_3D('',#16194,#13709,#13710);
#11994=AXIS2_PLACEMENT_3D('',#16198,#13713,#13714);
#11995=AXIS2_PLACEMENT_3D('',#16204,#13718,#13719);
#11996=AXIS2_PLACEMENT_3D('',#16208,#13722,#13723);
#11997=AXIS2_PLACEMENT_3D('',#16212,#13725,#13726);
#11998=AXIS2_PLACEMENT_3D('',#16216,#13728,#13729);
#11999=AXIS2_PLACEMENT_3D('',#16220,#13731,#13732);
#12000=AXIS2_PLACEMENT_3D('',#16221,#13733,#13734);
#12001=AXIS2_PLACEMENT_3D('',#16222,#13735,#13736);
#12002=AXIS2_PLACEMENT_3D('',#16226,#13738,#13739);
#12003=AXIS2_PLACEMENT_3D('',#16227,#13740,#13741);
#12004=AXIS2_PLACEMENT_3D('',#16231,#13743,#13744);
#12005=AXIS2_PLACEMENT_3D('',#16232,#13745,#13746);
#12006=AXIS2_PLACEMENT_3D('',#16233,#13747,#13748);
#12007=AXIS2_PLACEMENT_3D('',#16238,#13750,#13751);
#12008=AXIS2_PLACEMENT_3D('',#16242,#13753,#13754);
#12009=AXIS2_PLACEMENT_3D('',#16243,#13755,#13756);
#12010=AXIS2_PLACEMENT_3D('',#16247,#13758,#13759);
#12011=AXIS2_PLACEMENT_3D('',#16248,#13760,#13761);
#12012=AXIS2_PLACEMENT_3D('',#16252,#13763,#13764);
#12013=AXIS2_PLACEMENT_3D('',#16255,#13766,#13767);
#12014=AXIS2_PLACEMENT_3D('',#16264,#13772,#13773);
#12015=AXIS2_PLACEMENT_3D('',#16265,#13774,#13775);
#12016=AXIS2_PLACEMENT_3D('',#16271,#13779,#13780);
#12017=AXIS2_PLACEMENT_3D('',#16272,#13781,#13782);
#12018=AXIS2_PLACEMENT_3D('',#16274,#13784,#13785);
#12019=AXIS2_PLACEMENT_3D('',#16276,#13787,#13788);
#12020=AXIS2_PLACEMENT_3D('',#16278,#13790,#13791);
#12021=AXIS2_PLACEMENT_3D('',#16279,#13792,#13793);
#12022=AXIS2_PLACEMENT_3D('',#16280,#13794,#13795);
#12023=AXIS2_PLACEMENT_3D('',#16282,#13797,#13798);
#12024=AXIS2_PLACEMENT_3D('',#16284,#13800,#13801);
#12025=AXIS2_PLACEMENT_3D('',#16285,#13802,#13803);
#12026=AXIS2_PLACEMENT_3D('',#16293,#13808,#13809);
#12027=AXIS2_PLACEMENT_3D('',#16294,#13810,#13811);
#12028=AXIS2_PLACEMENT_3D('',#16295,#13812,#13813);
#12029=AXIS2_PLACEMENT_3D('',#16299,#13816,#13817);
#12030=AXIS2_PLACEMENT_3D('',#16305,#13821,#13822);
#12031=AXIS2_PLACEMENT_3D('',#16309,#13825,#13826);
#12032=AXIS2_PLACEMENT_3D('',#16313,#13828,#13829);
#12033=AXIS2_PLACEMENT_3D('',#16317,#13831,#13832);
#12034=AXIS2_PLACEMENT_3D('',#16321,#13834,#13835);
#12035=AXIS2_PLACEMENT_3D('',#16322,#13836,#13837);
#12036=AXIS2_PLACEMENT_3D('',#16323,#13838,#13839);
#12037=AXIS2_PLACEMENT_3D('',#16327,#13841,#13842);
#12038=AXIS2_PLACEMENT_3D('',#16328,#13843,#13844);
#12039=AXIS2_PLACEMENT_3D('',#16332,#13846,#13847);
#12040=AXIS2_PLACEMENT_3D('',#16333,#13848,#13849);
#12041=AXIS2_PLACEMENT_3D('',#16334,#13850,#13851);
#12042=AXIS2_PLACEMENT_3D('',#16339,#13853,#13854);
#12043=AXIS2_PLACEMENT_3D('',#16343,#13856,#13857);
#12044=AXIS2_PLACEMENT_3D('',#16344,#13858,#13859);
#12045=AXIS2_PLACEMENT_3D('',#16348,#13861,#13862);
#12046=AXIS2_PLACEMENT_3D('',#16349,#13863,#13864);
#12047=AXIS2_PLACEMENT_3D('',#16353,#13866,#13867);
#12048=AXIS2_PLACEMENT_3D('',#16356,#13869,#13870);
#12049=AXIS2_PLACEMENT_3D('',#16365,#13875,#13876);
#12050=AXIS2_PLACEMENT_3D('',#16366,#13877,#13878);
#12051=AXIS2_PLACEMENT_3D('',#16372,#13882,#13883);
#12052=AXIS2_PLACEMENT_3D('',#16373,#13884,#13885);
#12053=AXIS2_PLACEMENT_3D('',#16375,#13887,#13888);
#12054=AXIS2_PLACEMENT_3D('',#16377,#13890,#13891);
#12055=AXIS2_PLACEMENT_3D('',#16379,#13893,#13894);
#12056=AXIS2_PLACEMENT_3D('',#16380,#13895,#13896);
#12057=AXIS2_PLACEMENT_3D('',#16381,#13897,#13898);
#12058=AXIS2_PLACEMENT_3D('',#16383,#13900,#13901);
#12059=AXIS2_PLACEMENT_3D('',#16385,#13903,#13904);
#12060=AXIS2_PLACEMENT_3D('',#16386,#13905,#13906);
#12061=AXIS2_PLACEMENT_3D('',#16394,#13911,#13912);
#12062=AXIS2_PLACEMENT_3D('',#16395,#13913,#13914);
#12063=AXIS2_PLACEMENT_3D('',#16396,#13915,#13916);
#12064=AXIS2_PLACEMENT_3D('',#16400,#13919,#13920);
#12065=AXIS2_PLACEMENT_3D('',#16406,#13924,#13925);
#12066=AXIS2_PLACEMENT_3D('',#16410,#13928,#13929);
#12067=AXIS2_PLACEMENT_3D('',#16414,#13931,#13932);
#12068=AXIS2_PLACEMENT_3D('',#16418,#13934,#13935);
#12069=AXIS2_PLACEMENT_3D('',#16422,#13937,#13938);
#12070=AXIS2_PLACEMENT_3D('',#16423,#13939,#13940);
#12071=AXIS2_PLACEMENT_3D('',#16424,#13941,#13942);
#12072=AXIS2_PLACEMENT_3D('',#16428,#13944,#13945);
#12073=AXIS2_PLACEMENT_3D('',#16429,#13946,#13947);
#12074=AXIS2_PLACEMENT_3D('',#16433,#13949,#13950);
#12075=AXIS2_PLACEMENT_3D('',#16434,#13951,#13952);
#12076=AXIS2_PLACEMENT_3D('',#16435,#13953,#13954);
#12077=AXIS2_PLACEMENT_3D('',#16440,#13956,#13957);
#12078=AXIS2_PLACEMENT_3D('',#16444,#13959,#13960);
#12079=AXIS2_PLACEMENT_3D('',#16445,#13961,#13962);
#12080=AXIS2_PLACEMENT_3D('',#16449,#13964,#13965);
#12081=AXIS2_PLACEMENT_3D('',#16450,#13966,#13967);
#12082=AXIS2_PLACEMENT_3D('',#16454,#13969,#13970);
#12083=AXIS2_PLACEMENT_3D('',#16457,#13972,#13973);
#12084=AXIS2_PLACEMENT_3D('',#16466,#13978,#13979);
#12085=AXIS2_PLACEMENT_3D('',#16467,#13980,#13981);
#12086=AXIS2_PLACEMENT_3D('',#16473,#13985,#13986);
#12087=AXIS2_PLACEMENT_3D('',#16474,#13987,#13988);
#12088=AXIS2_PLACEMENT_3D('',#16476,#13990,#13991);
#12089=AXIS2_PLACEMENT_3D('',#16478,#13993,#13994);
#12090=AXIS2_PLACEMENT_3D('',#16480,#13996,#13997);
#12091=AXIS2_PLACEMENT_3D('',#16481,#13998,#13999);
#12092=AXIS2_PLACEMENT_3D('',#16482,#14000,#14001);
#12093=AXIS2_PLACEMENT_3D('',#16484,#14003,#14004);
#12094=AXIS2_PLACEMENT_3D('',#16486,#14006,#14007);
#12095=AXIS2_PLACEMENT_3D('',#16487,#14008,#14009);
#12096=AXIS2_PLACEMENT_3D('',#16491,#14012,#14013);
#12097=AXIS2_PLACEMENT_3D('',#16494,#14015,#14016);
#12098=AXIS2_PLACEMENT_3D('',#16495,#14017,#14018);
#12099=AXIS2_PLACEMENT_3D('',#16499,#14021,#14022);
#12100=AXIS2_PLACEMENT_3D('',#16503,#14025,#14026);
#12101=AXIS2_PLACEMENT_3D('',#16506,#14028,#14029);
#12102=AXIS2_PLACEMENT_3D('',#16507,#14030,#14031);
#12103=AXIS2_PLACEMENT_3D('',#16511,#14034,#14035);
#12104=AXIS2_PLACEMENT_3D('',#16515,#14037,#14038);
#12105=AXIS2_PLACEMENT_3D('',#16519,#14040,#14041);
#12106=AXIS2_PLACEMENT_3D('',#16520,#14042,#14043);
#12107=AXIS2_PLACEMENT_3D('',#16524,#14045,#14046);
#12108=AXIS2_PLACEMENT_3D('',#16525,#14047,#14048);
#12109=AXIS2_PLACEMENT_3D('',#16536,#14055,#14056);
#12110=AXIS2_PLACEMENT_3D('',#16537,#14057,#14058);
#12111=AXIS2_PLACEMENT_3D('',#16538,#14059,#14060);
#12112=AXIS2_PLACEMENT_3D('',#16539,#14061,#14062);
#12113=AXIS2_PLACEMENT_3D('',#16540,#14063,#14064);
#12114=AXIS2_PLACEMENT_3D('',#16541,#14065,#14066);
#12115=AXIS2_PLACEMENT_3D('',#16545,#14069,#14070);
#12116=AXIS2_PLACEMENT_3D('',#16548,#14072,#14073);
#12117=AXIS2_PLACEMENT_3D('',#16549,#14074,#14075);
#12118=AXIS2_PLACEMENT_3D('',#16553,#14078,#14079);
#12119=AXIS2_PLACEMENT_3D('',#16557,#14082,#14083);
#12120=AXIS2_PLACEMENT_3D('',#16560,#14085,#14086);
#12121=AXIS2_PLACEMENT_3D('',#16561,#14087,#14088);
#12122=AXIS2_PLACEMENT_3D('',#16565,#14091,#14092);
#12123=AXIS2_PLACEMENT_3D('',#16569,#14094,#14095);
#12124=AXIS2_PLACEMENT_3D('',#16573,#14097,#14098);
#12125=AXIS2_PLACEMENT_3D('',#16574,#14099,#14100);
#12126=AXIS2_PLACEMENT_3D('',#16578,#14102,#14103);
#12127=AXIS2_PLACEMENT_3D('',#16579,#14104,#14105);
#12128=AXIS2_PLACEMENT_3D('',#16590,#14112,#14113);
#12129=AXIS2_PLACEMENT_3D('',#16591,#14114,#14115);
#12130=AXIS2_PLACEMENT_3D('',#16592,#14116,#14117);
#12131=AXIS2_PLACEMENT_3D('',#16593,#14118,#14119);
#12132=AXIS2_PLACEMENT_3D('',#16594,#14120,#14121);
#12133=AXIS2_PLACEMENT_3D('',#16595,#14122,#14123);
#12134=AXIS2_PLACEMENT_3D('',#16599,#14126,#14127);
#12135=AXIS2_PLACEMENT_3D('',#16602,#14129,#14130);
#12136=AXIS2_PLACEMENT_3D('',#16603,#14131,#14132);
#12137=AXIS2_PLACEMENT_3D('',#16607,#14135,#14136);
#12138=AXIS2_PLACEMENT_3D('',#16611,#14139,#14140);
#12139=AXIS2_PLACEMENT_3D('',#16614,#14142,#14143);
#12140=AXIS2_PLACEMENT_3D('',#16615,#14144,#14145);
#12141=AXIS2_PLACEMENT_3D('',#16619,#14148,#14149);
#12142=AXIS2_PLACEMENT_3D('',#16623,#14151,#14152);
#12143=AXIS2_PLACEMENT_3D('',#16627,#14154,#14155);
#12144=AXIS2_PLACEMENT_3D('',#16628,#14156,#14157);
#12145=AXIS2_PLACEMENT_3D('',#16632,#14159,#14160);
#12146=AXIS2_PLACEMENT_3D('',#16633,#14161,#14162);
#12147=AXIS2_PLACEMENT_3D('',#16644,#14169,#14170);
#12148=AXIS2_PLACEMENT_3D('',#16645,#14171,#14172);
#12149=AXIS2_PLACEMENT_3D('',#16646,#14173,#14174);
#12150=AXIS2_PLACEMENT_3D('',#16647,#14175,#14176);
#12151=AXIS2_PLACEMENT_3D('',#16648,#14177,#14178);
#12152=AXIS2_PLACEMENT_3D('',#16649,#14179,#14180);
#12153=AXIS2_PLACEMENT_3D('',#16653,#14183,#14184);
#12154=AXIS2_PLACEMENT_3D('',#16656,#14186,#14187);
#12155=AXIS2_PLACEMENT_3D('',#16657,#14188,#14189);
#12156=AXIS2_PLACEMENT_3D('',#16661,#14192,#14193);
#12157=AXIS2_PLACEMENT_3D('',#16665,#14196,#14197);
#12158=AXIS2_PLACEMENT_3D('',#16668,#14199,#14200);
#12159=AXIS2_PLACEMENT_3D('',#16669,#14201,#14202);
#12160=AXIS2_PLACEMENT_3D('',#16673,#14205,#14206);
#12161=AXIS2_PLACEMENT_3D('',#16677,#14208,#14209);
#12162=AXIS2_PLACEMENT_3D('',#16681,#14211,#14212);
#12163=AXIS2_PLACEMENT_3D('',#16682,#14213,#14214);
#12164=AXIS2_PLACEMENT_3D('',#16686,#14216,#14217);
#12165=AXIS2_PLACEMENT_3D('',#16687,#14218,#14219);
#12166=AXIS2_PLACEMENT_3D('',#16698,#14226,#14227);
#12167=AXIS2_PLACEMENT_3D('',#16699,#14228,#14229);
#12168=AXIS2_PLACEMENT_3D('',#16700,#14230,#14231);
#12169=AXIS2_PLACEMENT_3D('',#16701,#14232,#14233);
#12170=AXIS2_PLACEMENT_3D('',#16702,#14234,#14235);
#12171=AXIS2_PLACEMENT_3D('',#16703,#14236,#14237);
#12172=AXIS2_PLACEMENT_3D('',#16707,#14240,#14241);
#12173=AXIS2_PLACEMENT_3D('',#16710,#14243,#14244);
#12174=AXIS2_PLACEMENT_3D('',#16711,#14245,#14246);
#12175=AXIS2_PLACEMENT_3D('',#16715,#14249,#14250);
#12176=AXIS2_PLACEMENT_3D('',#16719,#14253,#14254);
#12177=AXIS2_PLACEMENT_3D('',#16722,#14256,#14257);
#12178=AXIS2_PLACEMENT_3D('',#16723,#14258,#14259);
#12179=AXIS2_PLACEMENT_3D('',#16727,#14262,#14263);
#12180=AXIS2_PLACEMENT_3D('',#16731,#14265,#14266);
#12181=AXIS2_PLACEMENT_3D('',#16735,#14268,#14269);
#12182=AXIS2_PLACEMENT_3D('',#16736,#14270,#14271);
#12183=AXIS2_PLACEMENT_3D('',#16740,#14273,#14274);
#12184=AXIS2_PLACEMENT_3D('',#16741,#14275,#14276);
#12185=AXIS2_PLACEMENT_3D('',#16752,#14283,#14284);
#12186=AXIS2_PLACEMENT_3D('',#16753,#14285,#14286);
#12187=AXIS2_PLACEMENT_3D('',#16754,#14287,#14288);
#12188=AXIS2_PLACEMENT_3D('',#16755,#14289,#14290);
#12189=AXIS2_PLACEMENT_3D('',#16756,#14291,#14292);
#12190=AXIS2_PLACEMENT_3D('',#16757,#14293,#14294);
#12191=AXIS2_PLACEMENT_3D('',#16761,#14297,#14298);
#12192=AXIS2_PLACEMENT_3D('',#16764,#14300,#14301);
#12193=AXIS2_PLACEMENT_3D('',#16765,#14302,#14303);
#12194=AXIS2_PLACEMENT_3D('',#16769,#14306,#14307);
#12195=AXIS2_PLACEMENT_3D('',#16773,#14310,#14311);
#12196=AXIS2_PLACEMENT_3D('',#16776,#14313,#14314);
#12197=AXIS2_PLACEMENT_3D('',#16777,#14315,#14316);
#12198=AXIS2_PLACEMENT_3D('',#16781,#14319,#14320);
#12199=AXIS2_PLACEMENT_3D('',#16785,#14322,#14323);
#12200=AXIS2_PLACEMENT_3D('',#16789,#14325,#14326);
#12201=AXIS2_PLACEMENT_3D('',#16790,#14327,#14328);
#12202=AXIS2_PLACEMENT_3D('',#16794,#14330,#14331);
#12203=AXIS2_PLACEMENT_3D('',#16795,#14332,#14333);
#12204=AXIS2_PLACEMENT_3D('',#16806,#14340,#14341);
#12205=AXIS2_PLACEMENT_3D('',#16807,#14342,#14343);
#12206=AXIS2_PLACEMENT_3D('',#16808,#14344,#14345);
#12207=AXIS2_PLACEMENT_3D('',#16809,#14346,#14347);
#12208=AXIS2_PLACEMENT_3D('',#16810,#14348,#14349);
#12209=AXIS2_PLACEMENT_3D('',#16811,#14350,#14351);
#12210=AXIS2_PLACEMENT_3D('',#16812,#14352,#14353);
#12211=AXIS2_PLACEMENT_3D('',#16813,#14354,#14355);
#12212=AXIS2_PLACEMENT_3D('',#16814,#14356,#14357);
#12213=AXIS2_PLACEMENT_3D('',#16815,#14358,#14359);
#12214=AXIS2_PLACEMENT_3D('',#16816,#14360,#14361);
#12215=AXIS2_PLACEMENT_3D('',#16817,#14362,#14363);
#12216=AXIS2_PLACEMENT_3D('',#16818,#14364,#14365);
#12217=AXIS2_PLACEMENT_3D('',#16819,#14366,#14367);
#12218=AXIS2_PLACEMENT_3D('',#16820,#14368,#14369);
#12219=AXIS2_PLACEMENT_3D('',#16821,#14370,#14371);
#12220=AXIS2_PLACEMENT_3D('',#16822,#14372,#14373);
#12221=AXIS2_PLACEMENT_3D('',#16823,#14374,#14375);
#12222=AXIS2_PLACEMENT_3D('',#16833,#14381,#14382);
#12223=AXIS2_PLACEMENT_3D('',#16837,#14385,#14386);
#12224=AXIS2_PLACEMENT_3D('',#16841,#14389,#14390);
#12225=AXIS2_PLACEMENT_3D('',#16847,#14394,#14395);
#12226=AXIS2_PLACEMENT_3D('',#16849,#14397,#14398);
#12227=AXIS2_PLACEMENT_3D('',#16851,#14400,#14401);
#12228=AXIS2_PLACEMENT_3D('',#16852,#14402,#14403);
#12229=AXIS2_PLACEMENT_3D('',#16862,#14409,#14410);
#12230=AXIS2_PLACEMENT_3D('',#16866,#14413,#14414);
#12231=AXIS2_PLACEMENT_3D('',#16870,#14417,#14418);
#12232=AXIS2_PLACEMENT_3D('',#16876,#14422,#14423);
#12233=AXIS2_PLACEMENT_3D('',#16878,#14425,#14426);
#12234=AXIS2_PLACEMENT_3D('',#16880,#14428,#14429);
#12235=AXIS2_PLACEMENT_3D('',#16881,#14430,#14431);
#12236=AXIS2_PLACEMENT_3D('',#16891,#14437,#14438);
#12237=AXIS2_PLACEMENT_3D('',#16895,#14441,#14442);
#12238=AXIS2_PLACEMENT_3D('',#16899,#14445,#14446);
#12239=AXIS2_PLACEMENT_3D('',#16905,#14450,#14451);
#12240=AXIS2_PLACEMENT_3D('',#16907,#14453,#14454);
#12241=AXIS2_PLACEMENT_3D('',#16909,#14456,#14457);
#12242=AXIS2_PLACEMENT_3D('',#16910,#14458,#14459);
#12243=AXIS2_PLACEMENT_3D('',#16920,#14465,#14466);
#12244=AXIS2_PLACEMENT_3D('',#16924,#14469,#14470);
#12245=AXIS2_PLACEMENT_3D('',#16928,#14473,#14474);
#12246=AXIS2_PLACEMENT_3D('',#16934,#14478,#14479);
#12247=AXIS2_PLACEMENT_3D('',#16936,#14481,#14482);
#12248=AXIS2_PLACEMENT_3D('',#16938,#14484,#14485);
#12249=AXIS2_PLACEMENT_3D('',#16939,#14486,#14487);
#12250=AXIS2_PLACEMENT_3D('',#16949,#14493,#14494);
#12251=AXIS2_PLACEMENT_3D('',#16953,#14497,#14498);
#12252=AXIS2_PLACEMENT_3D('',#16957,#14501,#14502);
#12253=AXIS2_PLACEMENT_3D('',#16963,#14506,#14507);
#12254=AXIS2_PLACEMENT_3D('',#16965,#14509,#14510);
#12255=AXIS2_PLACEMENT_3D('',#16967,#14512,#14513);
#12256=AXIS2_PLACEMENT_3D('',#16968,#14514,#14515);
#12257=AXIS2_PLACEMENT_3D('',#16978,#14521,#14522);
#12258=AXIS2_PLACEMENT_3D('',#16982,#14525,#14526);
#12259=AXIS2_PLACEMENT_3D('',#16986,#14529,#14530);
#12260=AXIS2_PLACEMENT_3D('',#16992,#14534,#14535);
#12261=AXIS2_PLACEMENT_3D('',#16994,#14537,#14538);
#12262=AXIS2_PLACEMENT_3D('',#16996,#14540,#14541);
#12263=AXIS2_PLACEMENT_3D('',#16997,#14542,#14543);
#12264=AXIS2_PLACEMENT_3D('',#16998,#14544,#14545);
#12265=AXIS2_PLACEMENT_3D('',#16999,#14546,#14547);
#12266=AXIS2_PLACEMENT_3D('',#17000,#14548,#14549);
#12267=AXIS2_PLACEMENT_3D('',#17001,#14550,#14551);
#12268=AXIS2_PLACEMENT_3D('',#17002,#14552,#14553);
#12269=AXIS2_PLACEMENT_3D('',#17003,#14554,#14555);
#12270=AXIS2_PLACEMENT_3D('',#17012,#14560,#14561);
#12271=AXIS2_PLACEMENT_3D('',#17013,#14562,#14563);
#12272=AXIS2_PLACEMENT_3D('',#17015,#14564,#14565);
#12273=AXIS2_PLACEMENT_3D('',#17018,#14567,#14568);
#12274=AXIS2_PLACEMENT_3D('',#17024,#14572,#14573);
#12275=AXIS2_PLACEMENT_3D('',#17028,#14576,#14577);
#12276=AXIS2_PLACEMENT_3D('',#17032,#14580,#14581);
#12277=AXIS2_PLACEMENT_3D('',#17034,#14583,#14584);
#12278=DIRECTION('',(0.,0.,1.));
#12279=DIRECTION('',(1.,0.,0.));
#12280=DIRECTION('',(-0.866025403784439,-0.5,0.));
#12281=DIRECTION('',(0.5,-0.866025403784439,0.));
#12282=DIRECTION('',(-0.5,0.866025403784439,0.));
#12283=DIRECTION('',(0.,0.,-1.));
#12284=DIRECTION('',(0.5,-0.866025403784439,0.));
#12285=DIRECTION('',(0.,0.,-1.));
#12286=DIRECTION('',(-0.5,0.866025403784439,0.));
#12287=DIRECTION('',(0.,0.,-1.));
#12288=DIRECTION('',(-0.5,0.866025403784439,0.));
#12289=DIRECTION('',(0.,0.,-1.));
#12290=DIRECTION('',(-0.866025403784439,-0.5,0.));
#12291=DIRECTION('',(0.5,-0.866025403784439,0.));
#12292=DIRECTION('',(-0.5,0.866025403784439,0.));
#12293=DIRECTION('',(0.,0.,-1.));
#12294=DIRECTION('',(0.5,-0.866025403784439,0.));
#12295=DIRECTION('',(0.,0.,-1.));
#12296=DIRECTION('',(-0.5,0.866025403784439,0.));
#12297=DIRECTION('',(0.,0.,-1.));
#12298=DIRECTION('',(-0.5,0.866025403784439,0.));
#12299=DIRECTION('',(0.,0.,-1.));
#12300=DIRECTION('',(-0.866025403784439,-0.5,0.));
#12301=DIRECTION('',(0.5,-0.866025403784439,0.));
#12302=DIRECTION('',(-0.5,0.866025403784439,0.));
#12303=DIRECTION('',(0.,0.,-1.));
#12304=DIRECTION('',(0.5,-0.866025403784439,0.));
#12305=DIRECTION('',(0.,0.,-1.));
#12306=DIRECTION('',(-0.5,0.866025403784439,0.));
#12307=DIRECTION('',(0.,0.,-1.));
#12308=DIRECTION('',(-0.5,0.866025403784439,0.));
#12309=DIRECTION('',(0.,0.,-1.));
#12310=DIRECTION('',(-0.866025403784439,-0.5,0.));
#12311=DIRECTION('',(0.5,-0.866025403784439,0.));
#12312=DIRECTION('',(-0.5,0.866025403784439,0.));
#12313=DIRECTION('',(0.,0.,-1.));
#12314=DIRECTION('',(0.5,-0.866025403784439,0.));
#12315=DIRECTION('',(0.,0.,-1.));
#12316=DIRECTION('',(-0.5,0.866025403784439,0.));
#12317=DIRECTION('',(0.,0.,-1.));
#12318=DIRECTION('',(-0.5,0.866025403784439,0.));
#12319=DIRECTION('',(0.,0.,-1.));
#12320=DIRECTION('',(-0.866025403784439,-0.5,0.));
#12321=DIRECTION('',(0.5,-0.866025403784439,0.));
#12322=DIRECTION('',(-0.5,0.866025403784439,0.));
#12323=DIRECTION('',(0.,0.,-1.));
#12324=DIRECTION('',(0.5,-0.866025403784439,0.));
#12325=DIRECTION('',(0.,0.,-1.));
#12326=DIRECTION('',(-0.5,0.866025403784439,0.));
#12327=DIRECTION('',(0.,0.,-1.));
#12328=DIRECTION('',(-0.5,0.866025403784439,0.));
#12329=DIRECTION('',(0.,0.,-1.));
#12330=DIRECTION('',(-0.866025403784439,-0.5,0.));
#12331=DIRECTION('',(0.5,-0.866025403784439,0.));
#12332=DIRECTION('',(-0.5,0.866025403784439,0.));
#12333=DIRECTION('',(0.,0.,-1.));
#12334=DIRECTION('',(0.5,-0.866025403784439,0.));
#12335=DIRECTION('',(0.,0.,-1.));
#12336=DIRECTION('',(-0.5,0.866025403784439,0.));
#12337=DIRECTION('',(0.,0.,-1.));
#12338=DIRECTION('',(-0.5,0.866025403784439,0.));
#12339=DIRECTION('',(0.,0.,-1.));
#12340=DIRECTION('',(0.5,-0.866025403784438,0.));
#12341=DIRECTION('',(0.866025403784438,0.5,0.));
#12342=DIRECTION('',(0.,0.,1.));
#12343=DIRECTION('',(-0.866025403784439,-0.5,0.));
#12344=DIRECTION('',(0.,0.,-1.));
#12345=DIRECTION('',(0.866025403784438,0.5,0.));
#12346=DIRECTION('',(0.5,-0.866025403784438,0.));
#12347=DIRECTION('',(0.866025403784438,0.5,0.));
#12348=DIRECTION('',(-0.866025403784438,-0.5,0.));
#12349=DIRECTION('',(0.,0.,1.));
#12350=DIRECTION('',(0.866025403784438,0.5,0.));
#12351=DIRECTION('',(0.5,-0.866025403784438,0.));
#12352=DIRECTION('',(0.866025403784438,0.5,0.));
#12353=DIRECTION('',(0.,0.,1.));
#12354=DIRECTION('',(-0.866025403784439,-0.5,0.));
#12355=DIRECTION('',(0.,0.,-1.));
#12356=DIRECTION('',(0.866025403784438,0.5,0.));
#12357=DIRECTION('',(0.5,-0.866025403784438,0.));
#12358=DIRECTION('',(0.866025403784438,0.5,0.));
#12359=DIRECTION('',(-0.866025403784438,-0.5,0.));
#12360=DIRECTION('',(0.,0.,1.));
#12361=DIRECTION('',(0.866025403784438,0.5,0.));
#12362=DIRECTION('',(0.5,-0.866025403784438,0.));
#12363=DIRECTION('',(0.866025403784438,0.5,0.));
#12364=DIRECTION('',(0.,0.,1.));
#12365=DIRECTION('',(-0.866025403784439,-0.5,0.));
#12366=DIRECTION('',(0.,0.,-1.));
#12367=DIRECTION('',(0.866025403784438,0.5,0.));
#12368=DIRECTION('',(0.5,-0.866025403784438,0.));
#12369=DIRECTION('',(0.866025403784438,0.5,0.));
#12370=DIRECTION('',(-0.866025403784438,-0.5,0.));
#12371=DIRECTION('',(0.,0.,1.));
#12372=DIRECTION('',(0.866025403784438,0.5,0.));
#12373=DIRECTION('',(0.5,-0.866025403784438,0.));
#12374=DIRECTION('',(0.866025403784438,0.5,0.));
#12375=DIRECTION('',(0.,0.,1.));
#12376=DIRECTION('',(-0.866025403784439,-0.5,0.));
#12377=DIRECTION('',(0.,0.,-1.));
#12378=DIRECTION('',(0.866025403784438,0.5,0.));
#12379=DIRECTION('',(0.5,-0.866025403784438,0.));
#12380=DIRECTION('',(0.866025403784438,0.5,0.));
#12381=DIRECTION('',(-0.866025403784438,-0.5,0.));
#12382=DIRECTION('',(0.,0.,1.));
#12383=DIRECTION('',(0.866025403784438,0.5,0.));
#12384=DIRECTION('',(0.5,-0.866025403784438,0.));
#12385=DIRECTION('',(0.866025403784438,0.5,0.));
#12386=DIRECTION('',(0.,0.,1.));
#12387=DIRECTION('',(-0.866025403784439,-0.5,0.));
#12388=DIRECTION('',(0.,0.,-1.));
#12389=DIRECTION('',(0.866025403784438,0.5,0.));
#12390=DIRECTION('',(0.5,-0.866025403784438,0.));
#12391=DIRECTION('',(0.866025403784438,0.5,0.));
#12392=DIRECTION('',(-0.866025403784438,-0.5,0.));
#12393=DIRECTION('',(0.,0.,1.));
#12394=DIRECTION('',(0.866025403784438,0.5,0.));
#12395=DIRECTION('',(0.5,-0.866025403784438,0.));
#12396=DIRECTION('',(0.866025403784438,0.5,0.));
#12397=DIRECTION('',(0.,0.,1.));
#12398=DIRECTION('',(-0.866025403784439,-0.5,0.));
#12399=DIRECTION('',(0.,0.,-1.));
#12400=DIRECTION('',(0.866025403784438,0.5,0.));
#12401=DIRECTION('',(0.5,-0.866025403784438,0.));
#12402=DIRECTION('',(0.866025403784438,0.5,0.));
#12403=DIRECTION('',(-0.866025403784438,-0.5,0.));
#12404=DIRECTION('',(0.,0.,1.));
#12405=DIRECTION('',(0.866025403784438,0.5,0.));
#12406=DIRECTION('',(-0.998134798421867,-0.0610485395348571,0.));
#12407=DIRECTION('',(0.0610485395348571,-0.998134798421867,0.));
#12408=DIRECTION('',(0.,0.,-1.));
#12409=DIRECTION('',(-0.061048539534857,0.998134798421867,0.));
#12410=DIRECTION('',(0.,0.,-1.));
#12411=DIRECTION('',(-0.061048539534857,0.998134798421867,0.));
#12412=DIRECTION('',(-0.998134798421867,-0.0610485395348571,0.));
#12413=DIRECTION('',(0.0610485395348571,-0.998134798421867,0.));
#12414=DIRECTION('',(0.,0.,-1.));
#12415=DIRECTION('',(-0.061048539534857,0.998134798421867,0.));
#12416=DIRECTION('',(0.,0.,-1.));
#12417=DIRECTION('',(-0.061048539534857,0.998134798421867,0.));
#12418=DIRECTION('',(-0.998134798421867,-0.0610485395348571,0.));
#12419=DIRECTION('',(0.0610485395348571,-0.998134798421867,0.));
#12420=DIRECTION('',(0.,0.,-1.));
#12421=DIRECTION('',(-0.061048539534857,0.998134798421867,0.));
#12422=DIRECTION('',(0.,0.,-1.));
#12423=DIRECTION('',(-0.061048539534857,0.998134798421867,0.));
#12424=DIRECTION('',(-0.998134798421867,-0.0610485395348571,0.));
#12425=DIRECTION('',(0.0610485395348571,-0.998134798421867,0.));
#12426=DIRECTION('',(0.,0.,-1.));
#12427=DIRECTION('',(-0.061048539534857,0.998134798421867,0.));
#12428=DIRECTION('',(0.,0.,-1.));
#12429=DIRECTION('',(-0.061048539534857,0.998134798421867,0.));
#12430=DIRECTION('',(-0.998134798421867,-0.0610485395348571,0.));
#12431=DIRECTION('',(0.0610485395348571,-0.998134798421867,0.));
#12432=DIRECTION('',(0.,0.,-1.));
#12433=DIRECTION('',(-0.061048539534857,0.998134798421867,0.));
#12434=DIRECTION('',(0.,0.,-1.));
#12435=DIRECTION('',(-0.061048539534857,0.998134798421867,0.));
#12436=DIRECTION('',(-0.998134798421867,-0.0610485395348571,0.));
#12437=DIRECTION('',(0.0610485395348571,-0.998134798421867,0.));
#12438=DIRECTION('',(0.,0.,-1.));
#12439=DIRECTION('',(-0.061048539534857,0.998134798421867,0.));
#12440=DIRECTION('',(0.,0.,-1.));
#12441=DIRECTION('',(-0.061048539534857,0.998134798421867,0.));
#12442=DIRECTION('',(0.5,-0.866025403784438,0.));
#12443=DIRECTION('',(0.866025403784439,0.5,0.));
#12444=DIRECTION('',(0.,0.,-1.));
#12445=DIRECTION('',(0.866025403784438,0.5,0.));
#12446=DIRECTION('',(0.,0.,1.));
#12447=DIRECTION('',(0.866025403784438,0.5,0.));
#12448=DIRECTION('',(0.,0.,1.));
#12449=DIRECTION('',(-0.866025403784439,-0.5,0.));
#12450=DIRECTION('',(0.332139818911422,0.943230163159283,0.));
#12451=DIRECTION('',(-0.943230163159283,0.332139818911422,0.));
#12452=DIRECTION('',(0.,0.,-1.));
#12453=DIRECTION('',(0.943230163159283,-0.332139818911422,0.));
#12454=DIRECTION('',(-0.943230163159283,0.332139818911422,0.));
#12455=DIRECTION('',(0.,0.,1.));
#12456=DIRECTION('',(-0.943230163159283,0.332139818911422,0.));
#12457=DIRECTION('',(0.866025403784438,0.500000000000001,0.));
#12458=DIRECTION('',(-0.500000000000001,0.866025403784438,0.));
#12459=DIRECTION('',(0.,0.,1.));
#12460=DIRECTION('',(-0.500000000000001,0.866025403784438,0.));
#12461=DIRECTION('',(-0.500000000000001,0.866025403784438,0.));
#12462=DIRECTION('',(0.,0.,1.));
#12463=DIRECTION('',(0.500000000000001,-0.866025403784438,0.));
#12464=DIRECTION('',(0.5,-0.866025403784438,0.));
#12465=DIRECTION('',(0.866025403784439,0.5,0.));
#12466=DIRECTION('',(0.,0.,-1.));
#12467=DIRECTION('',(0.866025403784438,0.5,0.));
#12468=DIRECTION('',(0.,0.,1.));
#12469=DIRECTION('',(0.866025403784438,0.5,0.));
#12470=DIRECTION('',(0.,0.,1.));
#12471=DIRECTION('',(-0.866025403784439,-0.5,0.));
#12472=DIRECTION('',(0.332139818911422,0.943230163159283,0.));
#12473=DIRECTION('',(-0.943230163159283,0.332139818911422,0.));
#12474=DIRECTION('',(0.,0.,-1.));
#12475=DIRECTION('',(0.943230163159283,-0.332139818911422,0.));
#12476=DIRECTION('',(-0.943230163159283,0.332139818911422,0.));
#12477=DIRECTION('',(0.,0.,1.));
#12478=DIRECTION('',(-0.943230163159283,0.332139818911422,0.));
#12479=DIRECTION('',(0.866025403784438,0.500000000000001,0.));
#12480=DIRECTION('',(-0.500000000000001,0.866025403784438,0.));
#12481=DIRECTION('',(0.,0.,1.));
#12482=DIRECTION('',(-0.500000000000001,0.866025403784438,0.));
#12483=DIRECTION('',(-0.500000000000001,0.866025403784438,0.));
#12484=DIRECTION('',(0.,0.,1.));
#12485=DIRECTION('',(0.500000000000001,-0.866025403784438,0.));
#12486=DIRECTION('',(0.5,-0.866025403784438,0.));
#12487=DIRECTION('',(0.866025403784439,0.5,0.));
#12488=DIRECTION('',(0.,0.,-1.));
#12489=DIRECTION('',(0.866025403784438,0.5,0.));
#12490=DIRECTION('',(0.,0.,1.));
#12491=DIRECTION('',(0.866025403784438,0.5,0.));
#12492=DIRECTION('',(0.,0.,1.));
#12493=DIRECTION('',(-0.866025403784439,-0.5,0.));
#12494=DIRECTION('',(0.332139818911422,0.943230163159283,0.));
#12495=DIRECTION('',(-0.943230163159283,0.332139818911422,0.));
#12496=DIRECTION('',(0.,0.,-1.));
#12497=DIRECTION('',(0.943230163159283,-0.332139818911422,0.));
#12498=DIRECTION('',(-0.943230163159283,0.332139818911422,0.));
#12499=DIRECTION('',(0.,0.,1.));
#12500=DIRECTION('',(-0.943230163159283,0.332139818911422,0.));
#12501=DIRECTION('',(0.866025403784438,0.500000000000001,0.));
#12502=DIRECTION('',(-0.500000000000001,0.866025403784438,0.));
#12503=DIRECTION('',(0.,0.,1.));
#12504=DIRECTION('',(-0.500000000000001,0.866025403784438,0.));
#12505=DIRECTION('',(-0.500000000000001,0.866025403784438,0.));
#12506=DIRECTION('',(0.,0.,1.));
#12507=DIRECTION('',(0.500000000000001,-0.866025403784438,0.));
#12508=DIRECTION('',(0.5,-0.866025403784438,0.));
#12509=DIRECTION('',(0.866025403784439,0.5,0.));
#12510=DIRECTION('',(0.,0.,-1.));
#12511=DIRECTION('',(0.866025403784438,0.5,0.));
#12512=DIRECTION('',(0.,0.,1.));
#12513=DIRECTION('',(0.866025403784438,0.5,0.));
#12514=DIRECTION('',(0.,0.,1.));
#12515=DIRECTION('',(-0.866025403784439,-0.5,0.));
#12516=DIRECTION('',(0.332139818911422,0.943230163159283,0.));
#12517=DIRECTION('',(-0.943230163159283,0.332139818911422,0.));
#12518=DIRECTION('',(0.,0.,-1.));
#12519=DIRECTION('',(0.943230163159283,-0.332139818911422,0.));
#12520=DIRECTION('',(-0.943230163159283,0.332139818911422,0.));
#12521=DIRECTION('',(0.,0.,1.));
#12522=DIRECTION('',(-0.943230163159283,0.332139818911422,0.));
#12523=DIRECTION('',(0.866025403784438,0.500000000000001,0.));
#12524=DIRECTION('',(-0.500000000000001,0.866025403784438,0.));
#12525=DIRECTION('',(0.,0.,1.));
#12526=DIRECTION('',(-0.500000000000001,0.866025403784438,0.));
#12527=DIRECTION('',(-0.500000000000001,0.866025403784438,0.));
#12528=DIRECTION('',(0.,0.,1.));
#12529=DIRECTION('',(0.500000000000001,-0.866025403784438,0.));
#12530=DIRECTION('',(0.5,-0.866025403784438,0.));
#12531=DIRECTION('',(0.866025403784439,0.5,0.));
#12532=DIRECTION('',(0.,0.,-1.));
#12533=DIRECTION('',(0.866025403784438,0.5,0.));
#12534=DIRECTION('',(0.,0.,1.));
#12535=DIRECTION('',(0.866025403784438,0.5,0.));
#12536=DIRECTION('',(0.,0.,1.));
#12537=DIRECTION('',(-0.866025403784439,-0.5,0.));
#12538=DIRECTION('',(0.332139818911422,0.943230163159283,0.));
#12539=DIRECTION('',(-0.943230163159283,0.332139818911422,0.));
#12540=DIRECTION('',(0.,0.,-1.));
#12541=DIRECTION('',(0.943230163159283,-0.332139818911422,0.));
#12542=DIRECTION('',(-0.943230163159283,0.332139818911422,0.));
#12543=DIRECTION('',(0.,0.,1.));
#12544=DIRECTION('',(-0.943230163159283,0.332139818911422,0.));
#12545=DIRECTION('',(0.866025403784438,0.500000000000001,0.));
#12546=DIRECTION('',(-0.500000000000001,0.866025403784438,0.));
#12547=DIRECTION('',(0.,0.,1.));
#12548=DIRECTION('',(-0.500000000000001,0.866025403784438,0.));
#12549=DIRECTION('',(-0.500000000000001,0.866025403784438,0.));
#12550=DIRECTION('',(0.,0.,1.));
#12551=DIRECTION('',(0.500000000000001,-0.866025403784438,0.));
#12552=DIRECTION('',(0.,0.,1.));
#12553=DIRECTION('',(1.,0.,0.));
#12554=DIRECTION('',(0.,0.,1.));
#12555=DIRECTION('',(1.,0.,0.));
#12556=DIRECTION('',(-0.0610485395348567,0.998134798421867,0.));
#12557=DIRECTION('',(-0.866025403784438,-0.5,0.));
#12558=DIRECTION('',(0.500000000000001,-0.866025403784438,0.));
#12559=DIRECTION('',(0.,0.,1.));
#12560=DIRECTION('',(1.,0.,0.));
#12561=DIRECTION('',(0.,0.,1.));
#12562=DIRECTION('',(1.,0.,0.));
#12563=DIRECTION('',(0.979924704620829,-0.199367934417198,0.));
#12564=DIRECTION('',(0.0610485395348575,-0.998134798421867,0.));
#12565=DIRECTION('',(0.,0.,1.));
#12566=DIRECTION('',(1.,0.,0.));
#12567=DIRECTION('',(0.,0.,1.));
#12568=DIRECTION('',(1.,0.,0.));
#12569=DIRECTION('',(-0.0610485395348567,0.998134798421867,0.));
#12570=DIRECTION('',(-0.866025403784438,-0.5,0.));
#12571=DIRECTION('',(0.500000000000001,-0.866025403784438,0.));
#12572=DIRECTION('',(0.,0.,1.));
#12573=DIRECTION('',(1.,0.,0.));
#12574=DIRECTION('',(0.,0.,1.));
#12575=DIRECTION('',(1.,0.,0.));
#12576=DIRECTION('',(0.979924704620829,-0.199367934417198,0.));
#12577=DIRECTION('',(0.0610485395348575,-0.998134798421867,0.));
#12578=DIRECTION('',(0.,0.,1.));
#12579=DIRECTION('',(1.,0.,0.));
#12580=DIRECTION('',(0.,0.,1.));
#12581=DIRECTION('',(1.,0.,0.));
#12582=DIRECTION('',(-0.0610485395348567,0.998134798421867,0.));
#12583=DIRECTION('',(-0.866025403784438,-0.5,0.));
#12584=DIRECTION('',(0.500000000000001,-0.866025403784438,0.));
#12585=DIRECTION('',(0.,0.,1.));
#12586=DIRECTION('',(1.,0.,0.));
#12587=DIRECTION('',(0.,0.,1.));
#12588=DIRECTION('',(1.,0.,0.));
#12589=DIRECTION('',(0.979924704620829,-0.199367934417198,0.));
#12590=DIRECTION('',(0.0610485395348575,-0.998134798421867,0.));
#12591=DIRECTION('',(0.,0.,1.));
#12592=DIRECTION('',(1.,0.,0.));
#12593=DIRECTION('',(0.,0.,1.));
#12594=DIRECTION('',(1.,0.,0.));
#12595=DIRECTION('',(-0.0610485395348567,0.998134798421867,0.));
#12596=DIRECTION('',(-0.866025403784438,-0.5,0.));
#12597=DIRECTION('',(0.500000000000001,-0.866025403784438,0.));
#12598=DIRECTION('',(0.,0.,1.));
#12599=DIRECTION('',(1.,0.,0.));
#12600=DIRECTION('',(0.,0.,1.));
#12601=DIRECTION('',(1.,0.,0.));
#12602=DIRECTION('',(0.979924704620829,-0.199367934417198,0.));
#12603=DIRECTION('',(0.0610485395348575,-0.998134798421867,0.));
#12604=DIRECTION('',(0.,0.,1.));
#12605=DIRECTION('',(1.,0.,0.));
#12606=DIRECTION('',(0.,0.,1.));
#12607=DIRECTION('',(1.,0.,0.));
#12608=DIRECTION('',(-0.0610485395348567,0.998134798421867,0.));
#12609=DIRECTION('',(-0.866025403784438,-0.5,0.));
#12610=DIRECTION('',(0.500000000000001,-0.866025403784438,0.));
#12611=DIRECTION('',(0.,0.,1.));
#12612=DIRECTION('',(1.,0.,0.));
#12613=DIRECTION('',(0.,0.,1.));
#12614=DIRECTION('',(1.,0.,0.));
#12615=DIRECTION('',(0.979924704620829,-0.199367934417198,0.));
#12616=DIRECTION('',(0.0610485395348575,-0.998134798421867,0.));
#12617=DIRECTION('',(0.5,-0.866025403784438,0.));
#12618=DIRECTION('',(0.866025403784439,0.5,0.));
#12619=DIRECTION('',(0.,0.,-1.));
#12620=DIRECTION('',(0.866025403784438,0.5,0.));
#12621=DIRECTION('',(0.,0.,1.));
#12622=DIRECTION('',(0.866025403784438,0.5,0.));
#12623=DIRECTION('',(0.,0.,1.));
#12624=DIRECTION('',(1.,0.,0.));
#12625=DIRECTION('',(0.,0.,1.));
#12626=DIRECTION('',(1.,0.,0.));
#12627=DIRECTION('',(0.0610485395348567,-0.998134798421867,0.));
#12628=DIRECTION('',(-0.866025403784438,-0.5,0.));
#12629=DIRECTION('',(0.500000000000001,-0.866025403784438,0.));
#12630=DIRECTION('',(0.,0.,1.));
#12631=DIRECTION('',(1.,0.,0.));
#12632=DIRECTION('',(0.0610485395348567,-0.998134798421867,0.));
#12633=DIRECTION('',(0.,0.,1.));
#12634=DIRECTION('',(1.,0.,0.));
#12635=DIRECTION('',(0.500000000000001,-0.866025403784438,0.));
#12636=DIRECTION('',(-0.866025403784438,-0.5,0.));
#12637=DIRECTION('',(-0.433012701892219,-0.25,0.866025403784439));
#12638=DIRECTION('',(0.894427190999916,0.,0.447213595499958));
#12639=DIRECTION('',(0.894273544867829,-0.239619874159853,0.377964473009227));
#12640=DIRECTION('',(0.5,-0.866025403784439,0.));
#12641=DIRECTION('',(-0.447213595499958,-0.774596669241483,-0.447213595499958));
#12642=DIRECTION('',(0.5,-0.866025403784439,0.));
#12643=DIRECTION('',(-0.866025403784439,-0.5,0.));
#12644=DIRECTION('',(0.5,-0.866025403784439,0.));
#12645=DIRECTION('',(0.,0.,-1.));
#12646=DIRECTION('',(0.5,-0.866025403784439,0.));
#12647=DIRECTION('',(0.,0.,-1.));
#12648=DIRECTION('',(-0.433012701892219,-0.25,-0.866025403784439));
#12649=DIRECTION('',(-0.894427190999916,0.,0.447213595499958));
#12650=DIRECTION('',(-0.894273544867829,0.239619874159853,0.377964473009227));
#12651=DIRECTION('',(0.5,-0.866025403784439,0.));
#12652=DIRECTION('',(0.447213595499958,0.774596669241483,-0.447213595499958));
#12653=DIRECTION('',(-0.433012701892219,-0.25,0.866025403784439));
#12654=DIRECTION('',(0.894427190999916,0.,0.447213595499958));
#12655=DIRECTION('',(0.894273544867829,-0.239619874159853,0.377964473009227));
#12656=DIRECTION('',(0.5,-0.866025403784439,0.));
#12657=DIRECTION('',(-0.447213595499958,-0.774596669241483,-0.447213595499958));
#12658=DIRECTION('',(0.5,-0.866025403784439,0.));
#12659=DIRECTION('',(-0.866025403784439,-0.5,0.));
#12660=DIRECTION('',(0.5,-0.866025403784439,0.));
#12661=DIRECTION('',(0.,0.,-1.));
#12662=DIRECTION('',(0.5,-0.866025403784439,0.));
#12663=DIRECTION('',(0.,0.,-1.));
#12664=DIRECTION('',(-0.433012701892219,-0.25,-0.866025403784439));
#12665=DIRECTION('',(-0.894427190999916,0.,0.447213595499958));
#12666=DIRECTION('',(-0.894273544867829,0.239619874159853,0.377964473009227));
#12667=DIRECTION('',(0.5,-0.866025403784439,0.));
#12668=DIRECTION('',(0.447213595499958,0.774596669241483,-0.447213595499958));
#12669=DIRECTION('',(-0.433012701892219,-0.25,0.866025403784439));
#12670=DIRECTION('',(0.894427190999916,0.,0.447213595499958));
#12671=DIRECTION('',(0.894273544867829,-0.239619874159853,0.377964473009227));
#12672=DIRECTION('',(0.5,-0.866025403784439,0.));
#12673=DIRECTION('',(-0.447213595499958,-0.774596669241483,-0.447213595499958));
#12674=DIRECTION('',(0.5,-0.866025403784439,0.));
#12675=DIRECTION('',(-0.866025403784439,-0.5,0.));
#12676=DIRECTION('',(0.5,-0.866025403784439,0.));
#12677=DIRECTION('',(0.,0.,-1.));
#12678=DIRECTION('',(0.5,-0.866025403784439,0.));
#12679=DIRECTION('',(0.,0.,-1.));
#12680=DIRECTION('',(-0.433012701892219,-0.25,-0.866025403784439));
#12681=DIRECTION('',(-0.894427190999916,0.,0.447213595499958));
#12682=DIRECTION('',(-0.894273544867829,0.239619874159853,0.377964473009227));
#12683=DIRECTION('',(0.5,-0.866025403784439,0.));
#12684=DIRECTION('',(0.447213595499958,0.774596669241483,-0.447213595499958));
#12685=DIRECTION('',(-0.433012701892219,-0.25,0.866025403784439));
#12686=DIRECTION('',(0.894427190999916,0.,0.447213595499958));
#12687=DIRECTION('',(0.894273544867829,-0.239619874159853,0.377964473009227));
#12688=DIRECTION('',(0.5,-0.866025403784439,0.));
#12689=DIRECTION('',(-0.447213595499958,-0.774596669241483,-0.447213595499958));
#12690=DIRECTION('',(0.5,-0.866025403784439,0.));
#12691=DIRECTION('',(-0.866025403784439,-0.5,0.));
#12692=DIRECTION('',(0.5,-0.866025403784439,0.));
#12693=DIRECTION('',(0.,0.,-1.));
#12694=DIRECTION('',(0.5,-0.866025403784439,0.));
#12695=DIRECTION('',(0.,0.,-1.));
#12696=DIRECTION('',(-0.433012701892219,-0.25,-0.866025403784439));
#12697=DIRECTION('',(-0.894427190999916,0.,0.447213595499958));
#12698=DIRECTION('',(-0.894273544867829,0.239619874159853,0.377964473009227));
#12699=DIRECTION('',(0.5,-0.866025403784439,0.));
#12700=DIRECTION('',(0.447213595499958,0.774596669241483,-0.447213595499958));
#12701=DIRECTION('',(-0.433012701892219,-0.25,0.866025403784439));
#12702=DIRECTION('',(0.894427190999916,0.,0.447213595499958));
#12703=DIRECTION('',(0.894273544867829,-0.239619874159853,0.377964473009227));
#12704=DIRECTION('',(0.5,-0.866025403784439,0.));
#12705=DIRECTION('',(-0.447213595499958,-0.774596669241483,-0.447213595499958));
#12706=DIRECTION('',(0.5,-0.866025403784439,0.));
#12707=DIRECTION('',(-0.866025403784439,-0.5,0.));
#12708=DIRECTION('',(0.5,-0.866025403784439,0.));
#12709=DIRECTION('',(0.,0.,-1.));
#12710=DIRECTION('',(0.5,-0.866025403784439,0.));
#12711=DIRECTION('',(0.,0.,-1.));
#12712=DIRECTION('',(-0.433012701892219,-0.25,-0.866025403784439));
#12713=DIRECTION('',(-0.894427190999916,0.,0.447213595499958));
#12714=DIRECTION('',(-0.894273544867829,0.239619874159853,0.377964473009227));
#12715=DIRECTION('',(0.5,-0.866025403784439,0.));
#12716=DIRECTION('',(0.447213595499958,0.774596669241483,-0.447213595499958));
#12717=DIRECTION('',(-0.433012701892219,-0.25,0.866025403784439));
#12718=DIRECTION('',(0.894427190999916,0.,0.447213595499958));
#12719=DIRECTION('',(0.894273544867829,-0.239619874159853,0.377964473009227));
#12720=DIRECTION('',(0.5,-0.866025403784439,0.));
#12721=DIRECTION('',(-0.447213595499958,-0.774596669241483,-0.447213595499958));
#12722=DIRECTION('',(0.5,-0.866025403784439,0.));
#12723=DIRECTION('',(-0.866025403784439,-0.5,0.));
#12724=DIRECTION('',(0.5,-0.866025403784439,0.));
#12725=DIRECTION('',(0.,0.,-1.));
#12726=DIRECTION('',(0.5,-0.866025403784439,0.));
#12727=DIRECTION('',(0.,0.,-1.));
#12728=DIRECTION('',(-0.433012701892219,-0.25,-0.866025403784439));
#12729=DIRECTION('',(-0.894427190999916,0.,0.447213595499958));
#12730=DIRECTION('',(-0.894273544867829,0.239619874159853,0.377964473009227));
#12731=DIRECTION('',(0.5,-0.866025403784439,0.));
#12732=DIRECTION('',(0.447213595499958,0.774596669241483,-0.447213595499958));
#12733=DIRECTION('',(-0.866025403784439,-0.5,0.));
#12734=DIRECTION('',(0.5,-0.866025403784439,0.));
#12735=DIRECTION('',(0.,0.,1.));
#12736=DIRECTION('',(0.,0.,1.));
#12737=DIRECTION('',(0.,0.,1.));
#12738=DIRECTION('',(0.,0.,1.));
#12739=DIRECTION('',(0.,0.,1.));
#12740=DIRECTION('',(0.,0.,1.));
#12741=DIRECTION('',(0.,0.,1.));
#12742=DIRECTION('',(0.,0.,1.));
#12743=DIRECTION('',(0.,0.,1.));
#12744=DIRECTION('',(0.,0.,1.));
#12745=DIRECTION('',(0.,0.,1.));
#12746=DIRECTION('',(0.,0.,1.));
#12747=DIRECTION('',(-0.5,0.866025403784438,0.));
#12748=DIRECTION('',(0.,0.,1.));
#12749=DIRECTION('',(-0.5,0.866025403784438,0.));
#12750=DIRECTION('',(0.,0.,1.));
#12751=DIRECTION('',(-0.5,0.866025403784438,0.));
#12752=DIRECTION('',(0.,0.,-1.));
#12753=DIRECTION('',(-0.5,0.866025403784438,0.));
#12754=DIRECTION('',(0.,0.,-1.));
#12755=DIRECTION('',(0.5,-0.866025403784439,0.));
#12756=DIRECTION('',(-0.5,0.866025403784438,0.));
#12757=DIRECTION('',(0.5,-0.866025403784439,0.));
#12758=DIRECTION('',(-0.5,0.866025403784438,0.));
#12759=DIRECTION('',(0.5,-0.866025403784439,0.));
#12760=DIRECTION('',(-0.5,0.866025403784438,0.));
#12761=DIRECTION('',(0.5,-0.866025403784439,0.));
#12762=DIRECTION('',(-0.5,0.866025403784438,0.));
#12763=DIRECTION('',(0.5,-0.866025403784439,0.));
#12764=DIRECTION('',(-0.5,0.866025403784438,0.));
#12765=DIRECTION('',(0.5,-0.866025403784439,0.));
#12766=DIRECTION('',(-0.5,0.866025403784438,0.));
#12767=DIRECTION('',(-0.866025403784438,-0.500000000000001,0.));
#12768=DIRECTION('',(0.500000000000001,-0.866025403784438,0.));
#12769=DIRECTION('',(0.,0.,1.));
#12770=DIRECTION('',(-0.866025403784438,-0.500000000000001,0.));
#12771=DIRECTION('',(0.500000000000001,-0.866025403784438,0.));
#12772=DIRECTION('',(0.500000000000001,-0.866025403784438,0.));
#12773=DIRECTION('',(0.,0.,1.));
#12774=DIRECTION('',(-0.866025403784438,-0.500000000000001,0.));
#12775=DIRECTION('',(0.500000000000001,-0.866025403784438,0.));
#12776=DIRECTION('',(0.500000000000001,-0.866025403784438,0.));
#12777=DIRECTION('',(0.,0.,1.));
#12778=DIRECTION('',(-0.866025403784438,-0.500000000000001,0.));
#12779=DIRECTION('',(0.500000000000001,-0.866025403784438,0.));
#12780=DIRECTION('',(0.500000000000001,-0.866025403784438,0.));
#12781=DIRECTION('',(0.,0.,1.));
#12782=DIRECTION('',(-0.866025403784438,-0.500000000000001,0.));
#12783=DIRECTION('',(0.500000000000001,-0.866025403784438,0.));
#12784=DIRECTION('',(0.500000000000001,-0.866025403784438,0.));
#12785=DIRECTION('',(0.,0.,1.));
#12786=DIRECTION('',(-0.866025403784438,-0.500000000000001,0.));
#12787=DIRECTION('',(0.500000000000001,-0.866025403784438,0.));
#12788=DIRECTION('',(0.500000000000001,-0.866025403784438,0.));
#12789=DIRECTION('',(0.,0.,1.));
#12790=DIRECTION('',(0.5,-0.866025403784438,0.));
#12791=DIRECTION('',(0.866025403784439,0.5,0.));
#12792=DIRECTION('',(0.,0.,-1.));
#12793=DIRECTION('',(-0.866025403784439,-0.5,0.));
#12794=DIRECTION('',(-0.866025403784438,-0.5,0.));
#12795=DIRECTION('',(0.,0.,1.));
#12796=DIRECTION('',(-0.866025403784439,-0.5,0.));
#12797=DIRECTION('',(0.,0.,-1.));
#12798=DIRECTION('',(-0.866025403784439,-0.5,0.));
#12799=DIRECTION('',(-0.866025403784438,-0.5,0.));
#12800=DIRECTION('',(0.,0.,1.));
#12801=DIRECTION('',(-0.866025403784439,-0.5,0.));
#12802=DIRECTION('',(0.,0.,-1.));
#12803=DIRECTION('',(-0.866025403784439,-0.5,0.));
#12804=DIRECTION('',(-0.866025403784438,-0.5,0.));
#12805=DIRECTION('',(0.,0.,1.));
#12806=DIRECTION('',(-0.866025403784439,-0.5,0.));
#12807=DIRECTION('',(0.,0.,-1.));
#12808=DIRECTION('',(-0.866025403784439,-0.5,0.));
#12809=DIRECTION('',(-0.866025403784438,-0.5,0.));
#12810=DIRECTION('',(0.,0.,1.));
#12811=DIRECTION('',(-0.866025403784439,-0.5,0.));
#12812=DIRECTION('',(0.,0.,-1.));
#12813=DIRECTION('',(-0.866025403784439,-0.5,0.));
#12814=DIRECTION('',(-0.866025403784438,-0.5,0.));
#12815=DIRECTION('',(0.,0.,1.));
#12816=DIRECTION('',(-0.866025403784439,-0.5,0.));
#12817=DIRECTION('',(-0.866025403784438,-0.5,0.));
#12818=DIRECTION('',(0.,0.,1.));
#12819=DIRECTION('',(-0.866025403784438,-0.5,0.));
#12820=DIRECTION('',(0.,0.,1.));
#12821=DIRECTION('',(-0.866025403784438,-0.5,0.));
#12822=DIRECTION('',(0.,0.,-1.));
#12823=DIRECTION('',(-0.866025403784438,-0.5,0.));
#12824=DIRECTION('',(0.,0.,-1.));
#12825=DIRECTION('',(0.,0.,-1.));
#12826=DIRECTION('',(-0.866025403784438,-0.5,0.));
#12827=DIRECTION('',(-0.866025403784438,-0.5,0.));
#12828=DIRECTION('',(0.,0.,-1.));
#12829=DIRECTION('',(-1.,0.,0.));
#12830=DIRECTION('',(0.,0.,1.));
#12831=DIRECTION('',(1.,0.,0.));
#12832=DIRECTION('',(0.,0.,-1.));
#12833=DIRECTION('',(0.,0.,1.));
#12834=DIRECTION('',(1.,0.,0.));
#12835=DIRECTION('',(1.,0.,0.));
#12836=DIRECTION('',(0.,0.,-1.));
#12837=DIRECTION('',(0.,-1.,0.));
#12838=DIRECTION('',(0.,0.,-1.));
#12839=DIRECTION('',(0.,-1.,0.));
#12840=DIRECTION('',(0.,1.,0.));
#12841=DIRECTION('',(0.,0.,1.));
#12842=DIRECTION('',(0.,0.,-1.));
#12843=DIRECTION('',(-1.,0.,0.));
#12844=DIRECTION('',(0.,0.,1.));
#12845=DIRECTION('',(1.,0.,0.));
#12846=DIRECTION('',(0.,0.,-1.));
#12847=DIRECTION('',(-1.,0.,0.));
#12848=DIRECTION('',(0.,0.,1.));
#12849=DIRECTION('',(1.,0.,0.));
#12850=DIRECTION('',(0.,0.,-1.));
#12851=DIRECTION('',(-1.,0.,0.));
#12852=DIRECTION('',(0.,0.,1.));
#12853=DIRECTION('',(1.,0.,0.));
#12854=DIRECTION('',(0.,0.,-1.));
#12855=DIRECTION('',(-1.,0.,0.));
#12856=DIRECTION('',(0.,0.,1.));
#12857=DIRECTION('',(1.,0.,0.));
#12858=DIRECTION('',(0.,0.,-1.));
#12859=DIRECTION('',(-1.,0.,0.));
#12860=DIRECTION('',(0.,0.,1.));
#12861=DIRECTION('',(1.,0.,0.));
#12862=DIRECTION('',(0.,0.,-1.));
#12863=DIRECTION('',(-1.,0.,0.));
#12864=DIRECTION('',(0.,0.,1.));
#12865=DIRECTION('',(1.,0.,0.));
#12866=DIRECTION('',(0.,0.,-1.));
#12867=DIRECTION('',(-1.,0.,0.));
#12868=DIRECTION('',(0.,0.,1.));
#12869=DIRECTION('',(1.,0.,0.));
#12870=DIRECTION('',(0.,0.,-1.));
#12871=DIRECTION('',(-1.,0.,0.));
#12872=DIRECTION('',(0.,0.,1.));
#12873=DIRECTION('',(1.,0.,0.));
#12874=DIRECTION('',(0.,0.,-1.));
#12875=DIRECTION('',(-1.,0.,0.));
#12876=DIRECTION('',(0.,0.,1.));
#12877=DIRECTION('',(1.,0.,0.));
#12878=DIRECTION('',(0.,0.,-1.));
#12879=DIRECTION('',(-1.,0.,0.));
#12880=DIRECTION('',(0.,0.,1.));
#12881=DIRECTION('',(1.,0.,0.));
#12882=DIRECTION('',(0.,0.,-1.));
#12883=DIRECTION('',(-1.,0.,0.));
#12884=DIRECTION('',(0.,0.,1.));
#12885=DIRECTION('',(1.,0.,0.));
#12886=DIRECTION('',(0.,0.,-1.));
#12887=DIRECTION('',(-1.,0.,0.));
#12888=DIRECTION('',(0.,0.,1.));
#12889=DIRECTION('',(1.,0.,0.));
#12890=DIRECTION('',(1.,0.,0.));
#12891=DIRECTION('',(0.,0.,-1.));
#12892=DIRECTION('',(1.,0.,0.));
#12893=DIRECTION('',(-1.,0.,0.));
#12894=DIRECTION('',(0.,0.,1.));
#12895=DIRECTION('',(0.,1.,0.));
#12896=DIRECTION('',(0.,0.,-1.));
#12897=DIRECTION('',(0.,1.,0.));
#12898=DIRECTION('',(-0.866025403784439,0.5,0.));
#12899=DIRECTION('',(-0.5,-0.866025403784439,0.));
#12900=DIRECTION('',(0.5,0.866025403784439,0.));
#12901=DIRECTION('',(0.5,0.866025403784439,0.));
#12902=DIRECTION('',(0.,0.,-1.));
#12903=DIRECTION('',(-1.,0.,0.));
#12904=DIRECTION('',(0.,0.,1.));
#12905=DIRECTION('',(1.,0.,0.));
#12906=DIRECTION('',(0.,0.,1.));
#12907=DIRECTION('',(1.,0.,0.));
#12908=DIRECTION('',(0.,0.,1.));
#12909=DIRECTION('',(1.,0.,0.));
#12910=DIRECTION('',(0.866025403784438,0.5,0.));
#12911=DIRECTION('',(0.5,-0.866025403784438,0.));
#12912=DIRECTION('',(0.642787609686539,0.766044443118979,0.));
#12913=DIRECTION('',(0.866025403784438,0.5,0.));
#12914=DIRECTION('',(-0.965925826289068,0.258819045102521,0.));
#12915=DIRECTION('',(-0.500000000000001,0.866025403784438,0.));
#12916=DIRECTION('',(-0.866025403784439,-0.5,0.));
#12917=DIRECTION('',(0.5,-0.866025403784439,0.));
#12918=DIRECTION('',(0.,0.,1.));
#12919=DIRECTION('',(1.,0.,0.));
#12920=DIRECTION('',(-0.866025403784438,-0.5,0.));
#12921=DIRECTION('',(0.5,-0.866025403784439,0.));
#12922=DIRECTION('',(0.996194698091746,0.0871557427476584,0.));
#12923=DIRECTION('',(-0.342020143325669,0.939692620785908,0.));
#12924=DIRECTION('',(0.,0.,1.));
#12925=DIRECTION('',(1.,0.,0.));
#12926=DIRECTION('',(0.,0.,1.));
#12927=DIRECTION('',(1.,0.,0.));
#12928=DIRECTION('',(0.,0.,1.));
#12929=DIRECTION('',(1.,0.,0.));
#12930=DIRECTION('',(0.,0.,1.));
#12931=DIRECTION('',(1.,0.,0.));
#12932=DIRECTION('',(0.,0.,1.));
#12933=DIRECTION('',(1.,0.,0.));
#12934=DIRECTION('',(0.,0.,1.));
#12935=DIRECTION('',(1.,0.,0.));
#12936=DIRECTION('',(0.,0.,-1.));
#12937=DIRECTION('',(-1.,0.,0.));
#12938=DIRECTION('',(0.,0.,1.));
#12939=DIRECTION('',(1.,0.,0.));
#12940=DIRECTION('',(0.,0.,1.));
#12941=DIRECTION('',(1.,0.,0.));
#12942=DIRECTION('',(0.,0.,-1.));
#12943=DIRECTION('',(-1.,0.,0.));
#12944=DIRECTION('',(0.,0.,1.));
#12945=DIRECTION('',(1.,0.,0.));
#12946=DIRECTION('',(0.,0.,1.));
#12947=DIRECTION('',(1.,0.,0.));
#12948=DIRECTION('',(0.,0.,-1.));
#12949=DIRECTION('',(-1.,0.,0.));
#12950=DIRECTION('',(0.,0.,1.));
#12951=DIRECTION('',(1.,0.,0.));
#12952=DIRECTION('',(0.,0.,1.));
#12953=DIRECTION('',(1.,0.,0.));
#12954=DIRECTION('',(0.,0.,-1.));
#12955=DIRECTION('',(-1.,0.,0.));
#12956=DIRECTION('',(0.,0.,1.));
#12957=DIRECTION('',(1.,0.,0.));
#12958=DIRECTION('',(0.,0.,1.));
#12959=DIRECTION('',(1.,0.,0.));
#12960=DIRECTION('',(0.,0.,-1.));
#12961=DIRECTION('',(-1.,0.,0.));
#12962=DIRECTION('',(0.,0.,1.));
#12963=DIRECTION('',(1.,0.,0.));
#12964=DIRECTION('',(0.,0.,1.));
#12965=DIRECTION('',(1.,0.,0.));
#12966=DIRECTION('',(0.,0.,1.));
#12967=DIRECTION('',(1.,0.,0.));
#12968=DIRECTION('',(0.,0.,1.));
#12969=DIRECTION('',(1.,0.,0.));
#12970=DIRECTION('',(0.,0.,1.));
#12971=DIRECTION('',(1.,0.,0.));
#12972=DIRECTION('',(0.,0.,1.));
#12973=DIRECTION('',(1.,0.,0.));
#12974=DIRECTION('',(0.,0.,1.));
#12975=DIRECTION('',(1.,0.,0.));
#12976=DIRECTION('',(0.,0.,-1.));
#12977=DIRECTION('',(-1.,0.,0.));
#12978=DIRECTION('',(0.,1.,0.));
#12979=DIRECTION('',(-1.,0.,0.));
#12980=DIRECTION('',(0.,1.,0.));
#12981=DIRECTION('',(-1.,0.,0.));
#12982=DIRECTION('',(0.,0.,1.));
#12983=DIRECTION('',(0.,0.,1.));
#12984=DIRECTION('',(0.,1.,0.));
#12985=DIRECTION('',(0.,0.,1.));
#12986=DIRECTION('',(1.,0.,0.));
#12987=DIRECTION('',(1.,0.,0.));
#12988=DIRECTION('',(0.,1.,0.));
#12989=DIRECTION('',(1.,0.,0.));
#12990=DIRECTION('',(0.,0.,-1.));
#12991=DIRECTION('',(0.,0.,-1.));
#12992=DIRECTION('',(0.,1.,0.));
#12993=DIRECTION('',(0.,0.,1.));
#12994=DIRECTION('',(0.,0.,-1.));
#12995=DIRECTION('',(-1.,0.,0.));
#12996=DIRECTION('',(0.,1.,0.));
#12997=DIRECTION('',(-1.,0.,0.));
#12998=DIRECTION('',(0.,1.,0.));
#12999=DIRECTION('',(-1.,0.,0.));
#13000=DIRECTION('',(0.,0.,1.));
#13001=DIRECTION('',(0.,0.,1.));
#13002=DIRECTION('',(0.,1.,0.));
#13003=DIRECTION('',(0.,0.,1.));
#13004=DIRECTION('',(1.,0.,0.));
#13005=DIRECTION('',(1.,0.,0.));
#13006=DIRECTION('',(0.,1.,0.));
#13007=DIRECTION('',(1.,0.,0.));
#13008=DIRECTION('',(0.,0.,-1.));
#13009=DIRECTION('',(0.,0.,-1.));
#13010=DIRECTION('',(0.,1.,0.));
#13011=DIRECTION('',(0.,0.,1.));
#13012=DIRECTION('',(0.,0.,-1.));
#13013=DIRECTION('',(-1.,0.,0.));
#13014=DIRECTION('',(0.,1.,0.));
#13015=DIRECTION('',(-1.,0.,0.));
#13016=DIRECTION('',(0.,1.,0.));
#13017=DIRECTION('',(-1.,0.,0.));
#13018=DIRECTION('',(0.,0.,1.));
#13019=DIRECTION('',(0.,0.,1.));
#13020=DIRECTION('',(0.,1.,0.));
#13021=DIRECTION('',(0.,0.,1.));
#13022=DIRECTION('',(1.,0.,0.));
#13023=DIRECTION('',(1.,0.,0.));
#13024=DIRECTION('',(0.,1.,0.));
#13025=DIRECTION('',(1.,0.,0.));
#13026=DIRECTION('',(0.,0.,-1.));
#13027=DIRECTION('',(0.,0.,-1.));
#13028=DIRECTION('',(0.,1.,0.));
#13029=DIRECTION('',(0.,0.,1.));
#13030=DIRECTION('',(0.,0.,-1.));
#13031=DIRECTION('',(-1.,0.,0.));
#13032=DIRECTION('',(0.,1.,0.));
#13033=DIRECTION('',(-1.,0.,0.));
#13034=DIRECTION('',(0.,1.,0.));
#13035=DIRECTION('',(-1.,0.,0.));
#13036=DIRECTION('',(0.,0.,1.));
#13037=DIRECTION('',(0.,0.,1.));
#13038=DIRECTION('',(0.,1.,0.));
#13039=DIRECTION('',(0.,0.,1.));
#13040=DIRECTION('',(1.,0.,0.));
#13041=DIRECTION('',(1.,0.,0.));
#13042=DIRECTION('',(0.,1.,0.));
#13043=DIRECTION('',(1.,0.,0.));
#13044=DIRECTION('',(0.,0.,-1.));
#13045=DIRECTION('',(0.,0.,-1.));
#13046=DIRECTION('',(0.,1.,0.));
#13047=DIRECTION('',(0.,0.,1.));
#13048=DIRECTION('',(0.,0.,-1.));
#13049=DIRECTION('',(-1.,0.,0.));
#13050=DIRECTION('',(0.,1.,0.));
#13051=DIRECTION('',(-1.,0.,0.));
#13052=DIRECTION('',(0.,1.,0.));
#13053=DIRECTION('',(-1.,0.,0.));
#13054=DIRECTION('',(0.,0.,1.));
#13055=DIRECTION('',(0.,0.,1.));
#13056=DIRECTION('',(0.,1.,0.));
#13057=DIRECTION('',(0.,0.,1.));
#13058=DIRECTION('',(1.,0.,0.));
#13059=DIRECTION('',(1.,0.,0.));
#13060=DIRECTION('',(0.,1.,0.));
#13061=DIRECTION('',(1.,0.,0.));
#13062=DIRECTION('',(0.,0.,-1.));
#13063=DIRECTION('',(0.,0.,-1.));
#13064=DIRECTION('',(0.,1.,0.));
#13065=DIRECTION('',(0.,0.,1.));
#13066=DIRECTION('',(0.,0.,-1.));
#13067=DIRECTION('',(-1.,0.,0.));
#13068=DIRECTION('',(0.,1.,0.));
#13069=DIRECTION('',(-1.,0.,0.));
#13070=DIRECTION('',(0.,1.,0.));
#13071=DIRECTION('',(-1.,0.,0.));
#13072=DIRECTION('',(0.,0.,1.));
#13073=DIRECTION('',(0.,0.,1.));
#13074=DIRECTION('',(0.,1.,0.));
#13075=DIRECTION('',(0.,0.,1.));
#13076=DIRECTION('',(1.,0.,0.));
#13077=DIRECTION('',(1.,0.,0.));
#13078=DIRECTION('',(0.,1.,0.));
#13079=DIRECTION('',(1.,0.,0.));
#13080=DIRECTION('',(0.,0.,-1.));
#13081=DIRECTION('',(0.,0.,-1.));
#13082=DIRECTION('',(0.,1.,0.));
#13083=DIRECTION('',(0.,0.,1.));
#13084=DIRECTION('',(0.,0.,-1.));
#13085=DIRECTION('',(-1.,0.,0.));
#13086=DIRECTION('',(0.,1.,0.));
#13087=DIRECTION('',(-1.,0.,0.));
#13088=DIRECTION('',(0.,1.,0.));
#13089=DIRECTION('',(-1.,0.,0.));
#13090=DIRECTION('',(0.,0.,1.));
#13091=DIRECTION('',(0.,0.,1.));
#13092=DIRECTION('',(0.,1.,0.));
#13093=DIRECTION('',(0.,0.,1.));
#13094=DIRECTION('',(1.,0.,0.));
#13095=DIRECTION('',(1.,0.,0.));
#13096=DIRECTION('',(0.,1.,0.));
#13097=DIRECTION('',(1.,0.,0.));
#13098=DIRECTION('',(0.,0.,-1.));
#13099=DIRECTION('',(0.,0.,-1.));
#13100=DIRECTION('',(0.,1.,0.));
#13101=DIRECTION('',(0.,0.,1.));
#13102=DIRECTION('',(0.,0.,-1.));
#13103=DIRECTION('',(-1.,0.,0.));
#13104=DIRECTION('',(0.,1.,0.));
#13105=DIRECTION('',(-1.,0.,0.));
#13106=DIRECTION('',(0.,1.,0.));
#13107=DIRECTION('',(-1.,0.,0.));
#13108=DIRECTION('',(0.,0.,1.));
#13109=DIRECTION('',(0.,0.,1.));
#13110=DIRECTION('',(0.,1.,0.));
#13111=DIRECTION('',(0.,0.,1.));
#13112=DIRECTION('',(1.,0.,0.));
#13113=DIRECTION('',(1.,0.,0.));
#13114=DIRECTION('',(0.,1.,0.));
#13115=DIRECTION('',(1.,0.,0.));
#13116=DIRECTION('',(0.,0.,-1.));
#13117=DIRECTION('',(0.,0.,-1.));
#13118=DIRECTION('',(0.,1.,0.));
#13119=DIRECTION('',(0.,0.,1.));
#13120=DIRECTION('',(0.,0.,-1.));
#13121=DIRECTION('',(-1.,0.,0.));
#13122=DIRECTION('',(0.,1.,0.));
#13123=DIRECTION('',(-1.,0.,0.));
#13124=DIRECTION('',(0.,1.,0.));
#13125=DIRECTION('',(-1.,0.,0.));
#13126=DIRECTION('',(0.,0.,1.));
#13127=DIRECTION('',(0.,0.,1.));
#13128=DIRECTION('',(0.,1.,0.));
#13129=DIRECTION('',(0.,0.,1.));
#13130=DIRECTION('',(1.,0.,0.));
#13131=DIRECTION('',(1.,0.,0.));
#13132=DIRECTION('',(0.,1.,0.));
#13133=DIRECTION('',(1.,0.,0.));
#13134=DIRECTION('',(0.,0.,-1.));
#13135=DIRECTION('',(0.,0.,-1.));
#13136=DIRECTION('',(0.,1.,0.));
#13137=DIRECTION('',(0.,0.,1.));
#13138=DIRECTION('',(0.,0.,-1.));
#13139=DIRECTION('',(-1.,0.,0.));
#13140=DIRECTION('',(0.,1.,0.));
#13141=DIRECTION('',(-1.,0.,0.));
#13142=DIRECTION('',(0.,1.,0.));
#13143=DIRECTION('',(-1.,0.,0.));
#13144=DIRECTION('',(0.,0.,1.));
#13145=DIRECTION('',(0.,0.,1.));
#13146=DIRECTION('',(0.,1.,0.));
#13147=DIRECTION('',(0.,0.,1.));
#13148=DIRECTION('',(1.,0.,0.));
#13149=DIRECTION('',(1.,0.,0.));
#13150=DIRECTION('',(0.,1.,0.));
#13151=DIRECTION('',(1.,0.,0.));
#13152=DIRECTION('',(0.,0.,-1.));
#13153=DIRECTION('',(0.,0.,-1.));
#13154=DIRECTION('',(0.,1.,0.));
#13155=DIRECTION('',(0.,0.,1.));
#13156=DIRECTION('',(0.,0.,-1.));
#13157=DIRECTION('',(-1.,0.,0.));
#13158=DIRECTION('',(0.,1.,0.));
#13159=DIRECTION('',(-1.,0.,0.));
#13160=DIRECTION('',(0.,1.,0.));
#13161=DIRECTION('',(-1.,0.,0.));
#13162=DIRECTION('',(0.,0.,1.));
#13163=DIRECTION('',(0.,0.,1.));
#13164=DIRECTION('',(0.,1.,0.));
#13165=DIRECTION('',(0.,0.,1.));
#13166=DIRECTION('',(1.,0.,0.));
#13167=DIRECTION('',(1.,0.,0.));
#13168=DIRECTION('',(0.,1.,0.));
#13169=DIRECTION('',(1.,0.,0.));
#13170=DIRECTION('',(0.,0.,-1.));
#13171=DIRECTION('',(0.,0.,-1.));
#13172=DIRECTION('',(0.,1.,0.));
#13173=DIRECTION('',(0.,0.,1.));
#13174=DIRECTION('',(0.,0.,-1.));
#13175=DIRECTION('',(-1.,0.,0.));
#13176=DIRECTION('',(0.,1.,0.));
#13177=DIRECTION('',(-1.,0.,0.));
#13178=DIRECTION('',(0.,1.,0.));
#13179=DIRECTION('',(-1.,0.,0.));
#13180=DIRECTION('',(0.,0.,1.));
#13181=DIRECTION('',(0.,0.,1.));
#13182=DIRECTION('',(0.,1.,0.));
#13183=DIRECTION('',(0.,0.,1.));
#13184=DIRECTION('',(1.,0.,0.));
#13185=DIRECTION('',(1.,0.,0.));
#13186=DIRECTION('',(0.,1.,0.));
#13187=DIRECTION('',(1.,0.,0.));
#13188=DIRECTION('',(0.,0.,-1.));
#13189=DIRECTION('',(0.,0.,-1.));
#13190=DIRECTION('',(0.,1.,0.));
#13191=DIRECTION('',(0.,0.,1.));
#13192=DIRECTION('',(-0.866025403784438,-0.5,0.));
#13193=DIRECTION('',(0.5,-0.866025403784439,0.));
#13194=DIRECTION('',(0.5,-0.866025403784438,0.));
#13195=DIRECTION('',(0.,0.,1.));
#13196=DIRECTION('',(0.766044443118979,-0.642787609686538,0.));
#13197=DIRECTION('',(0.642787609686538,0.766044443118979,0.));
#13198=DIRECTION('',(0.642787609686539,0.766044443118979,0.));
#13199=DIRECTION('',(0.,0.,1.));
#13200=DIRECTION('',(0.5,-0.866025403784438,0.));
#13201=DIRECTION('',(0.866025403784439,0.5,0.));
#13202=DIRECTION('',(0.866025403784438,0.5,0.));
#13203=DIRECTION('',(0.,0.,1.));
#13204=DIRECTION('',(0.258819045102521,0.965925826289068,0.));
#13205=DIRECTION('',(-0.965925826289068,0.258819045102521,0.));
#13206=DIRECTION('',(-0.965925826289068,0.258819045102521,0.));
#13207=DIRECTION('',(0.,0.,1.));
#13208=DIRECTION('',(0.866025403784438,0.500000000000001,0.));
#13209=DIRECTION('',(-0.500000000000001,0.866025403784438,0.));
#13210=DIRECTION('',(-0.500000000000001,0.866025403784438,0.));
#13211=DIRECTION('',(0.,0.,1.));
#13212=DIRECTION('',(1.,0.,0.));
#13213=DIRECTION('',(-0.5,0.866025403784439,0.));
#13214=DIRECTION('',(-0.866025403784439,-0.5,0.));
#13215=DIRECTION('',(-0.866025403784439,-0.5,0.));
#13216=DIRECTION('',(0.,0.,1.));
#13217=DIRECTION('',(-0.866025403784439,-0.5,0.));
#13218=DIRECTION('',(0.5,-0.866025403784439,0.));
#13219=DIRECTION('',(0.5,-0.866025403784439,0.));
#13220=DIRECTION('',(0.,0.,1.));
#13221=DIRECTION('',(0.5,-0.866025403784438,0.));
#13222=DIRECTION('',(0.866025403784438,0.5,0.));
#13223=DIRECTION('',(0.866025403784438,0.5,0.));
#13224=DIRECTION('',(0.,0.,1.));
#13225=DIRECTION('',(1.,0.,0.));
#13226=DIRECTION('',(-0.5,0.866025403784438,0.));
#13227=DIRECTION('',(-0.866025403784439,-0.5,0.));
#13228=DIRECTION('',(0.,0.,1.));
#13229=DIRECTION('',(-0.866025403784438,-0.5,0.));
#13230=DIRECTION('',(0.,0.,1.));
#13231=DIRECTION('',(-0.866025403784439,-0.5,0.));
#13232=DIRECTION('',(0.5,-0.866025403784439,0.));
#13233=DIRECTION('',(0.,0.,1.));
#13234=DIRECTION('',(0.5,-0.866025403784439,0.));
#13235=DIRECTION('',(0.,0.,1.));
#13236=DIRECTION('',(0.5,-0.866025403784439,0.));
#13237=DIRECTION('',(0.0871557427476584,-0.996194698091745,0.));
#13238=DIRECTION('',(0.996194698091746,0.0871557427476584,0.));
#13239=DIRECTION('',(0.996194698091746,0.0871557427476584,0.));
#13240=DIRECTION('',(0.,0.,1.));
#13241=DIRECTION('',(0.939692620785908,0.342020143325669,0.));
#13242=DIRECTION('',(-0.342020143325669,0.939692620785908,0.));
#13243=DIRECTION('',(-0.342020143325669,0.939692620785908,0.));
#13244=DIRECTION('',(0.,0.,1.));
#13245=DIRECTION('',(0.,0.,1.));
#13246=DIRECTION('',(1.,0.,0.));
#13247=DIRECTION('',(0.,0.,1.));
#13248=DIRECTION('',(1.,0.,0.));
#13249=DIRECTION('',(0.,0.,1.));
#13250=DIRECTION('',(0.,0.,1.));
#13251=DIRECTION('',(1.,0.,0.));
#13252=DIRECTION('',(0.,0.,1.));
#13253=DIRECTION('',(1.,0.,0.));
#13254=DIRECTION('',(0.866025403784439,0.5,0.));
#13255=DIRECTION('',(0.5,-0.866025403784439,0.));
#13256=DIRECTION('',(0.866025403784439,0.5,0.));
#13257=DIRECTION('',(0.866025403784439,0.5,0.));
#13258=DIRECTION('',(0.,0.,1.));
#13259=DIRECTION('',(1.,0.,0.));
#13260=DIRECTION('',(0.,0.,-1.));
#13261=DIRECTION('',(-1.,0.,0.));
#13262=DIRECTION('',(0.,0.,-1.));
#13263=DIRECTION('',(-1.,0.,0.));
#13264=DIRECTION('',(0.,0.,-1.));
#13265=DIRECTION('',(-1.,0.,0.));
#13266=DIRECTION('',(0.,0.,-1.));
#13267=DIRECTION('',(-1.,0.,0.));
#13268=DIRECTION('',(0.,0.,-1.));
#13269=DIRECTION('',(-1.,0.,0.));
#13270=DIRECTION('',(0.,0.,-1.));
#13271=DIRECTION('',(-1.,0.,0.));
#13272=DIRECTION('',(-0.258819045102521,-0.965925826289068,0.));
#13273=DIRECTION('',(0.965925826289068,-0.258819045102521,0.));
#13274=DIRECTION('',(-0.866025403784438,0.500000000000001,0.));
#13275=DIRECTION('',(-0.500000000000001,-0.866025403784438,0.));
#13276=DIRECTION('',(-0.258819045102521,-0.965925826289068,0.));
#13277=DIRECTION('',(0.965925826289068,-0.258819045102521,0.));
#13278=DIRECTION('',(-0.866025403784438,0.500000000000001,0.));
#13279=DIRECTION('',(-0.500000000000001,-0.866025403784438,0.));
#13280=DIRECTION('',(-0.258819045102521,-0.965925826289068,0.));
#13281=DIRECTION('',(0.965925826289068,-0.258819045102521,0.));
#13282=DIRECTION('',(-0.866025403784438,0.500000000000001,0.));
#13283=DIRECTION('',(-0.500000000000001,-0.866025403784438,0.));
#13284=DIRECTION('',(-0.258819045102521,-0.965925826289068,0.));
#13285=DIRECTION('',(0.965925826289068,-0.258819045102521,0.));
#13286=DIRECTION('',(-0.866025403784438,0.500000000000001,0.));
#13287=DIRECTION('',(-0.500000000000001,-0.866025403784438,0.));
#13288=DIRECTION('',(-0.258819045102521,-0.965925826289068,0.));
#13289=DIRECTION('',(0.965925826289068,-0.258819045102521,0.));
#13290=DIRECTION('',(-0.866025403784438,0.500000000000001,0.));
#13291=DIRECTION('',(-0.500000000000001,-0.866025403784438,0.));
#13292=DIRECTION('',(-0.258819045102521,-0.965925826289068,0.));
#13293=DIRECTION('',(0.965925826289068,-0.258819045102521,0.));
#13294=DIRECTION('',(-0.866025403784438,0.500000000000001,0.));
#13295=DIRECTION('',(-0.500000000000001,-0.866025403784438,0.));
#13296=DIRECTION('',(-0.998134798421867,-0.0610485395348565,0.));
#13297=DIRECTION('',(0.0610485395348565,-0.998134798421867,0.));
#13298=DIRECTION('',(0.,0.,-1.));
#13299=DIRECTION('',(-0.0610485395348565,0.998134798421867,0.));
#13300=DIRECTION('',(0.,0.,-1.));
#13301=DIRECTION('',(-0.0610485395348565,0.998134798421867,0.));
#13302=DIRECTION('',(0.,0.,-1.));
#13303=DIRECTION('',(-1.,0.,0.));
#13304=DIRECTION('',(0.,0.,1.));
#13305=DIRECTION('',(1.,0.,0.));
#13306=DIRECTION('',(0.,0.,1.));
#13307=DIRECTION('',(1.,0.,0.));
#13308=DIRECTION('',(0.,0.,-1.));
#13309=DIRECTION('',(-1.,0.,0.));
#13310=DIRECTION('',(0.,0.,1.));
#13311=DIRECTION('',(1.,0.,0.));
#13312=DIRECTION('',(0.,0.,1.));
#13313=DIRECTION('',(1.,0.,0.));
#13314=DIRECTION('',(0.,0.,-1.));
#13315=DIRECTION('',(-1.,0.,0.));
#13316=DIRECTION('',(0.,0.,-1.));
#13317=DIRECTION('',(-0.998134798421867,-0.0610485395348575,0.));
#13318=DIRECTION('',(0.0610485395348575,-0.998134798421867,0.));
#13319=DIRECTION('',(-0.0610485395348575,0.998134798421867,0.));
#13320=DIRECTION('',(-0.0610485395348575,0.998134798421867,0.));
#13321=DIRECTION('',(0.,0.,-1.));
#13322=DIRECTION('',(0.,0.,1.));
#13323=DIRECTION('',(1.,0.,0.));
#13324=DIRECTION('',(-0.852640164354092,0.522498564715949,0.));
#13325=DIRECTION('',(0.,0.,1.));
#13326=DIRECTION('',(1.,0.,0.));
#13327=DIRECTION('',(0.0610485395348549,-0.998134798421867,0.));
#13328=DIRECTION('',(0.,0.,1.));
#13329=DIRECTION('',(1.,0.,0.));
#13330=DIRECTION('',(0.998134798421867,0.0610485395348583,0.));
#13331=DIRECTION('',(0.,0.,1.));
#13332=DIRECTION('',(1.,0.,0.));
#13333=DIRECTION('',(0.0610485395348567,-0.998134798421867,0.));
#13334=DIRECTION('',(0.,0.,1.));
#13335=DIRECTION('',(1.,0.,0.));
#13336=DIRECTION('',(0.329265526294495,0.94423737121235,0.));
#13337=DIRECTION('',(0.,0.,1.));
#13338=DIRECTION('',(1.,0.,0.));
#13339=DIRECTION('',(0.,0.,1.));
#13340=DIRECTION('',(1.,0.,0.));
#13341=DIRECTION('',(-0.52249856471595,-0.852640164354092,0.));
#13342=DIRECTION('',(0.,0.,1.));
#13343=DIRECTION('',(1.,0.,0.));
#13344=DIRECTION('',(0.,0.,1.));
#13345=DIRECTION('',(1.,0.,0.));
#13346=DIRECTION('',(0.,0.,1.));
#13347=DIRECTION('',(1.,0.,0.));
#13348=DIRECTION('',(-0.852640164354092,0.522498564715949,0.));
#13349=DIRECTION('',(0.,0.,1.));
#13350=DIRECTION('',(1.,0.,0.));
#13351=DIRECTION('',(-0.52249856471595,-0.852640164354092,0.));
#13352=DIRECTION('',(0.,0.,1.));
#13353=DIRECTION('',(1.,0.,0.));
#13354=DIRECTION('',(0.,0.,1.));
#13355=DIRECTION('',(1.,0.,0.));
#13356=DIRECTION('',(0.329265526294495,0.94423737121235,0.));
#13357=DIRECTION('',(0.,0.,1.));
#13358=DIRECTION('',(1.,0.,0.));
#13359=DIRECTION('',(0.0610485395348567,-0.998134798421867,0.));
#13360=DIRECTION('',(0.,0.,1.));
#13361=DIRECTION('',(1.,0.,0.));
#13362=DIRECTION('',(0.998134798421867,0.0610485395348583,0.));
#13363=DIRECTION('',(0.,0.,1.));
#13364=DIRECTION('',(1.,0.,0.));
#13365=DIRECTION('',(0.0610485395348549,-0.998134798421867,0.));
#13366=DIRECTION('',(0.852640164354091,-0.52249856471595,0.));
#13367=DIRECTION('',(0.52249856471595,0.852640164354092,0.));
#13368=DIRECTION('',(0.,0.,-1.));
#13369=DIRECTION('',(-0.52249856471595,-0.852640164354092,0.));
#13370=DIRECTION('',(0.,0.,-1.));
#13371=DIRECTION('',(-0.52249856471595,-0.852640164354092,0.));
#13372=DIRECTION('',(0.,0.,-1.));
#13373=DIRECTION('',(-1.,0.,0.));
#13374=DIRECTION('',(0.,0.,1.));
#13375=DIRECTION('',(1.,0.,0.));
#13376=DIRECTION('',(0.,0.,-1.));
#13377=DIRECTION('',(0.,0.,-1.));
#13378=DIRECTION('',(0.,0.,-1.));
#13379=DIRECTION('',(0.,0.,1.));
#13380=DIRECTION('',(1.,0.,0.));
#13381=DIRECTION('',(0.998134798421867,0.0610485395348549,0.));
#13382=DIRECTION('',(-0.0610485395348549,0.998134798421867,0.));
#13383=DIRECTION('',(0.,0.,-1.));
#13384=DIRECTION('',(0.,0.,-1.));
#13385=DIRECTION('',(-1.,0.,0.));
#13386=DIRECTION('',(0.,0.,-1.));
#13387=DIRECTION('',(-0.0610485395348583,0.998134798421867,0.));
#13388=DIRECTION('',(-0.998134798421867,-0.0610485395348583,0.));
#13389=DIRECTION('',(0.,0.,-1.));
#13390=DIRECTION('',(0.,0.,-1.));
#13391=DIRECTION('',(-1.,0.,0.));
#13392=DIRECTION('',(0.,0.,-1.));
#13393=DIRECTION('',(0.998134798421867,0.0610485395348567,0.));
#13394=DIRECTION('',(-0.0610485395348567,0.998134798421867,0.));
#13395=DIRECTION('',(0.,0.,-1.));
#13396=DIRECTION('',(-1.,0.,0.));
#13397=DIRECTION('',(0.,0.,-1.));
#13398=DIRECTION('',(-0.94423737121235,0.329265526294495,0.));
#13399=DIRECTION('',(-0.329265526294495,-0.94423737121235,0.));
#13400=DIRECTION('',(0.,0.,-1.));
#13401=DIRECTION('',(0.,0.,-1.));
#13402=DIRECTION('',(-1.,0.,0.));
#13403=DIRECTION('',(-0.998134798421867,-0.0610485395348565,0.));
#13404=DIRECTION('',(0.0610485395348565,-0.998134798421867,0.));
#13405=DIRECTION('',(0.,0.,-1.));
#13406=DIRECTION('',(-0.0610485395348565,0.998134798421867,0.));
#13407=DIRECTION('',(0.,0.,-1.));
#13408=DIRECTION('',(-0.0610485395348565,0.998134798421867,0.));
#13409=DIRECTION('',(0.,0.,-1.));
#13410=DIRECTION('',(-1.,0.,0.));
#13411=DIRECTION('',(0.,0.,1.));
#13412=DIRECTION('',(1.,0.,0.));
#13413=DIRECTION('',(0.,0.,1.));
#13414=DIRECTION('',(1.,0.,0.));
#13415=DIRECTION('',(0.,0.,-1.));
#13416=DIRECTION('',(-1.,0.,0.));
#13417=DIRECTION('',(0.,0.,1.));
#13418=DIRECTION('',(1.,0.,0.));
#13419=DIRECTION('',(0.,0.,1.));
#13420=DIRECTION('',(1.,0.,0.));
#13421=DIRECTION('',(-0.998134798421867,-0.0610485395348565,0.));
#13422=DIRECTION('',(0.0610485395348565,-0.998134798421867,0.));
#13423=DIRECTION('',(0.,0.,-1.));
#13424=DIRECTION('',(-0.0610485395348565,0.998134798421867,0.));
#13425=DIRECTION('',(0.,0.,-1.));
#13426=DIRECTION('',(-0.0610485395348565,0.998134798421867,0.));
#13427=DIRECTION('',(0.,0.,-1.));
#13428=DIRECTION('',(-1.,0.,0.));
#13429=DIRECTION('',(0.,0.,1.));
#13430=DIRECTION('',(1.,0.,0.));
#13431=DIRECTION('',(0.,0.,1.));
#13432=DIRECTION('',(1.,0.,0.));
#13433=DIRECTION('',(0.,0.,-1.));
#13434=DIRECTION('',(-1.,0.,0.));
#13435=DIRECTION('',(0.,0.,1.));
#13436=DIRECTION('',(1.,0.,0.));
#13437=DIRECTION('',(0.,0.,1.));
#13438=DIRECTION('',(1.,0.,0.));
#13439=DIRECTION('',(-0.998134798421867,-0.0610485395348565,0.));
#13440=DIRECTION('',(0.0610485395348565,-0.998134798421867,0.));
#13441=DIRECTION('',(0.,0.,-1.));
#13442=DIRECTION('',(-0.0610485395348565,0.998134798421867,0.));
#13443=DIRECTION('',(0.,0.,-1.));
#13444=DIRECTION('',(-0.0610485395348565,0.998134798421867,0.));
#13445=DIRECTION('',(0.,0.,-1.));
#13446=DIRECTION('',(-1.,0.,0.));
#13447=DIRECTION('',(0.,0.,1.));
#13448=DIRECTION('',(1.,0.,0.));
#13449=DIRECTION('',(0.,0.,1.));
#13450=DIRECTION('',(1.,0.,0.));
#13451=DIRECTION('',(0.,0.,-1.));
#13452=DIRECTION('',(-1.,0.,0.));
#13453=DIRECTION('',(0.,0.,1.));
#13454=DIRECTION('',(1.,0.,0.));
#13455=DIRECTION('',(0.,0.,1.));
#13456=DIRECTION('',(1.,0.,0.));
#13457=DIRECTION('',(-0.998134798421867,-0.0610485395348565,0.));
#13458=DIRECTION('',(0.0610485395348565,-0.998134798421867,0.));
#13459=DIRECTION('',(0.,0.,-1.));
#13460=DIRECTION('',(-0.0610485395348565,0.998134798421867,0.));
#13461=DIRECTION('',(0.,0.,-1.));
#13462=DIRECTION('',(-0.0610485395348565,0.998134798421867,0.));
#13463=DIRECTION('',(0.,0.,-1.));
#13464=DIRECTION('',(-1.,0.,0.));
#13465=DIRECTION('',(0.,0.,1.));
#13466=DIRECTION('',(1.,0.,0.));
#13467=DIRECTION('',(0.,0.,1.));
#13468=DIRECTION('',(1.,0.,0.));
#13469=DIRECTION('',(0.,0.,-1.));
#13470=DIRECTION('',(-1.,0.,0.));
#13471=DIRECTION('',(0.,0.,1.));
#13472=DIRECTION('',(1.,0.,0.));
#13473=DIRECTION('',(0.,0.,1.));
#13474=DIRECTION('',(1.,0.,0.));
#13475=DIRECTION('',(-0.998134798421867,-0.0610485395348565,0.));
#13476=DIRECTION('',(0.0610485395348565,-0.998134798421867,0.));
#13477=DIRECTION('',(0.,0.,-1.));
#13478=DIRECTION('',(-0.0610485395348565,0.998134798421867,0.));
#13479=DIRECTION('',(0.,0.,-1.));
#13480=DIRECTION('',(-0.0610485395348565,0.998134798421867,0.));
#13481=DIRECTION('',(0.,0.,-1.));
#13482=DIRECTION('',(-1.,0.,0.));
#13483=DIRECTION('',(0.,0.,1.));
#13484=DIRECTION('',(1.,0.,0.));
#13485=DIRECTION('',(0.,0.,1.));
#13486=DIRECTION('',(1.,0.,0.));
#13487=DIRECTION('',(0.,0.,-1.));
#13488=DIRECTION('',(-1.,0.,0.));
#13489=DIRECTION('',(0.,0.,1.));
#13490=DIRECTION('',(1.,0.,0.));
#13491=DIRECTION('',(0.,0.,1.));
#13492=DIRECTION('',(1.,0.,0.));
#13493=DIRECTION('',(0.998134798421867,0.0610485395348567,0.));
#13494=DIRECTION('',(-0.0610485395348567,0.998134798421867,0.));
#13495=DIRECTION('',(0.0610485395348567,-0.998134798421867,0.));
#13496=DIRECTION('',(0.,0.,-1.));
#13497=DIRECTION('',(0.0610485395348567,-0.998134798421867,0.));
#13498=DIRECTION('',(0.,0.,-1.));
#13499=DIRECTION('',(0.,0.,-1.));
#13500=DIRECTION('',(-1.,0.,0.));
#13501=DIRECTION('',(0.,0.,1.));
#13502=DIRECTION('',(1.,0.,0.));
#13503=DIRECTION('',(-0.199367934417198,-0.979924704620829,0.));
#13504=DIRECTION('',(0.979924704620829,-0.199367934417198,0.));
#13505=DIRECTION('',(-0.979924704620829,0.199367934417198,0.));
#13506=DIRECTION('',(0.,0.,-1.));
#13507=DIRECTION('',(-0.998134798421867,-0.0610485395348575,0.));
#13508=DIRECTION('',(0.0610485395348575,-0.998134798421867,0.));
#13509=DIRECTION('',(-0.0610485395348575,0.998134798421867,0.));
#13510=DIRECTION('',(-0.0610485395348575,0.998134798421867,0.));
#13511=DIRECTION('',(0.,0.,-1.));
#13512=DIRECTION('',(-0.998134798421867,-0.0610485395348575,0.));
#13513=DIRECTION('',(0.0610485395348575,-0.998134798421867,0.));
#13514=DIRECTION('',(-0.0610485395348575,0.998134798421867,0.));
#13515=DIRECTION('',(0.,0.,-1.));
#13516=DIRECTION('',(0.,0.,1.));
#13517=DIRECTION('',(1.,0.,0.));
#13518=DIRECTION('',(-0.852640164354092,0.522498564715949,0.));
#13519=DIRECTION('',(0.,0.,1.));
#13520=DIRECTION('',(1.,0.,0.));
#13521=DIRECTION('',(0.0610485395348549,-0.998134798421867,0.));
#13522=DIRECTION('',(0.,0.,1.));
#13523=DIRECTION('',(1.,0.,0.));
#13524=DIRECTION('',(0.998134798421867,0.0610485395348583,0.));
#13525=DIRECTION('',(0.,0.,1.));
#13526=DIRECTION('',(1.,0.,0.));
#13527=DIRECTION('',(0.,0.,1.));
#13528=DIRECTION('',(1.,0.,0.));
#13529=DIRECTION('',(0.,0.,1.));
#13530=DIRECTION('',(1.,0.,0.));
#13531=DIRECTION('',(0.329265526294495,0.94423737121235,0.));
#13532=DIRECTION('',(0.,0.,1.));
#13533=DIRECTION('',(1.,0.,0.));
#13534=DIRECTION('',(0.,0.,1.));
#13535=DIRECTION('',(1.,0.,0.));
#13536=DIRECTION('',(-0.52249856471595,-0.852640164354092,0.));
#13537=DIRECTION('',(0.,0.,1.));
#13538=DIRECTION('',(1.,0.,0.));
#13539=DIRECTION('',(0.,0.,1.));
#13540=DIRECTION('',(1.,0.,0.));
#13541=DIRECTION('',(0.,0.,1.));
#13542=DIRECTION('',(1.,0.,0.));
#13543=DIRECTION('',(-0.852640164354092,0.522498564715949,0.));
#13544=DIRECTION('',(0.,0.,1.));
#13545=DIRECTION('',(1.,0.,0.));
#13546=DIRECTION('',(-0.52249856471595,-0.852640164354092,0.));
#13547=DIRECTION('',(0.,0.,1.));
#13548=DIRECTION('',(1.,0.,0.));
#13549=DIRECTION('',(0.,0.,1.));
#13550=DIRECTION('',(1.,0.,0.));
#13551=DIRECTION('',(0.329265526294495,0.94423737121235,0.));
#13552=DIRECTION('',(0.,0.,1.));
#13553=DIRECTION('',(1.,0.,0.));
#13554=DIRECTION('',(0.,0.,1.));
#13555=DIRECTION('',(1.,0.,0.));
#13556=DIRECTION('',(0.998134798421867,0.0610485395348583,0.));
#13557=DIRECTION('',(0.,0.,1.));
#13558=DIRECTION('',(1.,0.,0.));
#13559=DIRECTION('',(0.0610485395348549,-0.998134798421867,0.));
#13560=DIRECTION('',(0.852640164354091,-0.52249856471595,0.));
#13561=DIRECTION('',(0.52249856471595,0.852640164354092,0.));
#13562=DIRECTION('',(0.,0.,-1.));
#13563=DIRECTION('',(-0.52249856471595,-0.852640164354092,0.));
#13564=DIRECTION('',(0.,0.,-1.));
#13565=DIRECTION('',(-0.52249856471595,-0.852640164354092,0.));
#13566=DIRECTION('',(0.,0.,-1.));
#13567=DIRECTION('',(-1.,0.,0.));
#13568=DIRECTION('',(0.,0.,1.));
#13569=DIRECTION('',(1.,0.,0.));
#13570=DIRECTION('',(0.,0.,-1.));
#13571=DIRECTION('',(0.,0.,-1.));
#13572=DIRECTION('',(0.,0.,-1.));
#13573=DIRECTION('',(0.,0.,1.));
#13574=DIRECTION('',(1.,0.,0.));
#13575=DIRECTION('',(0.998134798421867,0.0610485395348549,0.));
#13576=DIRECTION('',(-0.0610485395348549,0.998134798421867,0.));
#13577=DIRECTION('',(0.,0.,-1.));
#13578=DIRECTION('',(0.,0.,-1.));
#13579=DIRECTION('',(-1.,0.,0.));
#13580=DIRECTION('',(0.,0.,-1.));
#13581=DIRECTION('',(-0.0610485395348583,0.998134798421867,0.));
#13582=DIRECTION('',(-0.998134798421867,-0.0610485395348583,0.));
#13583=DIRECTION('',(0.,0.,-1.));
#13584=DIRECTION('',(0.,0.,-1.));
#13585=DIRECTION('',(-1.,0.,0.));
#13586=DIRECTION('',(0.,0.,-1.));
#13587=DIRECTION('',(-1.,0.,0.));
#13588=DIRECTION('',(0.,0.,-1.));
#13589=DIRECTION('',(-1.,0.,0.));
#13590=DIRECTION('',(0.,0.,-1.));
#13591=DIRECTION('',(-0.94423737121235,0.329265526294495,0.));
#13592=DIRECTION('',(-0.329265526294495,-0.94423737121235,0.));
#13593=DIRECTION('',(0.,0.,-1.));
#13594=DIRECTION('',(0.,0.,-1.));
#13595=DIRECTION('',(-1.,0.,0.));
#13596=DIRECTION('',(0.998134798421867,0.0610485395348567,0.));
#13597=DIRECTION('',(-0.0610485395348567,0.998134798421867,0.));
#13598=DIRECTION('',(0.0610485395348567,-0.998134798421867,0.));
#13599=DIRECTION('',(0.,0.,-1.));
#13600=DIRECTION('',(0.0610485395348567,-0.998134798421867,0.));
#13601=DIRECTION('',(0.,0.,-1.));
#13602=DIRECTION('',(0.,0.,-1.));
#13603=DIRECTION('',(-1.,0.,0.));
#13604=DIRECTION('',(0.,0.,1.));
#13605=DIRECTION('',(1.,0.,0.));
#13606=DIRECTION('',(-0.199367934417198,-0.979924704620829,0.));
#13607=DIRECTION('',(0.979924704620829,-0.199367934417198,0.));
#13608=DIRECTION('',(-0.979924704620829,0.199367934417198,0.));
#13609=DIRECTION('',(0.,0.,-1.));
#13610=DIRECTION('',(-0.998134798421867,-0.0610485395348575,0.));
#13611=DIRECTION('',(0.0610485395348575,-0.998134798421867,0.));
#13612=DIRECTION('',(-0.0610485395348575,0.998134798421867,0.));
#13613=DIRECTION('',(-0.0610485395348575,0.998134798421867,0.));
#13614=DIRECTION('',(0.,0.,-1.));
#13615=DIRECTION('',(-0.998134798421867,-0.0610485395348575,0.));
#13616=DIRECTION('',(0.0610485395348575,-0.998134798421867,0.));
#13617=DIRECTION('',(-0.0610485395348575,0.998134798421867,0.));
#13618=DIRECTION('',(0.,0.,-1.));
#13619=DIRECTION('',(0.,0.,1.));
#13620=DIRECTION('',(1.,0.,0.));
#13621=DIRECTION('',(-0.852640164354092,0.522498564715949,0.));
#13622=DIRECTION('',(0.,0.,1.));
#13623=DIRECTION('',(1.,0.,0.));
#13624=DIRECTION('',(0.0610485395348549,-0.998134798421867,0.));
#13625=DIRECTION('',(0.,0.,1.));
#13626=DIRECTION('',(1.,0.,0.));
#13627=DIRECTION('',(0.998134798421867,0.0610485395348583,0.));
#13628=DIRECTION('',(0.,0.,1.));
#13629=DIRECTION('',(1.,0.,0.));
#13630=DIRECTION('',(0.,0.,1.));
#13631=DIRECTION('',(1.,0.,0.));
#13632=DIRECTION('',(0.,0.,1.));
#13633=DIRECTION('',(1.,0.,0.));
#13634=DIRECTION('',(0.329265526294495,0.94423737121235,0.));
#13635=DIRECTION('',(0.,0.,1.));
#13636=DIRECTION('',(1.,0.,0.));
#13637=DIRECTION('',(0.,0.,1.));
#13638=DIRECTION('',(1.,0.,0.));
#13639=DIRECTION('',(-0.52249856471595,-0.852640164354092,0.));
#13640=DIRECTION('',(0.,0.,1.));
#13641=DIRECTION('',(1.,0.,0.));
#13642=DIRECTION('',(0.,0.,1.));
#13643=DIRECTION('',(1.,0.,0.));
#13644=DIRECTION('',(0.,0.,1.));
#13645=DIRECTION('',(1.,0.,0.));
#13646=DIRECTION('',(-0.852640164354092,0.522498564715949,0.));
#13647=DIRECTION('',(0.,0.,1.));
#13648=DIRECTION('',(1.,0.,0.));
#13649=DIRECTION('',(-0.52249856471595,-0.852640164354092,0.));
#13650=DIRECTION('',(0.,0.,1.));
#13651=DIRECTION('',(1.,0.,0.));
#13652=DIRECTION('',(0.,0.,1.));
#13653=DIRECTION('',(1.,0.,0.));
#13654=DIRECTION('',(0.329265526294495,0.94423737121235,0.));
#13655=DIRECTION('',(0.,0.,1.));
#13656=DIRECTION('',(1.,0.,0.));
#13657=DIRECTION('',(0.,0.,1.));
#13658=DIRECTION('',(1.,0.,0.));
#13659=DIRECTION('',(0.998134798421867,0.0610485395348583,0.));
#13660=DIRECTION('',(0.,0.,1.));
#13661=DIRECTION('',(1.,0.,0.));
#13662=DIRECTION('',(0.0610485395348549,-0.998134798421867,0.));
#13663=DIRECTION('',(0.852640164354091,-0.52249856471595,0.));
#13664=DIRECTION('',(0.52249856471595,0.852640164354092,0.));
#13665=DIRECTION('',(0.,0.,-1.));
#13666=DIRECTION('',(-0.52249856471595,-0.852640164354092,0.));
#13667=DIRECTION('',(0.,0.,-1.));
#13668=DIRECTION('',(-0.52249856471595,-0.852640164354092,0.));
#13669=DIRECTION('',(0.,0.,-1.));
#13670=DIRECTION('',(-1.,0.,0.));
#13671=DIRECTION('',(0.,0.,1.));
#13672=DIRECTION('',(1.,0.,0.));
#13673=DIRECTION('',(0.,0.,-1.));
#13674=DIRECTION('',(0.,0.,-1.));
#13675=DIRECTION('',(0.,0.,-1.));
#13676=DIRECTION('',(0.,0.,1.));
#13677=DIRECTION('',(1.,0.,0.));
#13678=DIRECTION('',(0.998134798421867,0.0610485395348549,0.));
#13679=DIRECTION('',(-0.0610485395348549,0.998134798421867,0.));
#13680=DIRECTION('',(0.,0.,-1.));
#13681=DIRECTION('',(0.,0.,-1.));
#13682=DIRECTION('',(-1.,0.,0.));
#13683=DIRECTION('',(0.,0.,-1.));
#13684=DIRECTION('',(-0.0610485395348583,0.998134798421867,0.));
#13685=DIRECTION('',(-0.998134798421867,-0.0610485395348583,0.));
#13686=DIRECTION('',(0.,0.,-1.));
#13687=DIRECTION('',(0.,0.,-1.));
#13688=DIRECTION('',(-1.,0.,0.));
#13689=DIRECTION('',(0.,0.,-1.));
#13690=DIRECTION('',(-1.,0.,0.));
#13691=DIRECTION('',(0.,0.,-1.));
#13692=DIRECTION('',(-1.,0.,0.));
#13693=DIRECTION('',(0.,0.,-1.));
#13694=DIRECTION('',(-0.94423737121235,0.329265526294495,0.));
#13695=DIRECTION('',(-0.329265526294495,-0.94423737121235,0.));
#13696=DIRECTION('',(0.,0.,-1.));
#13697=DIRECTION('',(0.,0.,-1.));
#13698=DIRECTION('',(-1.,0.,0.));
#13699=DIRECTION('',(0.998134798421867,0.0610485395348567,0.));
#13700=DIRECTION('',(-0.0610485395348567,0.998134798421867,0.));
#13701=DIRECTION('',(0.0610485395348567,-0.998134798421867,0.));
#13702=DIRECTION('',(0.,0.,-1.));
#13703=DIRECTION('',(0.0610485395348567,-0.998134798421867,0.));
#13704=DIRECTION('',(0.,0.,-1.));
#13705=DIRECTION('',(0.,0.,-1.));
#13706=DIRECTION('',(-1.,0.,0.));
#13707=DIRECTION('',(0.,0.,1.));
#13708=DIRECTION('',(1.,0.,0.));
#13709=DIRECTION('',(-0.199367934417198,-0.979924704620829,0.));
#13710=DIRECTION('',(0.979924704620829,-0.199367934417198,0.));
#13711=DIRECTION('',(-0.979924704620829,0.199367934417198,0.));
#13712=DIRECTION('',(0.,0.,-1.));
#13713=DIRECTION('',(-0.998134798421867,-0.0610485395348575,0.));
#13714=DIRECTION('',(0.0610485395348575,-0.998134798421867,0.));
#13715=DIRECTION('',(-0.0610485395348575,0.998134798421867,0.));
#13716=DIRECTION('',(-0.0610485395348575,0.998134798421867,0.));
#13717=DIRECTION('',(0.,0.,-1.));
#13718=DIRECTION('',(-0.998134798421867,-0.0610485395348575,0.));
#13719=DIRECTION('',(0.0610485395348575,-0.998134798421867,0.));
#13720=DIRECTION('',(-0.0610485395348575,0.998134798421867,0.));
#13721=DIRECTION('',(0.,0.,-1.));
#13722=DIRECTION('',(0.,0.,1.));
#13723=DIRECTION('',(1.,0.,0.));
#13724=DIRECTION('',(-0.852640164354092,0.522498564715949,0.));
#13725=DIRECTION('',(0.,0.,1.));
#13726=DIRECTION('',(1.,0.,0.));
#13727=DIRECTION('',(0.0610485395348549,-0.998134798421867,0.));
#13728=DIRECTION('',(0.,0.,1.));
#13729=DIRECTION('',(1.,0.,0.));
#13730=DIRECTION('',(0.998134798421867,0.0610485395348583,0.));
#13731=DIRECTION('',(0.,0.,1.));
#13732=DIRECTION('',(1.,0.,0.));
#13733=DIRECTION('',(0.,0.,1.));
#13734=DIRECTION('',(1.,0.,0.));
#13735=DIRECTION('',(0.,0.,1.));
#13736=DIRECTION('',(1.,0.,0.));
#13737=DIRECTION('',(0.329265526294495,0.94423737121235,0.));
#13738=DIRECTION('',(0.,0.,1.));
#13739=DIRECTION('',(1.,0.,0.));
#13740=DIRECTION('',(0.,0.,1.));
#13741=DIRECTION('',(1.,0.,0.));
#13742=DIRECTION('',(-0.52249856471595,-0.852640164354092,0.));
#13743=DIRECTION('',(0.,0.,1.));
#13744=DIRECTION('',(1.,0.,0.));
#13745=DIRECTION('',(0.,0.,1.));
#13746=DIRECTION('',(1.,0.,0.));
#13747=DIRECTION('',(0.,0.,1.));
#13748=DIRECTION('',(1.,0.,0.));
#13749=DIRECTION('',(-0.852640164354092,0.522498564715949,0.));
#13750=DIRECTION('',(0.,0.,1.));
#13751=DIRECTION('',(1.,0.,0.));
#13752=DIRECTION('',(-0.52249856471595,-0.852640164354092,0.));
#13753=DIRECTION('',(0.,0.,1.));
#13754=DIRECTION('',(1.,0.,0.));
#13755=DIRECTION('',(0.,0.,1.));
#13756=DIRECTION('',(1.,0.,0.));
#13757=DIRECTION('',(0.329265526294495,0.94423737121235,0.));
#13758=DIRECTION('',(0.,0.,1.));
#13759=DIRECTION('',(1.,0.,0.));
#13760=DIRECTION('',(0.,0.,1.));
#13761=DIRECTION('',(1.,0.,0.));
#13762=DIRECTION('',(0.998134798421867,0.0610485395348583,0.));
#13763=DIRECTION('',(0.,0.,1.));
#13764=DIRECTION('',(1.,0.,0.));
#13765=DIRECTION('',(0.0610485395348549,-0.998134798421867,0.));
#13766=DIRECTION('',(0.852640164354091,-0.52249856471595,0.));
#13767=DIRECTION('',(0.52249856471595,0.852640164354092,0.));
#13768=DIRECTION('',(0.,0.,-1.));
#13769=DIRECTION('',(-0.52249856471595,-0.852640164354092,0.));
#13770=DIRECTION('',(0.,0.,-1.));
#13771=DIRECTION('',(-0.52249856471595,-0.852640164354092,0.));
#13772=DIRECTION('',(0.,0.,-1.));
#13773=DIRECTION('',(-1.,0.,0.));
#13774=DIRECTION('',(0.,0.,1.));
#13775=DIRECTION('',(1.,0.,0.));
#13776=DIRECTION('',(0.,0.,-1.));
#13777=DIRECTION('',(0.,0.,-1.));
#13778=DIRECTION('',(0.,0.,-1.));
#13779=DIRECTION('',(0.,0.,1.));
#13780=DIRECTION('',(1.,0.,0.));
#13781=DIRECTION('',(0.998134798421867,0.0610485395348549,0.));
#13782=DIRECTION('',(-0.0610485395348549,0.998134798421867,0.));
#13783=DIRECTION('',(0.,0.,-1.));
#13784=DIRECTION('',(0.,0.,-1.));
#13785=DIRECTION('',(-1.,0.,0.));
#13786=DIRECTION('',(0.,0.,-1.));
#13787=DIRECTION('',(-0.0610485395348583,0.998134798421867,0.));
#13788=DIRECTION('',(-0.998134798421867,-0.0610485395348583,0.));
#13789=DIRECTION('',(0.,0.,-1.));
#13790=DIRECTION('',(0.,0.,-1.));
#13791=DIRECTION('',(-1.,0.,0.));
#13792=DIRECTION('',(0.,0.,-1.));
#13793=DIRECTION('',(-1.,0.,0.));
#13794=DIRECTION('',(0.,0.,-1.));
#13795=DIRECTION('',(-1.,0.,0.));
#13796=DIRECTION('',(0.,0.,-1.));
#13797=DIRECTION('',(-0.94423737121235,0.329265526294495,0.));
#13798=DIRECTION('',(-0.329265526294495,-0.94423737121235,0.));
#13799=DIRECTION('',(0.,0.,-1.));
#13800=DIRECTION('',(0.,0.,-1.));
#13801=DIRECTION('',(-1.,0.,0.));
#13802=DIRECTION('',(0.998134798421867,0.0610485395348567,0.));
#13803=DIRECTION('',(-0.0610485395348567,0.998134798421867,0.));
#13804=DIRECTION('',(0.0610485395348567,-0.998134798421867,0.));
#13805=DIRECTION('',(0.,0.,-1.));
#13806=DIRECTION('',(0.0610485395348567,-0.998134798421867,0.));
#13807=DIRECTION('',(0.,0.,-1.));
#13808=DIRECTION('',(0.,0.,-1.));
#13809=DIRECTION('',(-1.,0.,0.));
#13810=DIRECTION('',(0.,0.,1.));
#13811=DIRECTION('',(1.,0.,0.));
#13812=DIRECTION('',(-0.199367934417198,-0.979924704620829,0.));
#13813=DIRECTION('',(0.979924704620829,-0.199367934417198,0.));
#13814=DIRECTION('',(-0.979924704620829,0.199367934417198,0.));
#13815=DIRECTION('',(0.,0.,-1.));
#13816=DIRECTION('',(-0.998134798421867,-0.0610485395348575,0.));
#13817=DIRECTION('',(0.0610485395348575,-0.998134798421867,0.));
#13818=DIRECTION('',(-0.0610485395348575,0.998134798421867,0.));
#13819=DIRECTION('',(-0.0610485395348575,0.998134798421867,0.));
#13820=DIRECTION('',(0.,0.,-1.));
#13821=DIRECTION('',(-0.998134798421867,-0.0610485395348575,0.));
#13822=DIRECTION('',(0.0610485395348575,-0.998134798421867,0.));
#13823=DIRECTION('',(-0.0610485395348575,0.998134798421867,0.));
#13824=DIRECTION('',(0.,0.,-1.));
#13825=DIRECTION('',(0.,0.,1.));
#13826=DIRECTION('',(1.,0.,0.));
#13827=DIRECTION('',(-0.852640164354092,0.522498564715949,0.));
#13828=DIRECTION('',(0.,0.,1.));
#13829=DIRECTION('',(1.,0.,0.));
#13830=DIRECTION('',(0.0610485395348549,-0.998134798421867,0.));
#13831=DIRECTION('',(0.,0.,1.));
#13832=DIRECTION('',(1.,0.,0.));
#13833=DIRECTION('',(0.998134798421867,0.0610485395348583,0.));
#13834=DIRECTION('',(0.,0.,1.));
#13835=DIRECTION('',(1.,0.,0.));
#13836=DIRECTION('',(0.,0.,1.));
#13837=DIRECTION('',(1.,0.,0.));
#13838=DIRECTION('',(0.,0.,1.));
#13839=DIRECTION('',(1.,0.,0.));
#13840=DIRECTION('',(0.329265526294495,0.94423737121235,0.));
#13841=DIRECTION('',(0.,0.,1.));
#13842=DIRECTION('',(1.,0.,0.));
#13843=DIRECTION('',(0.,0.,1.));
#13844=DIRECTION('',(1.,0.,0.));
#13845=DIRECTION('',(-0.52249856471595,-0.852640164354092,0.));
#13846=DIRECTION('',(0.,0.,1.));
#13847=DIRECTION('',(1.,0.,0.));
#13848=DIRECTION('',(0.,0.,1.));
#13849=DIRECTION('',(1.,0.,0.));
#13850=DIRECTION('',(0.,0.,1.));
#13851=DIRECTION('',(1.,0.,0.));
#13852=DIRECTION('',(-0.852640164354092,0.522498564715949,0.));
#13853=DIRECTION('',(0.,0.,1.));
#13854=DIRECTION('',(1.,0.,0.));
#13855=DIRECTION('',(-0.52249856471595,-0.852640164354092,0.));
#13856=DIRECTION('',(0.,0.,1.));
#13857=DIRECTION('',(1.,0.,0.));
#13858=DIRECTION('',(0.,0.,1.));
#13859=DIRECTION('',(1.,0.,0.));
#13860=DIRECTION('',(0.329265526294495,0.94423737121235,0.));
#13861=DIRECTION('',(0.,0.,1.));
#13862=DIRECTION('',(1.,0.,0.));
#13863=DIRECTION('',(0.,0.,1.));
#13864=DIRECTION('',(1.,0.,0.));
#13865=DIRECTION('',(0.998134798421867,0.0610485395348583,0.));
#13866=DIRECTION('',(0.,0.,1.));
#13867=DIRECTION('',(1.,0.,0.));
#13868=DIRECTION('',(0.0610485395348549,-0.998134798421867,0.));
#13869=DIRECTION('',(0.852640164354091,-0.52249856471595,0.));
#13870=DIRECTION('',(0.52249856471595,0.852640164354092,0.));
#13871=DIRECTION('',(0.,0.,-1.));
#13872=DIRECTION('',(-0.52249856471595,-0.852640164354092,0.));
#13873=DIRECTION('',(0.,0.,-1.));
#13874=DIRECTION('',(-0.52249856471595,-0.852640164354092,0.));
#13875=DIRECTION('',(0.,0.,-1.));
#13876=DIRECTION('',(-1.,0.,0.));
#13877=DIRECTION('',(0.,0.,1.));
#13878=DIRECTION('',(1.,0.,0.));
#13879=DIRECTION('',(0.,0.,-1.));
#13880=DIRECTION('',(0.,0.,-1.));
#13881=DIRECTION('',(0.,0.,-1.));
#13882=DIRECTION('',(0.,0.,1.));
#13883=DIRECTION('',(1.,0.,0.));
#13884=DIRECTION('',(0.998134798421867,0.0610485395348549,0.));
#13885=DIRECTION('',(-0.0610485395348549,0.998134798421867,0.));
#13886=DIRECTION('',(0.,0.,-1.));
#13887=DIRECTION('',(0.,0.,-1.));
#13888=DIRECTION('',(-1.,0.,0.));
#13889=DIRECTION('',(0.,0.,-1.));
#13890=DIRECTION('',(-0.0610485395348583,0.998134798421867,0.));
#13891=DIRECTION('',(-0.998134798421867,-0.0610485395348583,0.));
#13892=DIRECTION('',(0.,0.,-1.));
#13893=DIRECTION('',(0.,0.,-1.));
#13894=DIRECTION('',(-1.,0.,0.));
#13895=DIRECTION('',(0.,0.,-1.));
#13896=DIRECTION('',(-1.,0.,0.));
#13897=DIRECTION('',(0.,0.,-1.));
#13898=DIRECTION('',(-1.,0.,0.));
#13899=DIRECTION('',(0.,0.,-1.));
#13900=DIRECTION('',(-0.94423737121235,0.329265526294495,0.));
#13901=DIRECTION('',(-0.329265526294495,-0.94423737121235,0.));
#13902=DIRECTION('',(0.,0.,-1.));
#13903=DIRECTION('',(0.,0.,-1.));
#13904=DIRECTION('',(-1.,0.,0.));
#13905=DIRECTION('',(0.998134798421867,0.0610485395348567,0.));
#13906=DIRECTION('',(-0.0610485395348567,0.998134798421867,0.));
#13907=DIRECTION('',(0.0610485395348567,-0.998134798421867,0.));
#13908=DIRECTION('',(0.,0.,-1.));
#13909=DIRECTION('',(0.0610485395348567,-0.998134798421867,0.));
#13910=DIRECTION('',(0.,0.,-1.));
#13911=DIRECTION('',(0.,0.,-1.));
#13912=DIRECTION('',(-1.,0.,0.));
#13913=DIRECTION('',(0.,0.,1.));
#13914=DIRECTION('',(1.,0.,0.));
#13915=DIRECTION('',(-0.199367934417198,-0.979924704620829,0.));
#13916=DIRECTION('',(0.979924704620829,-0.199367934417198,0.));
#13917=DIRECTION('',(-0.979924704620829,0.199367934417198,0.));
#13918=DIRECTION('',(0.,0.,-1.));
#13919=DIRECTION('',(-0.998134798421867,-0.0610485395348575,0.));
#13920=DIRECTION('',(0.0610485395348575,-0.998134798421867,0.));
#13921=DIRECTION('',(-0.0610485395348575,0.998134798421867,0.));
#13922=DIRECTION('',(-0.0610485395348575,0.998134798421867,0.));
#13923=DIRECTION('',(0.,0.,-1.));
#13924=DIRECTION('',(-0.998134798421867,-0.0610485395348575,0.));
#13925=DIRECTION('',(0.0610485395348575,-0.998134798421867,0.));
#13926=DIRECTION('',(-0.0610485395348575,0.998134798421867,0.));
#13927=DIRECTION('',(0.,0.,-1.));
#13928=DIRECTION('',(0.,0.,1.));
#13929=DIRECTION('',(1.,0.,0.));
#13930=DIRECTION('',(-0.852640164354092,0.522498564715949,0.));
#13931=DIRECTION('',(0.,0.,1.));
#13932=DIRECTION('',(1.,0.,0.));
#13933=DIRECTION('',(0.0610485395348549,-0.998134798421867,0.));
#13934=DIRECTION('',(0.,0.,1.));
#13935=DIRECTION('',(1.,0.,0.));
#13936=DIRECTION('',(0.998134798421867,0.0610485395348583,0.));
#13937=DIRECTION('',(0.,0.,1.));
#13938=DIRECTION('',(1.,0.,0.));
#13939=DIRECTION('',(0.,0.,1.));
#13940=DIRECTION('',(1.,0.,0.));
#13941=DIRECTION('',(0.,0.,1.));
#13942=DIRECTION('',(1.,0.,0.));
#13943=DIRECTION('',(0.329265526294495,0.94423737121235,0.));
#13944=DIRECTION('',(0.,0.,1.));
#13945=DIRECTION('',(1.,0.,0.));
#13946=DIRECTION('',(0.,0.,1.));
#13947=DIRECTION('',(1.,0.,0.));
#13948=DIRECTION('',(-0.52249856471595,-0.852640164354092,0.));
#13949=DIRECTION('',(0.,0.,1.));
#13950=DIRECTION('',(1.,0.,0.));
#13951=DIRECTION('',(0.,0.,1.));
#13952=DIRECTION('',(1.,0.,0.));
#13953=DIRECTION('',(0.,0.,1.));
#13954=DIRECTION('',(1.,0.,0.));
#13955=DIRECTION('',(-0.852640164354092,0.522498564715949,0.));
#13956=DIRECTION('',(0.,0.,1.));
#13957=DIRECTION('',(1.,0.,0.));
#13958=DIRECTION('',(-0.52249856471595,-0.852640164354092,0.));
#13959=DIRECTION('',(0.,0.,1.));
#13960=DIRECTION('',(1.,0.,0.));
#13961=DIRECTION('',(0.,0.,1.));
#13962=DIRECTION('',(1.,0.,0.));
#13963=DIRECTION('',(0.329265526294495,0.94423737121235,0.));
#13964=DIRECTION('',(0.,0.,1.));
#13965=DIRECTION('',(1.,0.,0.));
#13966=DIRECTION('',(0.,0.,1.));
#13967=DIRECTION('',(1.,0.,0.));
#13968=DIRECTION('',(0.998134798421867,0.0610485395348583,0.));
#13969=DIRECTION('',(0.,0.,1.));
#13970=DIRECTION('',(1.,0.,0.));
#13971=DIRECTION('',(0.0610485395348549,-0.998134798421867,0.));
#13972=DIRECTION('',(0.852640164354091,-0.52249856471595,0.));
#13973=DIRECTION('',(0.52249856471595,0.852640164354092,0.));
#13974=DIRECTION('',(0.,0.,-1.));
#13975=DIRECTION('',(-0.52249856471595,-0.852640164354092,0.));
#13976=DIRECTION('',(0.,0.,-1.));
#13977=DIRECTION('',(-0.52249856471595,-0.852640164354092,0.));
#13978=DIRECTION('',(0.,0.,-1.));
#13979=DIRECTION('',(-1.,0.,0.));
#13980=DIRECTION('',(0.,0.,1.));
#13981=DIRECTION('',(1.,0.,0.));
#13982=DIRECTION('',(0.,0.,-1.));
#13983=DIRECTION('',(0.,0.,-1.));
#13984=DIRECTION('',(0.,0.,-1.));
#13985=DIRECTION('',(0.,0.,1.));
#13986=DIRECTION('',(1.,0.,0.));
#13987=DIRECTION('',(0.998134798421867,0.0610485395348549,0.));
#13988=DIRECTION('',(-0.0610485395348549,0.998134798421867,0.));
#13989=DIRECTION('',(0.,0.,-1.));
#13990=DIRECTION('',(0.,0.,-1.));
#13991=DIRECTION('',(-1.,0.,0.));
#13992=DIRECTION('',(0.,0.,-1.));
#13993=DIRECTION('',(-0.0610485395348583,0.998134798421867,0.));
#13994=DIRECTION('',(-0.998134798421867,-0.0610485395348583,0.));
#13995=DIRECTION('',(0.,0.,-1.));
#13996=DIRECTION('',(0.,0.,-1.));
#13997=DIRECTION('',(-1.,0.,0.));
#13998=DIRECTION('',(0.,0.,-1.));
#13999=DIRECTION('',(-1.,0.,0.));
#14000=DIRECTION('',(0.,0.,-1.));
#14001=DIRECTION('',(-1.,0.,0.));
#14002=DIRECTION('',(0.,0.,-1.));
#14003=DIRECTION('',(-0.94423737121235,0.329265526294495,0.));
#14004=DIRECTION('',(-0.329265526294495,-0.94423737121235,0.));
#14005=DIRECTION('',(0.,0.,-1.));
#14006=DIRECTION('',(0.,0.,-1.));
#14007=DIRECTION('',(-1.,0.,0.));
#14008=DIRECTION('',(0.522498564715949,0.852640164354092,0.));
#14009=DIRECTION('',(-0.852640164354092,0.522498564715949,0.));
#14010=DIRECTION('',(0.,0.,-1.));
#14011=DIRECTION('',(0.852640164354092,-0.522498564715949,0.));
#14012=DIRECTION('',(0.,0.,-1.));
#14013=DIRECTION('',(-1.,0.,0.));
#14014=DIRECTION('',(0.,0.,-1.));
#14015=DIRECTION('',(0.,0.,1.));
#14016=DIRECTION('',(1.,0.,0.));
#14017=DIRECTION('',(-0.852640164354092,0.52249856471595,0.));
#14018=DIRECTION('',(-0.52249856471595,-0.852640164354092,0.));
#14019=DIRECTION('',(0.,0.,-1.));
#14020=DIRECTION('',(0.52249856471595,0.852640164354091,0.));
#14021=DIRECTION('',(0.522498564715949,0.852640164354092,0.));
#14022=DIRECTION('',(-0.852640164354092,0.522498564715949,0.));
#14023=DIRECTION('',(0.,0.,-1.));
#14024=DIRECTION('',(0.852640164354092,-0.522498564715949,0.));
#14025=DIRECTION('',(0.,0.,-1.));
#14026=DIRECTION('',(-1.,0.,0.));
#14027=DIRECTION('',(0.,0.,-1.));
#14028=DIRECTION('',(0.,0.,1.));
#14029=DIRECTION('',(1.,0.,0.));
#14030=DIRECTION('',(-0.852640164354092,0.52249856471595,0.));
#14031=DIRECTION('',(-0.52249856471595,-0.852640164354092,0.));
#14032=DIRECTION('',(0.,0.,-1.));
#14033=DIRECTION('',(0.52249856471595,0.852640164354091,0.));
#14034=DIRECTION('',(0.,0.,-1.));
#14035=DIRECTION('',(-1.,0.,0.));
#14036=DIRECTION('',(0.,0.,-1.));
#14037=DIRECTION('',(-0.307318867841754,-0.501498812974077,0.808736084303188));
#14038=DIRECTION('',(-0.422563443282412,-0.689560867839356,-0.588171697675046));
#14039=DIRECTION('',(0.,0.,-1.));
#14040=DIRECTION('',(0.,0.,1.));
#14041=DIRECTION('',(1.,0.,0.));
#14042=DIRECTION('',(0.,0.,1.));
#14043=DIRECTION('',(1.,0.,0.));
#14044=DIRECTION('',(0.,0.,-1.));
#14045=DIRECTION('',(-0.307318867841754,-0.501498812974077,-0.808736084303188));
#14046=DIRECTION('',(0.422563443282412,0.689560867839356,-0.588171697675046));
#14047=DIRECTION('',(-0.522498564715949,-0.852640164354092,0.));
#14048=DIRECTION('',(0.852640164354092,-0.522498564715949,0.));
#14049=DIRECTION('',(-0.852640164354092,0.522498564715949,3.40772197868977E-16));
#14050=DIRECTION('',(0.,0.,1.));
#14051=DIRECTION('',(0.852640164354092,-0.522498564715949,3.40772197868977E-16));
#14052=DIRECTION('',(-0.852640164354092,0.522498564715949,0.));
#14053=DIRECTION('',(0.,0.,-1.));
#14054=DIRECTION('',(-0.852640164354092,0.522498564715949,0.));
#14055=DIRECTION('',(0.,0.,-1.));
#14056=DIRECTION('',(-1.,0.,0.));
#14057=DIRECTION('',(0.,0.,1.));
#14058=DIRECTION('',(1.,0.,0.));
#14059=DIRECTION('',(0.,0.,1.));
#14060=DIRECTION('',(1.,0.,0.));
#14061=DIRECTION('',(0.,0.,1.));
#14062=DIRECTION('',(1.,0.,0.));
#14063=DIRECTION('',(0.,0.,1.));
#14064=DIRECTION('',(1.,0.,0.));
#14065=DIRECTION('',(0.522498564715949,0.852640164354092,0.));
#14066=DIRECTION('',(-0.852640164354092,0.522498564715949,0.));
#14067=DIRECTION('',(0.,0.,-1.));
#14068=DIRECTION('',(0.852640164354092,-0.522498564715949,0.));
#14069=DIRECTION('',(0.,0.,-1.));
#14070=DIRECTION('',(-1.,0.,0.));
#14071=DIRECTION('',(0.,0.,-1.));
#14072=DIRECTION('',(0.,0.,1.));
#14073=DIRECTION('',(1.,0.,0.));
#14074=DIRECTION('',(-0.852640164354092,0.52249856471595,0.));
#14075=DIRECTION('',(-0.52249856471595,-0.852640164354092,0.));
#14076=DIRECTION('',(0.,0.,-1.));
#14077=DIRECTION('',(0.52249856471595,0.852640164354091,0.));
#14078=DIRECTION('',(0.522498564715949,0.852640164354092,0.));
#14079=DIRECTION('',(-0.852640164354092,0.522498564715949,0.));
#14080=DIRECTION('',(0.,0.,-1.));
#14081=DIRECTION('',(0.852640164354092,-0.522498564715949,0.));
#14082=DIRECTION('',(0.,0.,-1.));
#14083=DIRECTION('',(-1.,0.,0.));
#14084=DIRECTION('',(0.,0.,-1.));
#14085=DIRECTION('',(0.,0.,1.));
#14086=DIRECTION('',(1.,0.,0.));
#14087=DIRECTION('',(-0.852640164354092,0.52249856471595,0.));
#14088=DIRECTION('',(-0.52249856471595,-0.852640164354092,0.));
#14089=DIRECTION('',(0.,0.,-1.));
#14090=DIRECTION('',(0.52249856471595,0.852640164354091,0.));
#14091=DIRECTION('',(0.,0.,-1.));
#14092=DIRECTION('',(-1.,0.,0.));
#14093=DIRECTION('',(0.,0.,-1.));
#14094=DIRECTION('',(-0.307318867841754,-0.501498812974077,0.808736084303188));
#14095=DIRECTION('',(-0.422563443282412,-0.689560867839356,-0.588171697675046));
#14096=DIRECTION('',(0.,0.,-1.));
#14097=DIRECTION('',(0.,0.,1.));
#14098=DIRECTION('',(1.,0.,0.));
#14099=DIRECTION('',(0.,0.,1.));
#14100=DIRECTION('',(1.,0.,0.));
#14101=DIRECTION('',(0.,0.,-1.));
#14102=DIRECTION('',(-0.307318867841754,-0.501498812974077,-0.808736084303188));
#14103=DIRECTION('',(0.422563443282412,0.689560867839356,-0.588171697675046));
#14104=DIRECTION('',(-0.522498564715949,-0.852640164354092,0.));
#14105=DIRECTION('',(0.852640164354092,-0.522498564715949,0.));
#14106=DIRECTION('',(-0.852640164354092,0.522498564715949,3.40772197868977E-16));
#14107=DIRECTION('',(0.,0.,1.));
#14108=DIRECTION('',(0.852640164354092,-0.522498564715949,3.40772197868977E-16));
#14109=DIRECTION('',(-0.852640164354092,0.522498564715949,0.));
#14110=DIRECTION('',(0.,0.,-1.));
#14111=DIRECTION('',(-0.852640164354092,0.522498564715949,0.));
#14112=DIRECTION('',(0.,0.,-1.));
#14113=DIRECTION('',(-1.,0.,0.));
#14114=DIRECTION('',(0.,0.,1.));
#14115=DIRECTION('',(1.,0.,0.));
#14116=DIRECTION('',(0.,0.,1.));
#14117=DIRECTION('',(1.,0.,0.));
#14118=DIRECTION('',(0.,0.,1.));
#14119=DIRECTION('',(1.,0.,0.));
#14120=DIRECTION('',(0.,0.,1.));
#14121=DIRECTION('',(1.,0.,0.));
#14122=DIRECTION('',(0.522498564715949,0.852640164354092,0.));
#14123=DIRECTION('',(-0.852640164354092,0.522498564715949,0.));
#14124=DIRECTION('',(0.,0.,-1.));
#14125=DIRECTION('',(0.852640164354092,-0.522498564715949,0.));
#14126=DIRECTION('',(0.,0.,-1.));
#14127=DIRECTION('',(-1.,0.,0.));
#14128=DIRECTION('',(0.,0.,-1.));
#14129=DIRECTION('',(0.,0.,1.));
#14130=DIRECTION('',(1.,0.,0.));
#14131=DIRECTION('',(-0.852640164354092,0.52249856471595,0.));
#14132=DIRECTION('',(-0.52249856471595,-0.852640164354092,0.));
#14133=DIRECTION('',(0.,0.,-1.));
#14134=DIRECTION('',(0.52249856471595,0.852640164354091,0.));
#14135=DIRECTION('',(0.522498564715949,0.852640164354092,0.));
#14136=DIRECTION('',(-0.852640164354092,0.522498564715949,0.));
#14137=DIRECTION('',(0.,0.,-1.));
#14138=DIRECTION('',(0.852640164354092,-0.522498564715949,0.));
#14139=DIRECTION('',(0.,0.,-1.));
#14140=DIRECTION('',(-1.,0.,0.));
#14141=DIRECTION('',(0.,0.,-1.));
#14142=DIRECTION('',(0.,0.,1.));
#14143=DIRECTION('',(1.,0.,0.));
#14144=DIRECTION('',(-0.852640164354092,0.52249856471595,0.));
#14145=DIRECTION('',(-0.52249856471595,-0.852640164354092,0.));
#14146=DIRECTION('',(0.,0.,-1.));
#14147=DIRECTION('',(0.52249856471595,0.852640164354091,0.));
#14148=DIRECTION('',(0.,0.,-1.));
#14149=DIRECTION('',(-1.,0.,0.));
#14150=DIRECTION('',(0.,0.,-1.));
#14151=DIRECTION('',(-0.307318867841754,-0.501498812974077,0.808736084303188));
#14152=DIRECTION('',(-0.422563443282412,-0.689560867839356,-0.588171697675046));
#14153=DIRECTION('',(0.,0.,-1.));
#14154=DIRECTION('',(0.,0.,1.));
#14155=DIRECTION('',(1.,0.,0.));
#14156=DIRECTION('',(0.,0.,1.));
#14157=DIRECTION('',(1.,0.,0.));
#14158=DIRECTION('',(0.,0.,-1.));
#14159=DIRECTION('',(-0.307318867841754,-0.501498812974077,-0.808736084303188));
#14160=DIRECTION('',(0.422563443282412,0.689560867839356,-0.588171697675046));
#14161=DIRECTION('',(-0.522498564715949,-0.852640164354092,0.));
#14162=DIRECTION('',(0.852640164354092,-0.522498564715949,0.));
#14163=DIRECTION('',(-0.852640164354092,0.522498564715949,3.40772197868977E-16));
#14164=DIRECTION('',(0.,0.,1.));
#14165=DIRECTION('',(0.852640164354092,-0.522498564715949,3.40772197868977E-16));
#14166=DIRECTION('',(-0.852640164354092,0.522498564715949,0.));
#14167=DIRECTION('',(0.,0.,-1.));
#14168=DIRECTION('',(-0.852640164354092,0.522498564715949,0.));
#14169=DIRECTION('',(0.,0.,-1.));
#14170=DIRECTION('',(-1.,0.,0.));
#14171=DIRECTION('',(0.,0.,1.));
#14172=DIRECTION('',(1.,0.,0.));
#14173=DIRECTION('',(0.,0.,1.));
#14174=DIRECTION('',(1.,0.,0.));
#14175=DIRECTION('',(0.,0.,1.));
#14176=DIRECTION('',(1.,0.,0.));
#14177=DIRECTION('',(0.,0.,1.));
#14178=DIRECTION('',(1.,0.,0.));
#14179=DIRECTION('',(0.522498564715949,0.852640164354092,0.));
#14180=DIRECTION('',(-0.852640164354092,0.522498564715949,0.));
#14181=DIRECTION('',(0.,0.,-1.));
#14182=DIRECTION('',(0.852640164354092,-0.522498564715949,0.));
#14183=DIRECTION('',(0.,0.,-1.));
#14184=DIRECTION('',(-1.,0.,0.));
#14185=DIRECTION('',(0.,0.,-1.));
#14186=DIRECTION('',(0.,0.,1.));
#14187=DIRECTION('',(1.,0.,0.));
#14188=DIRECTION('',(-0.852640164354092,0.52249856471595,0.));
#14189=DIRECTION('',(-0.52249856471595,-0.852640164354092,0.));
#14190=DIRECTION('',(0.,0.,-1.));
#14191=DIRECTION('',(0.52249856471595,0.852640164354091,0.));
#14192=DIRECTION('',(0.522498564715949,0.852640164354092,0.));
#14193=DIRECTION('',(-0.852640164354092,0.522498564715949,0.));
#14194=DIRECTION('',(0.,0.,-1.));
#14195=DIRECTION('',(0.852640164354092,-0.522498564715949,0.));
#14196=DIRECTION('',(0.,0.,-1.));
#14197=DIRECTION('',(-1.,0.,0.));
#14198=DIRECTION('',(0.,0.,-1.));
#14199=DIRECTION('',(0.,0.,1.));
#14200=DIRECTION('',(1.,0.,0.));
#14201=DIRECTION('',(-0.852640164354092,0.52249856471595,0.));
#14202=DIRECTION('',(-0.52249856471595,-0.852640164354092,0.));
#14203=DIRECTION('',(0.,0.,-1.));
#14204=DIRECTION('',(0.52249856471595,0.852640164354091,0.));
#14205=DIRECTION('',(0.,0.,-1.));
#14206=DIRECTION('',(-1.,0.,0.));
#14207=DIRECTION('',(0.,0.,-1.));
#14208=DIRECTION('',(-0.307318867841754,-0.501498812974077,0.808736084303188));
#14209=DIRECTION('',(-0.422563443282412,-0.689560867839356,-0.588171697675046));
#14210=DIRECTION('',(0.,0.,-1.));
#14211=DIRECTION('',(0.,0.,1.));
#14212=DIRECTION('',(1.,0.,0.));
#14213=DIRECTION('',(0.,0.,1.));
#14214=DIRECTION('',(1.,0.,0.));
#14215=DIRECTION('',(0.,0.,-1.));
#14216=DIRECTION('',(-0.307318867841754,-0.501498812974077,-0.808736084303188));
#14217=DIRECTION('',(0.422563443282412,0.689560867839356,-0.588171697675046));
#14218=DIRECTION('',(-0.522498564715949,-0.852640164354092,0.));
#14219=DIRECTION('',(0.852640164354092,-0.522498564715949,0.));
#14220=DIRECTION('',(-0.852640164354092,0.522498564715949,3.40772197868977E-16));
#14221=DIRECTION('',(0.,0.,1.));
#14222=DIRECTION('',(0.852640164354092,-0.522498564715949,3.40772197868977E-16));
#14223=DIRECTION('',(-0.852640164354092,0.522498564715949,0.));
#14224=DIRECTION('',(0.,0.,-1.));
#14225=DIRECTION('',(-0.852640164354092,0.522498564715949,0.));
#14226=DIRECTION('',(0.,0.,-1.));
#14227=DIRECTION('',(-1.,0.,0.));
#14228=DIRECTION('',(0.,0.,1.));
#14229=DIRECTION('',(1.,0.,0.));
#14230=DIRECTION('',(0.,0.,1.));
#14231=DIRECTION('',(1.,0.,0.));
#14232=DIRECTION('',(0.,0.,1.));
#14233=DIRECTION('',(1.,0.,0.));
#14234=DIRECTION('',(0.,0.,1.));
#14235=DIRECTION('',(1.,0.,0.));
#14236=DIRECTION('',(0.522498564715949,0.852640164354092,0.));
#14237=DIRECTION('',(-0.852640164354092,0.522498564715949,0.));
#14238=DIRECTION('',(0.,0.,-1.));
#14239=DIRECTION('',(0.852640164354092,-0.522498564715949,0.));
#14240=DIRECTION('',(0.,0.,-1.));
#14241=DIRECTION('',(-1.,0.,0.));
#14242=DIRECTION('',(0.,0.,-1.));
#14243=DIRECTION('',(0.,0.,1.));
#14244=DIRECTION('',(1.,0.,0.));
#14245=DIRECTION('',(-0.852640164354092,0.52249856471595,0.));
#14246=DIRECTION('',(-0.52249856471595,-0.852640164354092,0.));
#14247=DIRECTION('',(0.,0.,-1.));
#14248=DIRECTION('',(0.52249856471595,0.852640164354091,0.));
#14249=DIRECTION('',(0.522498564715949,0.852640164354092,0.));
#14250=DIRECTION('',(-0.852640164354092,0.522498564715949,0.));
#14251=DIRECTION('',(0.,0.,-1.));
#14252=DIRECTION('',(0.852640164354092,-0.522498564715949,0.));
#14253=DIRECTION('',(0.,0.,-1.));
#14254=DIRECTION('',(-1.,0.,0.));
#14255=DIRECTION('',(0.,0.,-1.));
#14256=DIRECTION('',(0.,0.,1.));
#14257=DIRECTION('',(1.,0.,0.));
#14258=DIRECTION('',(-0.852640164354092,0.52249856471595,0.));
#14259=DIRECTION('',(-0.52249856471595,-0.852640164354092,0.));
#14260=DIRECTION('',(0.,0.,-1.));
#14261=DIRECTION('',(0.52249856471595,0.852640164354091,0.));
#14262=DIRECTION('',(0.,0.,-1.));
#14263=DIRECTION('',(-1.,0.,0.));
#14264=DIRECTION('',(0.,0.,-1.));
#14265=DIRECTION('',(-0.307318867841754,-0.501498812974077,0.808736084303188));
#14266=DIRECTION('',(-0.422563443282412,-0.689560867839356,-0.588171697675046));
#14267=DIRECTION('',(0.,0.,-1.));
#14268=DIRECTION('',(0.,0.,1.));
#14269=DIRECTION('',(1.,0.,0.));
#14270=DIRECTION('',(0.,0.,1.));
#14271=DIRECTION('',(1.,0.,0.));
#14272=DIRECTION('',(0.,0.,-1.));
#14273=DIRECTION('',(-0.307318867841754,-0.501498812974077,-0.808736084303188));
#14274=DIRECTION('',(0.422563443282412,0.689560867839356,-0.588171697675046));
#14275=DIRECTION('',(-0.522498564715949,-0.852640164354092,0.));
#14276=DIRECTION('',(0.852640164354092,-0.522498564715949,0.));
#14277=DIRECTION('',(-0.852640164354092,0.522498564715949,3.40772197868977E-16));
#14278=DIRECTION('',(0.,0.,1.));
#14279=DIRECTION('',(0.852640164354092,-0.522498564715949,3.40772197868977E-16));
#14280=DIRECTION('',(-0.852640164354092,0.522498564715949,0.));
#14281=DIRECTION('',(0.,0.,-1.));
#14282=DIRECTION('',(-0.852640164354092,0.522498564715949,0.));
#14283=DIRECTION('',(0.,0.,-1.));
#14284=DIRECTION('',(-1.,0.,0.));
#14285=DIRECTION('',(0.,0.,1.));
#14286=DIRECTION('',(1.,0.,0.));
#14287=DIRECTION('',(0.,0.,1.));
#14288=DIRECTION('',(1.,0.,0.));
#14289=DIRECTION('',(0.,0.,1.));
#14290=DIRECTION('',(1.,0.,0.));
#14291=DIRECTION('',(0.,0.,1.));
#14292=DIRECTION('',(1.,0.,0.));
#14293=DIRECTION('',(0.522498564715949,0.852640164354092,0.));
#14294=DIRECTION('',(-0.852640164354092,0.522498564715949,0.));
#14295=DIRECTION('',(0.,0.,-1.));
#14296=DIRECTION('',(0.852640164354092,-0.522498564715949,0.));
#14297=DIRECTION('',(0.,0.,-1.));
#14298=DIRECTION('',(-1.,0.,0.));
#14299=DIRECTION('',(0.,0.,-1.));
#14300=DIRECTION('',(0.,0.,1.));
#14301=DIRECTION('',(1.,0.,0.));
#14302=DIRECTION('',(-0.852640164354092,0.52249856471595,0.));
#14303=DIRECTION('',(-0.52249856471595,-0.852640164354092,0.));
#14304=DIRECTION('',(0.,0.,-1.));
#14305=DIRECTION('',(0.52249856471595,0.852640164354091,0.));
#14306=DIRECTION('',(0.522498564715949,0.852640164354092,0.));
#14307=DIRECTION('',(-0.852640164354092,0.522498564715949,0.));
#14308=DIRECTION('',(0.,0.,-1.));
#14309=DIRECTION('',(0.852640164354092,-0.522498564715949,0.));
#14310=DIRECTION('',(0.,0.,-1.));
#14311=DIRECTION('',(-1.,0.,0.));
#14312=DIRECTION('',(0.,0.,-1.));
#14313=DIRECTION('',(0.,0.,1.));
#14314=DIRECTION('',(1.,0.,0.));
#14315=DIRECTION('',(-0.852640164354092,0.52249856471595,0.));
#14316=DIRECTION('',(-0.52249856471595,-0.852640164354092,0.));
#14317=DIRECTION('',(0.,0.,-1.));
#14318=DIRECTION('',(0.52249856471595,0.852640164354091,0.));
#14319=DIRECTION('',(0.,0.,-1.));
#14320=DIRECTION('',(-1.,0.,0.));
#14321=DIRECTION('',(0.,0.,-1.));
#14322=DIRECTION('',(-0.307318867841754,-0.501498812974077,0.808736084303188));
#14323=DIRECTION('',(-0.422563443282412,-0.689560867839356,-0.588171697675046));
#14324=DIRECTION('',(0.,0.,-1.));
#14325=DIRECTION('',(0.,0.,1.));
#14326=DIRECTION('',(1.,0.,0.));
#14327=DIRECTION('',(0.,0.,1.));
#14328=DIRECTION('',(1.,0.,0.));
#14329=DIRECTION('',(0.,0.,-1.));
#14330=DIRECTION('',(-0.307318867841754,-0.501498812974077,-0.808736084303188));
#14331=DIRECTION('',(0.422563443282412,0.689560867839356,-0.588171697675046));
#14332=DIRECTION('',(-0.522498564715949,-0.852640164354092,0.));
#14333=DIRECTION('',(0.852640164354092,-0.522498564715949,0.));
#14334=DIRECTION('',(-0.852640164354092,0.522498564715949,3.40772197868977E-16));
#14335=DIRECTION('',(0.,0.,1.));
#14336=DIRECTION('',(0.852640164354092,-0.522498564715949,3.40772197868977E-16));
#14337=DIRECTION('',(-0.852640164354092,0.522498564715949,0.));
#14338=DIRECTION('',(0.,0.,-1.));
#14339=DIRECTION('',(-0.852640164354092,0.522498564715949,0.));
#14340=DIRECTION('',(0.,0.,-1.));
#14341=DIRECTION('',(-1.,0.,0.));
#14342=DIRECTION('',(0.,0.,1.));
#14343=DIRECTION('',(1.,0.,0.));
#14344=DIRECTION('',(0.,0.,1.));
#14345=DIRECTION('',(1.,0.,0.));
#14346=DIRECTION('',(0.,0.,1.));
#14347=DIRECTION('',(1.,0.,0.));
#14348=DIRECTION('',(0.,0.,1.));
#14349=DIRECTION('',(1.,0.,0.));
#14350=DIRECTION('',(0.,0.,1.));
#14351=DIRECTION('',(1.,0.,0.));
#14352=DIRECTION('',(0.,0.,1.));
#14353=DIRECTION('',(1.,0.,0.));
#14354=DIRECTION('',(0.,0.,1.));
#14355=DIRECTION('',(1.,0.,0.));
#14356=DIRECTION('',(0.,0.,1.));
#14357=DIRECTION('',(1.,0.,0.));
#14358=DIRECTION('',(0.,0.,1.));
#14359=DIRECTION('',(1.,0.,0.));
#14360=DIRECTION('',(0.,0.,1.));
#14361=DIRECTION('',(1.,0.,0.));
#14362=DIRECTION('',(0.,0.,1.));
#14363=DIRECTION('',(1.,0.,0.));
#14364=DIRECTION('',(0.,0.,1.));
#14365=DIRECTION('',(1.,0.,0.));
#14366=DIRECTION('',(0.,0.,1.));
#14367=DIRECTION('',(1.,0.,0.));
#14368=DIRECTION('',(0.,0.,1.));
#14369=DIRECTION('',(1.,0.,0.));
#14370=DIRECTION('',(0.,0.,1.));
#14371=DIRECTION('',(1.,0.,0.));
#14372=DIRECTION('',(0.,0.,1.));
#14373=DIRECTION('',(1.,0.,0.));
#14374=DIRECTION('',(0.852640164354092,-0.522498564715949,0.));
#14375=DIRECTION('',(0.522498564715949,0.852640164354092,0.));
#14376=DIRECTION('',(0.422563443282413,0.689560867839356,-0.588171697675046));
#14377=DIRECTION('',(0.522498564715949,0.852640164354092,0.));
#14378=DIRECTION('',(0.,0.,-1.));
#14379=DIRECTION('',(-0.522498564715949,-0.852640164354092,0.));
#14380=DIRECTION('',(-0.422563443282413,-0.689560867839356,-0.588171697675046));
#14381=DIRECTION('',(-0.307318867841754,-0.501498812974077,0.808736084303188));
#14382=DIRECTION('',(0.,-0.849863890960161,-0.527002245575913));
#14383=DIRECTION('',(0.852640164354092,-0.522498564715949,0.));
#14384=DIRECTION('',(-0.422563443282413,-0.689560867839356,-0.588171697675046));
#14385=DIRECTION('',(-0.307318867841754,-0.501498812974077,-0.808736084303188));
#14386=DIRECTION('',(0.,0.849863890960161,-0.527002245575913));
#14387=DIRECTION('',(0.422563443282413,0.689560867839356,-0.588171697675046));
#14388=DIRECTION('',(0.852640164354092,-0.522498564715949,0.));
#14389=DIRECTION('',(0.852640164354092,-0.522498564715949,0.));
#14390=DIRECTION('',(0.522498564715949,0.852640164354092,0.));
#14391=DIRECTION('',(-0.522498564715949,-0.852640164354092,0.));
#14392=DIRECTION('',(0.,0.,-1.));
#14393=DIRECTION('',(0.522498564715949,0.852640164354092,0.));
#14394=DIRECTION('',(0.,0.,1.));
#14395=DIRECTION('',(1.,0.,0.));
#14396=DIRECTION('',(0.852640164354092,-0.522498564715949,0.));
#14397=DIRECTION('',(-0.522498564715949,-0.852640164354092,0.));
#14398=DIRECTION('',(0.852640164354092,-0.522498564715949,0.));
#14399=DIRECTION('',(0.852640164354092,-0.522498564715949,0.));
#14400=DIRECTION('',(0.,0.,-1.));
#14401=DIRECTION('',(-1.,0.,0.));
#14402=DIRECTION('',(0.852640164354092,-0.522498564715949,0.));
#14403=DIRECTION('',(0.522498564715949,0.852640164354092,0.));
#14404=DIRECTION('',(0.422563443282413,0.689560867839356,-0.588171697675046));
#14405=DIRECTION('',(0.522498564715949,0.852640164354092,0.));
#14406=DIRECTION('',(0.,0.,-1.));
#14407=DIRECTION('',(-0.522498564715949,-0.852640164354092,0.));
#14408=DIRECTION('',(-0.422563443282413,-0.689560867839356,-0.588171697675046));
#14409=DIRECTION('',(-0.307318867841754,-0.501498812974077,0.808736084303188));
#14410=DIRECTION('',(0.,-0.849863890960161,-0.527002245575913));
#14411=DIRECTION('',(0.852640164354092,-0.522498564715949,0.));
#14412=DIRECTION('',(-0.422563443282413,-0.689560867839356,-0.588171697675046));
#14413=DIRECTION('',(-0.307318867841754,-0.501498812974077,-0.808736084303188));
#14414=DIRECTION('',(0.,0.849863890960161,-0.527002245575913));
#14415=DIRECTION('',(0.422563443282413,0.689560867839356,-0.588171697675046));
#14416=DIRECTION('',(0.852640164354092,-0.522498564715949,0.));
#14417=DIRECTION('',(0.852640164354092,-0.522498564715949,0.));
#14418=DIRECTION('',(0.522498564715949,0.852640164354092,0.));
#14419=DIRECTION('',(-0.522498564715949,-0.852640164354092,0.));
#14420=DIRECTION('',(0.,0.,-1.));
#14421=DIRECTION('',(0.522498564715949,0.852640164354092,0.));
#14422=DIRECTION('',(0.,0.,1.));
#14423=DIRECTION('',(1.,0.,0.));
#14424=DIRECTION('',(0.852640164354092,-0.522498564715949,0.));
#14425=DIRECTION('',(-0.522498564715949,-0.852640164354092,0.));
#14426=DIRECTION('',(0.852640164354092,-0.522498564715949,0.));
#14427=DIRECTION('',(0.852640164354092,-0.522498564715949,0.));
#14428=DIRECTION('',(0.,0.,-1.));
#14429=DIRECTION('',(-1.,0.,0.));
#14430=DIRECTION('',(0.852640164354092,-0.522498564715949,0.));
#14431=DIRECTION('',(0.522498564715949,0.852640164354092,0.));
#14432=DIRECTION('',(0.422563443282413,0.689560867839356,-0.588171697675046));
#14433=DIRECTION('',(0.522498564715949,0.852640164354092,0.));
#14434=DIRECTION('',(0.,0.,-1.));
#14435=DIRECTION('',(-0.522498564715949,-0.852640164354092,0.));
#14436=DIRECTION('',(-0.422563443282413,-0.689560867839356,-0.588171697675046));
#14437=DIRECTION('',(-0.307318867841754,-0.501498812974077,0.808736084303188));
#14438=DIRECTION('',(0.,-0.849863890960161,-0.527002245575913));
#14439=DIRECTION('',(0.852640164354092,-0.522498564715949,0.));
#14440=DIRECTION('',(-0.422563443282413,-0.689560867839356,-0.588171697675046));
#14441=DIRECTION('',(-0.307318867841754,-0.501498812974077,-0.808736084303188));
#14442=DIRECTION('',(0.,0.849863890960161,-0.527002245575913));
#14443=DIRECTION('',(0.422563443282413,0.689560867839356,-0.588171697675046));
#14444=DIRECTION('',(0.852640164354092,-0.522498564715949,0.));
#14445=DIRECTION('',(0.852640164354092,-0.522498564715949,0.));
#14446=DIRECTION('',(0.522498564715949,0.852640164354092,0.));
#14447=DIRECTION('',(-0.522498564715949,-0.852640164354092,0.));
#14448=DIRECTION('',(0.,0.,-1.));
#14449=DIRECTION('',(0.522498564715949,0.852640164354092,0.));
#14450=DIRECTION('',(0.,0.,1.));
#14451=DIRECTION('',(1.,0.,0.));
#14452=DIRECTION('',(0.852640164354092,-0.522498564715949,0.));
#14453=DIRECTION('',(-0.522498564715949,-0.852640164354092,0.));
#14454=DIRECTION('',(0.852640164354092,-0.522498564715949,0.));
#14455=DIRECTION('',(0.852640164354092,-0.522498564715949,0.));
#14456=DIRECTION('',(0.,0.,-1.));
#14457=DIRECTION('',(-1.,0.,0.));
#14458=DIRECTION('',(0.852640164354092,-0.522498564715949,0.));
#14459=DIRECTION('',(0.522498564715949,0.852640164354092,0.));
#14460=DIRECTION('',(0.422563443282413,0.689560867839356,-0.588171697675046));
#14461=DIRECTION('',(0.522498564715949,0.852640164354092,0.));
#14462=DIRECTION('',(0.,0.,-1.));
#14463=DIRECTION('',(-0.522498564715949,-0.852640164354092,0.));
#14464=DIRECTION('',(-0.422563443282413,-0.689560867839356,-0.588171697675046));
#14465=DIRECTION('',(-0.307318867841754,-0.501498812974077,0.808736084303188));
#14466=DIRECTION('',(0.,-0.849863890960161,-0.527002245575913));
#14467=DIRECTION('',(0.852640164354092,-0.522498564715949,0.));
#14468=DIRECTION('',(-0.422563443282413,-0.689560867839356,-0.588171697675046));
#14469=DIRECTION('',(-0.307318867841754,-0.501498812974077,-0.808736084303188));
#14470=DIRECTION('',(0.,0.849863890960161,-0.527002245575913));
#14471=DIRECTION('',(0.422563443282413,0.689560867839356,-0.588171697675046));
#14472=DIRECTION('',(0.852640164354092,-0.522498564715949,0.));
#14473=DIRECTION('',(0.852640164354092,-0.522498564715949,0.));
#14474=DIRECTION('',(0.522498564715949,0.852640164354092,0.));
#14475=DIRECTION('',(-0.522498564715949,-0.852640164354092,0.));
#14476=DIRECTION('',(0.,0.,-1.));
#14477=DIRECTION('',(0.522498564715949,0.852640164354092,0.));
#14478=DIRECTION('',(0.,0.,1.));
#14479=DIRECTION('',(1.,0.,0.));
#14480=DIRECTION('',(0.852640164354092,-0.522498564715949,0.));
#14481=DIRECTION('',(-0.522498564715949,-0.852640164354092,0.));
#14482=DIRECTION('',(0.852640164354092,-0.522498564715949,0.));
#14483=DIRECTION('',(0.852640164354092,-0.522498564715949,0.));
#14484=DIRECTION('',(0.,0.,-1.));
#14485=DIRECTION('',(-1.,0.,0.));
#14486=DIRECTION('',(0.852640164354092,-0.522498564715949,0.));
#14487=DIRECTION('',(0.522498564715949,0.852640164354092,0.));
#14488=DIRECTION('',(0.422563443282413,0.689560867839356,-0.588171697675046));
#14489=DIRECTION('',(0.522498564715949,0.852640164354092,0.));
#14490=DIRECTION('',(0.,0.,-1.));
#14491=DIRECTION('',(-0.522498564715949,-0.852640164354092,0.));
#14492=DIRECTION('',(-0.422563443282413,-0.689560867839356,-0.588171697675046));
#14493=DIRECTION('',(-0.307318867841754,-0.501498812974077,0.808736084303188));
#14494=DIRECTION('',(0.,-0.849863890960161,-0.527002245575913));
#14495=DIRECTION('',(0.852640164354092,-0.522498564715949,0.));
#14496=DIRECTION('',(-0.422563443282413,-0.689560867839356,-0.588171697675046));
#14497=DIRECTION('',(-0.307318867841754,-0.501498812974077,-0.808736084303188));
#14498=DIRECTION('',(0.,0.849863890960161,-0.527002245575913));
#14499=DIRECTION('',(0.422563443282413,0.689560867839356,-0.588171697675046));
#14500=DIRECTION('',(0.852640164354092,-0.522498564715949,0.));
#14501=DIRECTION('',(0.852640164354092,-0.522498564715949,0.));
#14502=DIRECTION('',(0.522498564715949,0.852640164354092,0.));
#14503=DIRECTION('',(-0.522498564715949,-0.852640164354092,0.));
#14504=DIRECTION('',(0.,0.,-1.));
#14505=DIRECTION('',(0.522498564715949,0.852640164354092,0.));
#14506=DIRECTION('',(0.,0.,1.));
#14507=DIRECTION('',(1.,0.,0.));
#14508=DIRECTION('',(0.852640164354092,-0.522498564715949,0.));
#14509=DIRECTION('',(-0.522498564715949,-0.852640164354092,0.));
#14510=DIRECTION('',(0.852640164354092,-0.522498564715949,0.));
#14511=DIRECTION('',(0.852640164354092,-0.522498564715949,0.));
#14512=DIRECTION('',(0.,0.,-1.));
#14513=DIRECTION('',(-1.,0.,0.));
#14514=DIRECTION('',(0.852640164354092,-0.522498564715949,0.));
#14515=DIRECTION('',(0.522498564715949,0.852640164354092,0.));
#14516=DIRECTION('',(0.422563443282413,0.689560867839356,-0.588171697675046));
#14517=DIRECTION('',(0.522498564715949,0.852640164354092,0.));
#14518=DIRECTION('',(0.,0.,-1.));
#14519=DIRECTION('',(-0.522498564715949,-0.852640164354092,0.));
#14520=DIRECTION('',(-0.422563443282413,-0.689560867839356,-0.588171697675046));
#14521=DIRECTION('',(-0.307318867841754,-0.501498812974077,0.808736084303188));
#14522=DIRECTION('',(0.,-0.849863890960161,-0.527002245575913));
#14523=DIRECTION('',(0.852640164354092,-0.522498564715949,0.));
#14524=DIRECTION('',(-0.422563443282413,-0.689560867839356,-0.588171697675046));
#14525=DIRECTION('',(-0.307318867841754,-0.501498812974077,-0.808736084303188));
#14526=DIRECTION('',(0.,0.849863890960161,-0.527002245575913));
#14527=DIRECTION('',(0.422563443282413,0.689560867839356,-0.588171697675046));
#14528=DIRECTION('',(0.852640164354092,-0.522498564715949,0.));
#14529=DIRECTION('',(0.852640164354092,-0.522498564715949,0.));
#14530=DIRECTION('',(0.522498564715949,0.852640164354092,0.));
#14531=DIRECTION('',(-0.522498564715949,-0.852640164354092,0.));
#14532=DIRECTION('',(0.,0.,-1.));
#14533=DIRECTION('',(0.522498564715949,0.852640164354092,0.));
#14534=DIRECTION('',(0.,0.,1.));
#14535=DIRECTION('',(1.,0.,0.));
#14536=DIRECTION('',(0.852640164354092,-0.522498564715949,0.));
#14537=DIRECTION('',(-0.522498564715949,-0.852640164354092,0.));
#14538=DIRECTION('',(0.852640164354092,-0.522498564715949,0.));
#14539=DIRECTION('',(0.852640164354092,-0.522498564715949,0.));
#14540=DIRECTION('',(0.,0.,-1.));
#14541=DIRECTION('',(-1.,0.,0.));
#14542=DIRECTION('',(0.,0.,1.));
#14543=DIRECTION('',(1.,0.,0.));
#14544=DIRECTION('',(0.,0.,1.));
#14545=DIRECTION('',(1.,0.,0.));
#14546=DIRECTION('',(0.,0.,1.));
#14547=DIRECTION('',(1.,0.,0.));
#14548=DIRECTION('',(0.,0.,1.));
#14549=DIRECTION('',(1.,0.,0.));
#14550=DIRECTION('',(0.,0.,1.));
#14551=DIRECTION('',(1.,0.,0.));
#14552=DIRECTION('',(0.,0.,1.));
#14553=DIRECTION('',(1.,0.,0.));
#14554=DIRECTION('',(-0.998134798421867,-0.0610485395348575,0.));
#14555=DIRECTION('',(0.0610485395348575,-0.998134798421867,0.));
#14556=DIRECTION('',(-0.0610485395348575,0.998134798421867,0.));
#14557=DIRECTION('',(0.,0.,1.));
#14558=DIRECTION('',(-0.0610485395348575,0.998134798421867,0.));
#14559=DIRECTION('',(0.,0.,-1.));
#14560=DIRECTION('',(0.,0.,-1.));
#14561=DIRECTION('',(-1.,0.,0.));
#14562=DIRECTION('',(0.,0.,1.));
#14563=DIRECTION('',(1.,0.,0.));
#14564=DIRECTION('',(0.,0.,1.));
#14565=DIRECTION('',(1.,0.,0.));
#14566=DIRECTION('',(0.,0.,-1.));
#14567=DIRECTION('',(-0.199367934417198,-0.979924704620829,0.));
#14568=DIRECTION('',(0.979924704620829,-0.199367934417198,0.));
#14569=DIRECTION('',(-0.979924704620829,0.199367934417198,0.));
#14570=DIRECTION('',(0.,0.,-1.));
#14571=DIRECTION('',(-0.979924704620829,0.199367934417198,0.));
#14572=DIRECTION('',(0.,0.,1.));
#14573=DIRECTION('',(1.,0.,0.));
#14574=DIRECTION('',(-0.500000000000001,0.866025403784438,0.));
#14575=DIRECTION('',(-0.943230163159283,0.332139818911422,0.));
#14576=DIRECTION('',(0.,0.,1.));
#14577=DIRECTION('',(1.,0.,0.));
#14578=DIRECTION('',(-0.943230163159283,0.332139818911422,0.));
#14579=DIRECTION('',(-0.500000000000001,0.866025403784438,0.));
#14580=DIRECTION('',(0.866025403784438,0.500000000000001,0.));
#14581=DIRECTION('',(-0.500000000000001,0.866025403784438,0.));
#14582=DIRECTION('',(0.,0.,1.));
#14583=DIRECTION('',(0.332139818911422,0.943230163159283,0.));
#14584=DIRECTION('',(-0.943230163159283,0.332139818911422,0.));
#14585=CARTESIAN_POINT('',(0.,0.,0.));
#14586=CARTESIAN_POINT('',(-0.0570476024411091,10.1284282891114,15.24));
#14587=CARTESIAN_POINT('',(-0.0570476024411091,10.1284282891114,14.84));
#14588=CARTESIAN_POINT('',(1.04295239755889,8.22317240078565,14.84));
#14589=CARTESIAN_POINT('',(-0.0570476024411091,10.1284282891114,14.84));
#14590=CARTESIAN_POINT('',(1.04295239755889,8.22317240078565,15.24));
#14591=CARTESIAN_POINT('',(1.04295239755889,8.22317240078565,13.14));
#14592=CARTESIAN_POINT('',(-0.0570476024411091,10.1284282891114,13.14));
#14593=CARTESIAN_POINT('',(-0.0570476024411091,10.1284282891114,13.14));
#14594=CARTESIAN_POINT('',(-0.0570476024411091,10.1284282891114,15.24));
#14595=CARTESIAN_POINT('',(-0.0570476024411095,10.1284282891114,13.17));
#14596=CARTESIAN_POINT('',(-0.0570476024411091,10.1284282891114,13.17));
#14597=CARTESIAN_POINT('',(0.79295239755889,8.65618510267787,13.17));
#14598=CARTESIAN_POINT('',(0.792952397558889,8.65618510267787,14.52));
#14599=CARTESIAN_POINT('',(0.79295239755889,8.65618510267787,14.77));
#14600=CARTESIAN_POINT('',(-0.0570476024411091,10.1284282891114,14.77));
#14601=CARTESIAN_POINT('',(-0.0570476024411091,10.1284282891114,14.77));
#14602=CARTESIAN_POINT('',(-0.0570476024411091,10.1284282891114,15.24));
#14603=CARTESIAN_POINT('',(-0.0570476024411091,10.1284282891114,12.7));
#14604=CARTESIAN_POINT('',(-0.0570476024411091,10.1284282891114,12.3));
#14605=CARTESIAN_POINT('',(1.04295239755889,8.22317240078565,12.3));
#14606=CARTESIAN_POINT('',(-0.0570476024411091,10.1284282891114,12.3));
#14607=CARTESIAN_POINT('',(1.04295239755889,8.22317240078565,12.7));
#14608=CARTESIAN_POINT('',(1.04295239755889,8.22317240078565,10.6));
#14609=CARTESIAN_POINT('',(-0.0570476024411091,10.1284282891114,10.6));
#14610=CARTESIAN_POINT('',(-0.0570476024411091,10.1284282891114,10.6));
#14611=CARTESIAN_POINT('',(-0.0570476024411091,10.1284282891114,12.7));
#14612=CARTESIAN_POINT('',(-0.0570476024411095,10.1284282891114,10.63));
#14613=CARTESIAN_POINT('',(-0.0570476024411091,10.1284282891114,10.63));
#14614=CARTESIAN_POINT('',(0.79295239755889,8.65618510267787,10.63));
#14615=CARTESIAN_POINT('',(0.792952397558889,8.65618510267787,11.98));
#14616=CARTESIAN_POINT('',(0.79295239755889,8.65618510267787,12.23));
#14617=CARTESIAN_POINT('',(-0.0570476024411091,10.1284282891114,12.23));
#14618=CARTESIAN_POINT('',(-0.0570476024411091,10.1284282891114,12.23));
#14619=CARTESIAN_POINT('',(-0.0570476024411091,10.1284282891114,12.7));
#14620=CARTESIAN_POINT('',(-0.0570476024411091,10.1284282891114,10.16));
#14621=CARTESIAN_POINT('',(-0.0570476024411091,10.1284282891114,9.76));
#14622=CARTESIAN_POINT('',(1.04295239755889,8.22317240078565,9.76));
#14623=CARTESIAN_POINT('',(-0.0570476024411091,10.1284282891114,9.76));
#14624=CARTESIAN_POINT('',(1.04295239755889,8.22317240078565,10.16));
#14625=CARTESIAN_POINT('',(1.04295239755889,8.22317240078565,8.06));
#14626=CARTESIAN_POINT('',(-0.0570476024411091,10.1284282891114,8.06));
#14627=CARTESIAN_POINT('',(-0.0570476024411091,10.1284282891114,8.06));
#14628=CARTESIAN_POINT('',(-0.0570476024411091,10.1284282891114,10.16));
#14629=CARTESIAN_POINT('',(-0.0570476024411095,10.1284282891114,8.09));
#14630=CARTESIAN_POINT('',(-0.0570476024411091,10.1284282891114,8.09));
#14631=CARTESIAN_POINT('',(0.79295239755889,8.65618510267787,8.09));
#14632=CARTESIAN_POINT('',(0.792952397558889,8.65618510267787,9.44));
#14633=CARTESIAN_POINT('',(0.79295239755889,8.65618510267787,9.69));
#14634=CARTESIAN_POINT('',(-0.0570476024411091,10.1284282891114,9.69));
#14635=CARTESIAN_POINT('',(-0.0570476024411091,10.1284282891114,9.69));
#14636=CARTESIAN_POINT('',(-0.0570476024411091,10.1284282891114,10.16));
#14637=CARTESIAN_POINT('',(-0.0570476024411091,10.1284282891114,7.62));
#14638=CARTESIAN_POINT('',(-0.0570476024411091,10.1284282891114,7.22));
#14639=CARTESIAN_POINT('',(1.04295239755889,8.22317240078565,7.22));
#14640=CARTESIAN_POINT('',(-0.0570476024411091,10.1284282891114,7.22));
#14641=CARTESIAN_POINT('',(1.04295239755889,8.22317240078565,7.62));
#14642=CARTESIAN_POINT('',(1.04295239755889,8.22317240078565,5.52));
#14643=CARTESIAN_POINT('',(-0.0570476024411091,10.1284282891114,5.52));
#14644=CARTESIAN_POINT('',(-0.0570476024411091,10.1284282891114,5.52));
#14645=CARTESIAN_POINT('',(-0.0570476024411091,10.1284282891114,7.62));
#14646=CARTESIAN_POINT('',(-0.0570476024411095,10.1284282891114,5.55));
#14647=CARTESIAN_POINT('',(-0.0570476024411091,10.1284282891114,5.55));
#14648=CARTESIAN_POINT('',(0.79295239755889,8.65618510267787,5.55));
#14649=CARTESIAN_POINT('',(0.792952397558889,8.65618510267787,6.9));
#14650=CARTESIAN_POINT('',(0.79295239755889,8.65618510267787,7.15));
#14651=CARTESIAN_POINT('',(-0.0570476024411091,10.1284282891114,7.15));
#14652=CARTESIAN_POINT('',(-0.0570476024411091,10.1284282891114,7.15));
#14653=CARTESIAN_POINT('',(-0.0570476024411091,10.1284282891114,7.62));
#14654=CARTESIAN_POINT('',(-0.0570476024411091,10.1284282891114,5.08));
#14655=CARTESIAN_POINT('',(-0.0570476024411091,10.1284282891114,4.68));
#14656=CARTESIAN_POINT('',(1.04295239755889,8.22317240078565,4.68));
#14657=CARTESIAN_POINT('',(-0.0570476024411091,10.1284282891114,4.68));
#14658=CARTESIAN_POINT('',(1.04295239755889,8.22317240078565,5.08));
#14659=CARTESIAN_POINT('',(1.04295239755889,8.22317240078565,2.98));
#14660=CARTESIAN_POINT('',(-0.0570476024411091,10.1284282891114,2.98));
#14661=CARTESIAN_POINT('',(-0.0570476024411091,10.1284282891114,2.98));
#14662=CARTESIAN_POINT('',(-0.0570476024411091,10.1284282891114,5.08));
#14663=CARTESIAN_POINT('',(-0.0570476024411095,10.1284282891114,3.01));
#14664=CARTESIAN_POINT('',(-0.0570476024411091,10.1284282891114,3.01));
#14665=CARTESIAN_POINT('',(0.79295239755889,8.65618510267787,3.01));
#14666=CARTESIAN_POINT('',(0.792952397558889,8.65618510267787,4.36));
#14667=CARTESIAN_POINT('',(0.79295239755889,8.65618510267787,4.61));
#14668=CARTESIAN_POINT('',(-0.0570476024411091,10.1284282891114,4.61));
#14669=CARTESIAN_POINT('',(-0.0570476024411091,10.1284282891114,4.61));
#14670=CARTESIAN_POINT('',(-0.0570476024411091,10.1284282891114,5.08));
#14671=CARTESIAN_POINT('',(-0.0570476024411091,10.1284282891114,2.54));
#14672=CARTESIAN_POINT('',(-0.0570476024411091,10.1284282891114,2.14));
#14673=CARTESIAN_POINT('',(1.04295239755889,8.22317240078565,2.14));
#14674=CARTESIAN_POINT('',(-0.0570476024411091,10.1284282891114,2.14));
#14675=CARTESIAN_POINT('',(1.04295239755889,8.22317240078565,2.54));
#14676=CARTESIAN_POINT('',(1.04295239755889,8.22317240078565,0.44));
#14677=CARTESIAN_POINT('',(-0.0570476024411091,10.1284282891114,0.44));
#14678=CARTESIAN_POINT('',(-0.0570476024411091,10.1284282891114,0.44));
#14679=CARTESIAN_POINT('',(-0.0570476024411091,10.1284282891114,2.54));
#14680=CARTESIAN_POINT('',(-0.0570476024411091,10.1284282891114,0.49));
#14681=CARTESIAN_POINT('',(-0.0570476024411091,10.1284282891114,0.49));
#14682=CARTESIAN_POINT('',(0.792952397558889,8.65618510267787,0.49));
#14683=CARTESIAN_POINT('',(0.792952397558889,8.65618510267787,1.84));
#14684=CARTESIAN_POINT('',(0.792952397558889,8.65618510267787,2.09));
#14685=CARTESIAN_POINT('',(-0.0570476024411091,10.1284282891114,2.09));
#14686=CARTESIAN_POINT('',(-0.0570476024411091,10.1284282891114,2.09));
#14687=CARTESIAN_POINT('',(-0.0570476024411091,10.1284282891114,2.54));
#14688=CARTESIAN_POINT('',(-4.4,7.62102355330306,0.));
#14689=CARTESIAN_POINT('',(0.80897780134333,10.6284282891114,0.44));
#14690=CARTESIAN_POINT('',(0.80897780134333,10.6284282891114,0.44));
#14691=CARTESIAN_POINT('',(0.80897780134333,10.6284282891114,2.14));
#14692=CARTESIAN_POINT('',(0.808977801343325,10.6284282891114,2.14));
#14693=CARTESIAN_POINT('',(-0.0570476024411091,10.1284282891114,2.54));
#14694=CARTESIAN_POINT('',(-0.0570476024411091,10.1284282891114,0.44));
#14695=CARTESIAN_POINT('',(-3.3,5.71576766497729,0.));
#14696=CARTESIAN_POINT('',(-3.3,5.71576766497729,2.14));
#14697=CARTESIAN_POINT('',(1.90897780134333,8.72317240078565,2.14));
#14698=CARTESIAN_POINT('',(1.90897780134333,8.72317240078565,0.44));
#14699=CARTESIAN_POINT('',(1.90897780134333,8.72317240078565,0.44));
#14700=CARTESIAN_POINT('',(1.04295239755889,8.22317240078565,0.44));
#14701=CARTESIAN_POINT('',(-4.4,7.62102355330306,12.7));
#14702=CARTESIAN_POINT('',(0.80897780134333,10.6284282891114,13.14));
#14703=CARTESIAN_POINT('',(0.80897780134333,10.6284282891114,13.14));
#14704=CARTESIAN_POINT('',(0.80897780134333,10.6284282891114,14.84));
#14705=CARTESIAN_POINT('',(0.808977801343325,10.6284282891114,14.84));
#14706=CARTESIAN_POINT('',(-0.0570476024411091,10.1284282891114,15.24));
#14707=CARTESIAN_POINT('',(-0.0570476024411091,10.1284282891114,13.14));
#14708=CARTESIAN_POINT('',(-3.3,5.71576766497729,12.7));
#14709=CARTESIAN_POINT('',(-3.3,5.71576766497729,14.84));
#14710=CARTESIAN_POINT('',(1.90897780134333,8.72317240078565,14.84));
#14711=CARTESIAN_POINT('',(1.90897780134333,8.72317240078565,13.14));
#14712=CARTESIAN_POINT('',(1.90897780134333,8.72317240078565,13.14));
#14713=CARTESIAN_POINT('',(1.04295239755889,8.22317240078565,13.14));
#14714=CARTESIAN_POINT('',(-4.4,7.62102355330306,10.16));
#14715=CARTESIAN_POINT('',(0.80897780134333,10.6284282891114,10.6));
#14716=CARTESIAN_POINT('',(0.80897780134333,10.6284282891114,10.6));
#14717=CARTESIAN_POINT('',(0.80897780134333,10.6284282891114,12.3));
#14718=CARTESIAN_POINT('',(0.808977801343325,10.6284282891114,12.3));
#14719=CARTESIAN_POINT('',(-0.0570476024411091,10.1284282891114,12.7));
#14720=CARTESIAN_POINT('',(-0.0570476024411091,10.1284282891114,10.6));
#14721=CARTESIAN_POINT('',(-3.3,5.71576766497729,10.16));
#14722=CARTESIAN_POINT('',(-3.3,5.71576766497729,12.3));
#14723=CARTESIAN_POINT('',(1.90897780134333,8.72317240078565,12.3));
#14724=CARTESIAN_POINT('',(1.90897780134333,8.72317240078565,10.6));
#14725=CARTESIAN_POINT('',(1.90897780134333,8.72317240078565,10.6));
#14726=CARTESIAN_POINT('',(1.04295239755889,8.22317240078565,10.6));
#14727=CARTESIAN_POINT('',(-4.4,7.62102355330306,7.62));
#14728=CARTESIAN_POINT('',(0.80897780134333,10.6284282891114,8.06));
#14729=CARTESIAN_POINT('',(0.80897780134333,10.6284282891114,8.06));
#14730=CARTESIAN_POINT('',(0.80897780134333,10.6284282891114,9.76));
#14731=CARTESIAN_POINT('',(0.808977801343325,10.6284282891114,9.76));
#14732=CARTESIAN_POINT('',(-0.0570476024411091,10.1284282891114,10.16));
#14733=CARTESIAN_POINT('',(-0.0570476024411091,10.1284282891114,8.06));
#14734=CARTESIAN_POINT('',(-3.3,5.71576766497729,7.62));
#14735=CARTESIAN_POINT('',(-3.3,5.71576766497729,9.76));
#14736=CARTESIAN_POINT('',(1.90897780134333,8.72317240078565,9.76));
#14737=CARTESIAN_POINT('',(1.90897780134333,8.72317240078565,8.06));
#14738=CARTESIAN_POINT('',(1.90897780134333,8.72317240078565,8.06));
#14739=CARTESIAN_POINT('',(1.04295239755889,8.22317240078565,8.06));
#14740=CARTESIAN_POINT('',(-4.4,7.62102355330306,5.08));
#14741=CARTESIAN_POINT('',(0.80897780134333,10.6284282891114,5.52));
#14742=CARTESIAN_POINT('',(0.80897780134333,10.6284282891114,5.52));
#14743=CARTESIAN_POINT('',(0.80897780134333,10.6284282891114,7.22));
#14744=CARTESIAN_POINT('',(0.808977801343325,10.6284282891114,7.22));
#14745=CARTESIAN_POINT('',(-0.0570476024411091,10.1284282891114,7.62));
#14746=CARTESIAN_POINT('',(-0.0570476024411091,10.1284282891114,5.52));
#14747=CARTESIAN_POINT('',(-3.3,5.71576766497729,5.08));
#14748=CARTESIAN_POINT('',(-3.3,5.71576766497729,7.22));
#14749=CARTESIAN_POINT('',(1.90897780134333,8.72317240078565,7.22));
#14750=CARTESIAN_POINT('',(1.90897780134333,8.72317240078565,5.52));
#14751=CARTESIAN_POINT('',(1.90897780134333,8.72317240078565,5.52));
#14752=CARTESIAN_POINT('',(1.04295239755889,8.22317240078565,5.52));
#14753=CARTESIAN_POINT('',(-4.4,7.62102355330306,2.54));
#14754=CARTESIAN_POINT('',(0.80897780134333,10.6284282891114,2.98));
#14755=CARTESIAN_POINT('',(0.80897780134333,10.6284282891114,2.98));
#14756=CARTESIAN_POINT('',(0.80897780134333,10.6284282891114,4.68));
#14757=CARTESIAN_POINT('',(0.808977801343325,10.6284282891114,4.68));
#14758=CARTESIAN_POINT('',(-0.0570476024411091,10.1284282891114,5.08));
#14759=CARTESIAN_POINT('',(-0.0570476024411091,10.1284282891114,2.98));
#14760=CARTESIAN_POINT('',(-3.3,5.71576766497729,2.54));
#14761=CARTESIAN_POINT('',(-3.3,5.71576766497729,4.68));
#14762=CARTESIAN_POINT('',(1.90897780134333,8.72317240078565,4.68));
#14763=CARTESIAN_POINT('',(1.90897780134333,8.72317240078565,2.98));
#14764=CARTESIAN_POINT('',(1.90897780134333,8.72317240078565,2.98));
#14765=CARTESIAN_POINT('',(1.04295239755889,8.22317240078565,2.98));
#14766=CARTESIAN_POINT('',(-2.65319292504124,11.3983848998986,11.98));
#14767=CARTESIAN_POINT('',(-2.80265137875756,13.8420090178418,12.63));
#14768=CARTESIAN_POINT('',(-2.80265137875756,13.8420090178418,11.98));
#14769=CARTESIAN_POINT('',(-2.80265137875756,13.8420090178418,10.88));
#14770=CARTESIAN_POINT('',(-2.65319292504124,11.3983848998986,11.98));
#14771=CARTESIAN_POINT('',(-2.65319292504124,11.3983848998986,11.98));
#14772=CARTESIAN_POINT('',(-2.65319292504124,11.3983848998986,11.98));
#14773=CARTESIAN_POINT('',(-2.65319292504124,11.3983848998986,10.88));
#14774=CARTESIAN_POINT('',(-2.65319292504124,11.3983848998986,10.88));
#14775=CARTESIAN_POINT('',(-2.65319292504124,11.3983848998986,9.44));
#14776=CARTESIAN_POINT('',(-2.80265137875756,13.8420090178418,10.09));
#14777=CARTESIAN_POINT('',(-2.80265137875756,13.8420090178418,9.44));
#14778=CARTESIAN_POINT('',(-2.80265137875756,13.8420090178418,8.34));
#14779=CARTESIAN_POINT('',(-2.65319292504124,11.3983848998986,9.44));
#14780=CARTESIAN_POINT('',(-2.65319292504124,11.3983848998986,9.44));
#14781=CARTESIAN_POINT('',(-2.65319292504124,11.3983848998986,9.44));
#14782=CARTESIAN_POINT('',(-2.65319292504124,11.3983848998986,8.34));
#14783=CARTESIAN_POINT('',(-2.65319292504124,11.3983848998986,8.34));
#14784=CARTESIAN_POINT('',(-2.65319292504124,11.3983848998986,6.9));
#14785=CARTESIAN_POINT('',(-2.80265137875756,13.8420090178418,7.55));
#14786=CARTESIAN_POINT('',(-2.80265137875756,13.8420090178418,6.9));
#14787=CARTESIAN_POINT('',(-2.80265137875756,13.8420090178418,5.8));
#14788=CARTESIAN_POINT('',(-2.65319292504124,11.3983848998986,6.9));
#14789=CARTESIAN_POINT('',(-2.65319292504124,11.3983848998986,6.9));
#14790=CARTESIAN_POINT('',(-2.65319292504124,11.3983848998986,6.9));
#14791=CARTESIAN_POINT('',(-2.65319292504124,11.3983848998986,5.8));
#14792=CARTESIAN_POINT('',(-2.65319292504124,11.3983848998986,5.8));
#14793=CARTESIAN_POINT('',(-2.65319292504124,11.3983848998986,4.36));
#14794=CARTESIAN_POINT('',(-2.80265137875756,13.8420090178418,5.01));
#14795=CARTESIAN_POINT('',(-2.80265137875756,13.8420090178418,4.36));
#14796=CARTESIAN_POINT('',(-2.80265137875756,13.8420090178418,3.26));
#14797=CARTESIAN_POINT('',(-2.65319292504124,11.3983848998986,4.36));
#14798=CARTESIAN_POINT('',(-2.65319292504124,11.3983848998986,4.36));
#14799=CARTESIAN_POINT('',(-2.65319292504124,11.3983848998986,4.36));
#14800=CARTESIAN_POINT('',(-2.65319292504124,11.3983848998986,3.26));
#14801=CARTESIAN_POINT('',(-2.65319292504124,11.3983848998986,3.26));
#14802=CARTESIAN_POINT('',(-2.65319292504124,11.3983848998986,14.52));
#14803=CARTESIAN_POINT('',(-2.80265137875756,13.8420090178418,15.17));
#14804=CARTESIAN_POINT('',(-2.80265137875756,13.8420090178418,14.52));
#14805=CARTESIAN_POINT('',(-2.80265137875756,13.8420090178418,13.42));
#14806=CARTESIAN_POINT('',(-2.65319292504124,11.3983848998986,14.52));
#14807=CARTESIAN_POINT('',(-2.65319292504124,11.3983848998986,14.52));
#14808=CARTESIAN_POINT('',(-2.65319292504124,11.3983848998986,14.52));
#14809=CARTESIAN_POINT('',(-2.65319292504124,11.3983848998986,13.42));
#14810=CARTESIAN_POINT('',(-2.65319292504124,11.3983848998986,13.42));
#14811=CARTESIAN_POINT('',(-2.65319292504124,11.3983848998986,1.84));
#14812=CARTESIAN_POINT('',(-2.80265137875756,13.8420090178418,2.49));
#14813=CARTESIAN_POINT('',(-2.80265137875756,13.8420090178418,1.84));
#14814=CARTESIAN_POINT('',(-2.80265137875756,13.8420090178418,0.74));
#14815=CARTESIAN_POINT('',(-2.65319292504124,11.3983848998986,1.84));
#14816=CARTESIAN_POINT('',(-2.65319292504124,11.3983848998986,1.84));
#14817=CARTESIAN_POINT('',(-2.65319292504124,11.3983848998986,1.84));
#14818=CARTESIAN_POINT('',(-2.65319292504124,11.3983848998986,0.74));
#14819=CARTESIAN_POINT('',(-2.65319292504124,11.3983848998986,0.74));
#14820=CARTESIAN_POINT('',(-4.90678986363397,7.32842828911142,3.28));
#14821=CARTESIAN_POINT('',(-3.81946548697432,7.9561953106723,4.36));
#14822=CARTESIAN_POINT('',(-3.81946548697432,7.9561953106723,3.28));
#14823=CARTESIAN_POINT('',(-3.81946548697432,7.9561953106723,4.36));
#14824=CARTESIAN_POINT('',(-4.90678986363397,7.32842828911142,3.28));
#14825=CARTESIAN_POINT('',(-4.90678986363397,7.32842828911142,3.28));
#14826=CARTESIAN_POINT('',(-4.90678986363397,7.32842828911142,3.28));
#14827=CARTESIAN_POINT('',(-4.90678986363397,7.32842828911142,4.38));
#14828=CARTESIAN_POINT('',(-4.90678986363397,7.32842828911142,4.38));
#14829=CARTESIAN_POINT('',(-0.92307300622555,9.62842828911142,4.38));
#14830=CARTESIAN_POINT('',(-0.92307300622555,9.62842828911142,3.28));
#14831=CARTESIAN_POINT('',(-0.92307300622555,9.62842828911142,4.36));
#14832=CARTESIAN_POINT('',(-4.90678986363397,7.32842828911142,4.36));
#14833=CARTESIAN_POINT('',(-0.923073006225551,9.62842828911142,3.28));
#14834=CARTESIAN_POINT('',(-1.3614820011518,9.78280533288218,3.28));
#14835=CARTESIAN_POINT('',(-1.3614820011518,9.78280533288218,4.36));
#14836=CARTESIAN_POINT('',(-1.36148200115183,9.78280533288219,3.28));
#14837=CARTESIAN_POINT('',(-0.923073006225551,9.62842828911142,4.36));
#14838=CARTESIAN_POINT('',(-0.923073006225551,9.62842828911142,4.38));
#14839=CARTESIAN_POINT('',(-2.66230349076688,10.2408638544096,4.38));
#14840=CARTESIAN_POINT('',(-2.66230349076688,10.2408638544096,3.28));
#14841=CARTESIAN_POINT('',(-2.66230349076688,10.2408638544096,3.28));
#14842=CARTESIAN_POINT('',(-0.923073006225551,9.62842828911142,3.28));
#14843=CARTESIAN_POINT('',(-2.66230349076688,10.2408638544096,3.28));
#14844=CARTESIAN_POINT('',(-2.79792729576327,10.4757711753792,3.28));
#14845=CARTESIAN_POINT('',(-2.79792729576327,10.4757711753792,3.28));
#14846=CARTESIAN_POINT('',(-2.79792729576327,10.4757711753792,4.36));
#14847=CARTESIAN_POINT('',(-2.66230349076688,10.2408638544096,3.28));
#14848=CARTESIAN_POINT('',(-2.66230349076688,10.2408638544096,4.38));
#14849=CARTESIAN_POINT('',(-2.81230349076688,10.500671475545,4.38));
#14850=CARTESIAN_POINT('',(-2.81230349076688,10.500671475545,3.28));
#14851=CARTESIAN_POINT('',(-2.81230349076688,10.500671475545,4.36));
#14852=CARTESIAN_POINT('',(-2.66230349076688,10.2408638544096,4.36));
#14853=CARTESIAN_POINT('',(-4.90678986363397,7.32842828911142,5.82));
#14854=CARTESIAN_POINT('',(-3.81946548697432,7.9561953106723,6.9));
#14855=CARTESIAN_POINT('',(-3.81946548697432,7.9561953106723,5.82));
#14856=CARTESIAN_POINT('',(-3.81946548697432,7.9561953106723,6.9));
#14857=CARTESIAN_POINT('',(-4.90678986363397,7.32842828911142,5.82));
#14858=CARTESIAN_POINT('',(-4.90678986363397,7.32842828911142,5.82));
#14859=CARTESIAN_POINT('',(-4.90678986363397,7.32842828911142,5.82));
#14860=CARTESIAN_POINT('',(-4.90678986363397,7.32842828911142,6.92));
#14861=CARTESIAN_POINT('',(-4.90678986363397,7.32842828911142,6.92));
#14862=CARTESIAN_POINT('',(-0.92307300622555,9.62842828911142,6.92));
#14863=CARTESIAN_POINT('',(-0.92307300622555,9.62842828911142,5.82));
#14864=CARTESIAN_POINT('',(-0.92307300622555,9.62842828911142,6.9));
#14865=CARTESIAN_POINT('',(-4.90678986363397,7.32842828911142,6.9));
#14866=CARTESIAN_POINT('',(-0.923073006225551,9.62842828911142,5.82));
#14867=CARTESIAN_POINT('',(-1.3614820011518,9.78280533288218,5.82));
#14868=CARTESIAN_POINT('',(-1.3614820011518,9.78280533288218,6.9));
#14869=CARTESIAN_POINT('',(-1.36148200115183,9.78280533288219,5.82));
#14870=CARTESIAN_POINT('',(-0.923073006225551,9.62842828911142,6.9));
#14871=CARTESIAN_POINT('',(-0.923073006225551,9.62842828911142,6.92));
#14872=CARTESIAN_POINT('',(-2.66230349076688,10.2408638544096,6.92));
#14873=CARTESIAN_POINT('',(-2.66230349076688,10.2408638544096,5.82));
#14874=CARTESIAN_POINT('',(-2.66230349076688,10.2408638544096,5.82));
#14875=CARTESIAN_POINT('',(-0.923073006225551,9.62842828911142,5.82));
#14876=CARTESIAN_POINT('',(-2.66230349076688,10.2408638544096,5.82));
#14877=CARTESIAN_POINT('',(-2.79792729576327,10.4757711753792,5.82));
#14878=CARTESIAN_POINT('',(-2.79792729576327,10.4757711753792,5.82));
#14879=CARTESIAN_POINT('',(-2.79792729576327,10.4757711753792,6.9));
#14880=CARTESIAN_POINT('',(-2.66230349076688,10.2408638544096,5.82));
#14881=CARTESIAN_POINT('',(-2.66230349076688,10.2408638544096,6.92));
#14882=CARTESIAN_POINT('',(-2.81230349076688,10.500671475545,6.92));
#14883=CARTESIAN_POINT('',(-2.81230349076688,10.500671475545,5.82));
#14884=CARTESIAN_POINT('',(-2.81230349076688,10.500671475545,6.9));
#14885=CARTESIAN_POINT('',(-2.66230349076688,10.2408638544096,6.9));
#14886=CARTESIAN_POINT('',(-4.90678986363397,7.32842828911142,8.36));
#14887=CARTESIAN_POINT('',(-3.81946548697432,7.9561953106723,9.44));
#14888=CARTESIAN_POINT('',(-3.81946548697432,7.9561953106723,8.36));
#14889=CARTESIAN_POINT('',(-3.81946548697432,7.9561953106723,9.44));
#14890=CARTESIAN_POINT('',(-4.90678986363397,7.32842828911142,8.36));
#14891=CARTESIAN_POINT('',(-4.90678986363397,7.32842828911142,8.36));
#14892=CARTESIAN_POINT('',(-4.90678986363397,7.32842828911142,8.36));
#14893=CARTESIAN_POINT('',(-4.90678986363397,7.32842828911142,9.46));
#14894=CARTESIAN_POINT('',(-4.90678986363397,7.32842828911142,9.46));
#14895=CARTESIAN_POINT('',(-0.92307300622555,9.62842828911142,9.46));
#14896=CARTESIAN_POINT('',(-0.92307300622555,9.62842828911142,8.36));
#14897=CARTESIAN_POINT('',(-0.92307300622555,9.62842828911142,9.44));
#14898=CARTESIAN_POINT('',(-4.90678986363397,7.32842828911142,9.44));
#14899=CARTESIAN_POINT('',(-0.923073006225551,9.62842828911142,8.36));
#14900=CARTESIAN_POINT('',(-1.3614820011518,9.78280533288218,8.36));
#14901=CARTESIAN_POINT('',(-1.3614820011518,9.78280533288218,9.44));
#14902=CARTESIAN_POINT('',(-1.36148200115183,9.78280533288219,8.36));
#14903=CARTESIAN_POINT('',(-0.923073006225551,9.62842828911142,9.44));
#14904=CARTESIAN_POINT('',(-0.923073006225551,9.62842828911142,9.46));
#14905=CARTESIAN_POINT('',(-2.66230349076688,10.2408638544096,9.46));
#14906=CARTESIAN_POINT('',(-2.66230349076688,10.2408638544096,8.36));
#14907=CARTESIAN_POINT('',(-2.66230349076688,10.2408638544096,8.36));
#14908=CARTESIAN_POINT('',(-0.923073006225551,9.62842828911142,8.36));
#14909=CARTESIAN_POINT('',(-2.66230349076688,10.2408638544096,8.36));
#14910=CARTESIAN_POINT('',(-2.79792729576327,10.4757711753792,8.36));
#14911=CARTESIAN_POINT('',(-2.79792729576327,10.4757711753792,8.36));
#14912=CARTESIAN_POINT('',(-2.79792729576327,10.4757711753792,9.44));
#14913=CARTESIAN_POINT('',(-2.66230349076688,10.2408638544096,8.36));
#14914=CARTESIAN_POINT('',(-2.66230349076688,10.2408638544096,9.46));
#14915=CARTESIAN_POINT('',(-2.81230349076688,10.500671475545,9.46));
#14916=CARTESIAN_POINT('',(-2.81230349076688,10.500671475545,8.36));
#14917=CARTESIAN_POINT('',(-2.81230349076688,10.500671475545,9.44));
#14918=CARTESIAN_POINT('',(-2.66230349076688,10.2408638544096,9.44));
#14919=CARTESIAN_POINT('',(-4.90678986363397,7.32842828911142,10.9));
#14920=CARTESIAN_POINT('',(-3.81946548697432,7.9561953106723,11.98));
#14921=CARTESIAN_POINT('',(-3.81946548697432,7.9561953106723,10.9));
#14922=CARTESIAN_POINT('',(-3.81946548697432,7.9561953106723,11.98));
#14923=CARTESIAN_POINT('',(-4.90678986363397,7.32842828911142,10.9));
#14924=CARTESIAN_POINT('',(-4.90678986363397,7.32842828911142,10.9));
#14925=CARTESIAN_POINT('',(-4.90678986363397,7.32842828911142,10.9));
#14926=CARTESIAN_POINT('',(-4.90678986363397,7.32842828911142,12.));
#14927=CARTESIAN_POINT('',(-4.90678986363397,7.32842828911142,12.));
#14928=CARTESIAN_POINT('',(-0.92307300622555,9.62842828911142,12.));
#14929=CARTESIAN_POINT('',(-0.92307300622555,9.62842828911142,10.9));
#14930=CARTESIAN_POINT('',(-0.92307300622555,9.62842828911142,11.98));
#14931=CARTESIAN_POINT('',(-4.90678986363397,7.32842828911142,11.98));
#14932=CARTESIAN_POINT('',(-0.923073006225551,9.62842828911142,10.9));
#14933=CARTESIAN_POINT('',(-1.3614820011518,9.78280533288218,10.9));
#14934=CARTESIAN_POINT('',(-1.3614820011518,9.78280533288218,11.98));
#14935=CARTESIAN_POINT('',(-1.36148200115183,9.78280533288219,10.9));
#14936=CARTESIAN_POINT('',(-0.923073006225551,9.62842828911142,11.98));
#14937=CARTESIAN_POINT('',(-0.923073006225551,9.62842828911142,12.));
#14938=CARTESIAN_POINT('',(-2.66230349076688,10.2408638544096,12.));
#14939=CARTESIAN_POINT('',(-2.66230349076688,10.2408638544096,10.9));
#14940=CARTESIAN_POINT('',(-2.66230349076688,10.2408638544096,10.9));
#14941=CARTESIAN_POINT('',(-0.923073006225551,9.62842828911142,10.9));
#14942=CARTESIAN_POINT('',(-2.66230349076688,10.2408638544096,10.9));
#14943=CARTESIAN_POINT('',(-2.79792729576327,10.4757711753792,10.9));
#14944=CARTESIAN_POINT('',(-2.79792729576327,10.4757711753792,10.9));
#14945=CARTESIAN_POINT('',(-2.79792729576327,10.4757711753792,11.98));
#14946=CARTESIAN_POINT('',(-2.66230349076688,10.2408638544096,10.9));
#14947=CARTESIAN_POINT('',(-2.66230349076688,10.2408638544096,12.));
#14948=CARTESIAN_POINT('',(-2.81230349076688,10.500671475545,12.));
#14949=CARTESIAN_POINT('',(-2.81230349076688,10.500671475545,10.9));
#14950=CARTESIAN_POINT('',(-2.81230349076688,10.500671475545,11.98));
#14951=CARTESIAN_POINT('',(-2.66230349076688,10.2408638544096,11.98));
#14952=CARTESIAN_POINT('',(-4.90678986363397,7.32842828911142,13.44));
#14953=CARTESIAN_POINT('',(-3.81946548697432,7.9561953106723,14.52));
#14954=CARTESIAN_POINT('',(-3.81946548697432,7.9561953106723,13.44));
#14955=CARTESIAN_POINT('',(-3.81946548697432,7.9561953106723,14.52));
#14956=CARTESIAN_POINT('',(-4.90678986363397,7.32842828911142,13.44));
#14957=CARTESIAN_POINT('',(-4.90678986363397,7.32842828911142,13.44));
#14958=CARTESIAN_POINT('',(-4.90678986363397,7.32842828911142,13.44));
#14959=CARTESIAN_POINT('',(-4.90678986363397,7.32842828911142,14.54));
#14960=CARTESIAN_POINT('',(-4.90678986363397,7.32842828911142,14.54));
#14961=CARTESIAN_POINT('',(-0.92307300622555,9.62842828911142,14.54));
#14962=CARTESIAN_POINT('',(-0.92307300622555,9.62842828911142,13.44));
#14963=CARTESIAN_POINT('',(-0.92307300622555,9.62842828911142,14.52));
#14964=CARTESIAN_POINT('',(-4.90678986363397,7.32842828911142,14.52));
#14965=CARTESIAN_POINT('',(-0.923073006225551,9.62842828911142,13.44));
#14966=CARTESIAN_POINT('',(-1.3614820011518,9.78280533288218,13.44));
#14967=CARTESIAN_POINT('',(-1.3614820011518,9.78280533288218,14.52));
#14968=CARTESIAN_POINT('',(-1.36148200115183,9.78280533288219,13.44));
#14969=CARTESIAN_POINT('',(-0.923073006225551,9.62842828911142,14.52));
#14970=CARTESIAN_POINT('',(-0.923073006225551,9.62842828911142,14.54));
#14971=CARTESIAN_POINT('',(-2.66230349076688,10.2408638544096,14.54));
#14972=CARTESIAN_POINT('',(-2.66230349076688,10.2408638544096,13.44));
#14973=CARTESIAN_POINT('',(-2.66230349076688,10.2408638544096,13.44));
#14974=CARTESIAN_POINT('',(-0.923073006225551,9.62842828911142,13.44));
#14975=CARTESIAN_POINT('',(-2.66230349076688,10.2408638544096,13.44));
#14976=CARTESIAN_POINT('',(-2.79792729576327,10.4757711753792,13.44));
#14977=CARTESIAN_POINT('',(-2.79792729576327,10.4757711753792,13.44));
#14978=CARTESIAN_POINT('',(-2.79792729576327,10.4757711753792,14.52));
#14979=CARTESIAN_POINT('',(-2.66230349076688,10.2408638544096,13.44));
#14980=CARTESIAN_POINT('',(-2.66230349076688,10.2408638544096,14.54));
#14981=CARTESIAN_POINT('',(-2.81230349076688,10.500671475545,14.54));
#14982=CARTESIAN_POINT('',(-2.81230349076688,10.500671475545,13.44));
#14983=CARTESIAN_POINT('',(-2.81230349076688,10.500671475545,14.52));
#14984=CARTESIAN_POINT('',(-2.66230349076688,10.2408638544096,14.52));
#14985=CARTESIAN_POINT('',(0.,0.,13.44));
#14986=CARTESIAN_POINT('',(-3.21119489613687,9.861453006713,13.44));
#14987=CARTESIAN_POINT('',(-4.9546166503996,8.88141189187979,13.44));
#14988=CARTESIAN_POINT('',(-4.39496525191884,-0.268807590277689,13.44));
#14989=CARTESIAN_POINT('',(-4.97720717774456,9.25076374909879,13.44));
#14990=CARTESIAN_POINT('',(-2.81230349076688,10.500671475545,13.44));
#14991=CARTESIAN_POINT('',(-5.75678986363397,8.80067147554496,13.44));
#14992=CARTESIAN_POINT('',(-5.75678986363397,8.80067147554496,13.44));
#14993=CARTESIAN_POINT('',(0.,0.,13.44));
#14994=CARTESIAN_POINT('',(-2.29746422105018,10.4834763523949,13.44));
#14995=CARTESIAN_POINT('',(-2.39714818825878,9.99351400008447,13.44));
#14996=CARTESIAN_POINT('',(-2.79653162026111,10.4529520826275,13.44));
#14997=CARTESIAN_POINT('',(1.85710767815227,9.12797586172638,13.44));
#14998=CARTESIAN_POINT('',(-2.14916195546963,-0.131448376324263,13.44));
#14999=CARTESIAN_POINT('',(0.,0.,3.28));
#15000=CARTESIAN_POINT('',(-3.21119489613687,9.861453006713,3.28));
#15001=CARTESIAN_POINT('',(-4.9546166503996,8.88141189187979,3.28));
#15002=CARTESIAN_POINT('',(-4.39496525191884,-0.268807590277689,3.28));
#15003=CARTESIAN_POINT('',(-4.97720717774456,9.25076374909879,3.28));
#15004=CARTESIAN_POINT('',(-2.81230349076688,10.500671475545,3.28));
#15005=CARTESIAN_POINT('',(-5.75678986363397,8.80067147554496,3.28));
#15006=CARTESIAN_POINT('',(-5.75678986363397,8.80067147554496,3.28));
#15007=CARTESIAN_POINT('',(0.,0.,3.28));
#15008=CARTESIAN_POINT('',(-2.29746422105018,10.4834763523949,3.28));
#15009=CARTESIAN_POINT('',(-2.39714818825878,9.99351400008447,3.28));
#15010=CARTESIAN_POINT('',(-2.79653162026111,10.4529520826275,3.28));
#15011=CARTESIAN_POINT('',(1.85710767815227,9.12797586172638,3.28));
#15012=CARTESIAN_POINT('',(-2.14916195546963,-0.131448376324263,3.28));
#15013=CARTESIAN_POINT('',(0.,0.,5.82));
#15014=CARTESIAN_POINT('',(-3.21119489613687,9.861453006713,5.82));
#15015=CARTESIAN_POINT('',(-4.9546166503996,8.88141189187979,5.82));
#15016=CARTESIAN_POINT('',(-4.39496525191884,-0.268807590277689,5.82));
#15017=CARTESIAN_POINT('',(-4.97720717774456,9.25076374909879,5.82));
#15018=CARTESIAN_POINT('',(-2.81230349076688,10.500671475545,5.82));
#15019=CARTESIAN_POINT('',(-5.75678986363397,8.80067147554496,5.82));
#15020=CARTESIAN_POINT('',(-5.75678986363397,8.80067147554496,5.82));
#15021=CARTESIAN_POINT('',(0.,0.,5.82));
#15022=CARTESIAN_POINT('',(-2.29746422105018,10.4834763523949,5.82));
#15023=CARTESIAN_POINT('',(-2.39714818825878,9.99351400008447,5.82));
#15024=CARTESIAN_POINT('',(-2.79653162026111,10.4529520826275,5.82));
#15025=CARTESIAN_POINT('',(1.85710767815227,9.12797586172638,5.82));
#15026=CARTESIAN_POINT('',(-2.14916195546963,-0.131448376324263,5.82));
#15027=CARTESIAN_POINT('',(0.,0.,8.36));
#15028=CARTESIAN_POINT('',(-3.21119489613687,9.861453006713,8.36));
#15029=CARTESIAN_POINT('',(-4.9546166503996,8.88141189187979,8.36));
#15030=CARTESIAN_POINT('',(-4.39496525191884,-0.268807590277689,8.36));
#15031=CARTESIAN_POINT('',(-4.97720717774456,9.25076374909879,8.36));
#15032=CARTESIAN_POINT('',(-2.81230349076688,10.500671475545,8.36));
#15033=CARTESIAN_POINT('',(-5.75678986363397,8.80067147554496,8.36));
#15034=CARTESIAN_POINT('',(-5.75678986363397,8.80067147554496,8.36));
#15035=CARTESIAN_POINT('',(0.,0.,8.36));
#15036=CARTESIAN_POINT('',(-2.29746422105018,10.4834763523949,8.36));
#15037=CARTESIAN_POINT('',(-2.39714818825878,9.99351400008447,8.36));
#15038=CARTESIAN_POINT('',(-2.79653162026111,10.4529520826275,8.36));
#15039=CARTESIAN_POINT('',(1.85710767815227,9.12797586172638,8.36));
#15040=CARTESIAN_POINT('',(-2.14916195546963,-0.131448376324263,8.36));
#15041=CARTESIAN_POINT('',(0.,0.,10.9));
#15042=CARTESIAN_POINT('',(-3.21119489613687,9.861453006713,10.9));
#15043=CARTESIAN_POINT('',(-4.9546166503996,8.88141189187979,10.9));
#15044=CARTESIAN_POINT('',(-4.39496525191884,-0.268807590277689,10.9));
#15045=CARTESIAN_POINT('',(-4.97720717774456,9.25076374909879,10.9));
#15046=CARTESIAN_POINT('',(-2.81230349076688,10.500671475545,10.9));
#15047=CARTESIAN_POINT('',(-5.75678986363397,8.80067147554496,10.9));
#15048=CARTESIAN_POINT('',(-5.75678986363397,8.80067147554496,10.9));
#15049=CARTESIAN_POINT('',(0.,0.,10.9));
#15050=CARTESIAN_POINT('',(-2.29746422105018,10.4834763523949,10.9));
#15051=CARTESIAN_POINT('',(-2.39714818825878,9.99351400008447,10.9));
#15052=CARTESIAN_POINT('',(-2.79653162026111,10.4529520826275,10.9));
#15053=CARTESIAN_POINT('',(1.85710767815227,9.12797586172638,10.9));
#15054=CARTESIAN_POINT('',(-2.14916195546963,-0.131448376324263,10.9));
#15055=CARTESIAN_POINT('',(-4.90678986363397,7.32842828911142,0.740000000000001));
#15056=CARTESIAN_POINT('',(-3.81946548697432,7.9561953106723,1.84));
#15057=CARTESIAN_POINT('',(-3.81946548697432,7.9561953106723,0.740000000000001));
#15058=CARTESIAN_POINT('',(-3.81946548697432,7.9561953106723,1.84));
#15059=CARTESIAN_POINT('',(-4.90678986363397,7.32842828911142,0.740000000000001));
#15060=CARTESIAN_POINT('',(-4.90678986363397,7.32842828911142,0.740000000000001));
#15061=CARTESIAN_POINT('',(-4.90678986363397,7.32842828911142,0.740000000000001));
#15062=CARTESIAN_POINT('',(-4.90678986363397,7.32842828911142,1.84));
#15063=CARTESIAN_POINT('',(-4.90678986363397,7.32842828911142,1.84));
#15064=CARTESIAN_POINT('',(0.,0.,0.740000000000001));
#15065=CARTESIAN_POINT('',(-3.21119489613687,9.861453006713,0.74));
#15066=CARTESIAN_POINT('',(-4.9546166503996,8.88141189187979,0.740000000000001));
#15067=CARTESIAN_POINT('',(-5.11162005050549,11.4483947928674,0.74));
#15068=CARTESIAN_POINT('',(-4.97720717774456,9.25076374909879,0.740000000000001));
#15069=CARTESIAN_POINT('',(-2.81230349076688,10.500671475545,0.740000000000001));
#15070=CARTESIAN_POINT('',(-5.75678986363397,8.80067147554496,0.740000000000001));
#15071=CARTESIAN_POINT('',(-5.75678986363397,8.80067147554496,0.740000000000001));
#15072=CARTESIAN_POINT('',(0.,0.,1.84));
#15073=CARTESIAN_POINT('',(-5.11162005050549,11.4483947928674,1.84));
#15074=CARTESIAN_POINT('',(-4.97720717774456,9.25076374909879,1.84));
#15075=CARTESIAN_POINT('',(-4.9546166503996,8.88141189187979,1.84));
#15076=CARTESIAN_POINT('',(-3.21119489613687,9.861453006713,1.84));
#15077=CARTESIAN_POINT('',(-5.75678986363397,8.80067147554496,1.84));
#15078=CARTESIAN_POINT('',(-5.75678986363397,8.80067147554496,1.84));
#15079=CARTESIAN_POINT('',(-2.81230349076688,10.500671475545,1.84));
#15080=CARTESIAN_POINT('',(2.85897780134333,7.07772413359522,2.51735026918963));
#15081=CARTESIAN_POINT('',(2.55993969566667,4.59567332602634,1.65132486540519));
#15082=CARTESIAN_POINT('',(3.24295239755889,4.41266062413413,1.94));
#15083=CARTESIAN_POINT('',(4.60897780134333,4.04663522034968,2.51735026918963));
#15084=CARTESIAN_POINT('',(1.99295239755889,6.57772413359522,1.94));
#15085=CARTESIAN_POINT('',(2.2816275321537,6.07772413359522,1.94));
#15086=CARTESIAN_POINT('',(2.85897780134332,7.07772413359522,2.51735026918962));
#15087=CARTESIAN_POINT('',(2.85897780134332,7.07772413359522,2.51735026918963));
#15088=CARTESIAN_POINT('',(2.85897780134333,7.07772413359522,2.51735026918963));
#15089=CARTESIAN_POINT('',(1.99295239755889,6.57772413359522,1.94));
#15090=CARTESIAN_POINT('',(3.24295239755889,4.41266062413413,15.24));
#15091=CARTESIAN_POINT('',(3.24295239755889,4.41266062413413,0.840000000000001));
#15092=CARTESIAN_POINT('',(1.99295239755889,6.57772413359522,0.84));
#15093=CARTESIAN_POINT('',(2.2816275321537,6.07772413359522,0.84));
#15094=CARTESIAN_POINT('',(2.2816275321537,6.07772413359522,15.24));
#15095=CARTESIAN_POINT('',(1.99295239755889,6.57772413359522,0.84));
#15096=CARTESIAN_POINT('',(1.77935375064699,4.80483069961745,1.45858957413174));
#15097=CARTESIAN_POINT('',(4.60897780134333,4.04663522034969,0.262649730810374));
#15098=CARTESIAN_POINT('',(2.85897780134333,7.07772413359522,0.262649730810375));
#15099=CARTESIAN_POINT('',(2.85897780134333,7.07772413359522,0.262649730810375));
#15100=CARTESIAN_POINT('',(2.39709758599162,6.27772413359522,0.724529946162077));
#15101=CARTESIAN_POINT('',(2.85897780134333,7.07772413359522,15.2173502691896));
#15102=CARTESIAN_POINT('',(2.55993969566667,4.59567332602634,14.3513248654052));
#15103=CARTESIAN_POINT('',(3.24295239755889,4.41266062413413,14.64));
#15104=CARTESIAN_POINT('',(4.60897780134333,4.04663522034968,15.2173502691896));
#15105=CARTESIAN_POINT('',(1.99295239755889,6.57772413359522,14.64));
#15106=CARTESIAN_POINT('',(2.2816275321537,6.07772413359522,14.64));
#15107=CARTESIAN_POINT('',(2.85897780134332,7.07772413359522,15.2173502691896));
#15108=CARTESIAN_POINT('',(2.85897780134332,7.07772413359522,15.2173502691896));
#15109=CARTESIAN_POINT('',(2.85897780134333,7.07772413359522,15.2173502691896));
#15110=CARTESIAN_POINT('',(1.99295239755889,6.57772413359522,14.64));
#15111=CARTESIAN_POINT('',(3.24295239755889,4.41266062413413,15.24));
#15112=CARTESIAN_POINT('',(3.24295239755889,4.41266062413413,13.54));
#15113=CARTESIAN_POINT('',(1.99295239755889,6.57772413359522,13.54));
#15114=CARTESIAN_POINT('',(2.2816275321537,6.07772413359522,13.54));
#15115=CARTESIAN_POINT('',(2.2816275321537,6.07772413359522,15.24));
#15116=CARTESIAN_POINT('',(1.99295239755889,6.57772413359522,13.54));
#15117=CARTESIAN_POINT('',(1.77935375064699,4.80483069961745,14.1585895741317));
#15118=CARTESIAN_POINT('',(4.60897780134333,4.04663522034969,12.9626497308104));
#15119=CARTESIAN_POINT('',(2.85897780134333,7.07772413359522,12.9626497308104));
#15120=CARTESIAN_POINT('',(2.85897780134333,7.07772413359522,12.9626497308104));
#15121=CARTESIAN_POINT('',(2.39709758599162,6.27772413359522,13.4245299461621));
#15122=CARTESIAN_POINT('',(2.85897780134333,7.07772413359522,12.6773502691896));
#15123=CARTESIAN_POINT('',(2.55993969566667,4.59567332602634,11.8113248654052));
#15124=CARTESIAN_POINT('',(3.24295239755889,4.41266062413413,12.1));
#15125=CARTESIAN_POINT('',(4.60897780134333,4.04663522034968,12.6773502691896));
#15126=CARTESIAN_POINT('',(1.99295239755889,6.57772413359522,12.1));
#15127=CARTESIAN_POINT('',(2.2816275321537,6.07772413359522,12.1));
#15128=CARTESIAN_POINT('',(2.85897780134332,7.07772413359522,12.6773502691896));
#15129=CARTESIAN_POINT('',(2.85897780134332,7.07772413359522,12.6773502691896));
#15130=CARTESIAN_POINT('',(2.85897780134333,7.07772413359522,12.6773502691896));
#15131=CARTESIAN_POINT('',(1.99295239755889,6.57772413359522,12.1));
#15132=CARTESIAN_POINT('',(3.24295239755889,4.41266062413413,15.24));
#15133=CARTESIAN_POINT('',(3.24295239755889,4.41266062413413,11.));
#15134=CARTESIAN_POINT('',(1.99295239755889,6.57772413359522,11.));
#15135=CARTESIAN_POINT('',(2.2816275321537,6.07772413359522,11.));
#15136=CARTESIAN_POINT('',(2.2816275321537,6.07772413359522,15.24));
#15137=CARTESIAN_POINT('',(1.99295239755889,6.57772413359522,11.));
#15138=CARTESIAN_POINT('',(1.77935375064699,4.80483069961745,11.6185895741317));
#15139=CARTESIAN_POINT('',(4.60897780134333,4.04663522034969,10.4226497308104));
#15140=CARTESIAN_POINT('',(2.85897780134333,7.07772413359522,10.4226497308104));
#15141=CARTESIAN_POINT('',(2.85897780134333,7.07772413359522,10.4226497308104));
#15142=CARTESIAN_POINT('',(2.39709758599162,6.27772413359522,10.8845299461621));
#15143=CARTESIAN_POINT('',(2.85897780134333,7.07772413359522,10.1373502691896));
#15144=CARTESIAN_POINT('',(2.55993969566667,4.59567332602634,9.27132486540519));
#15145=CARTESIAN_POINT('',(3.24295239755889,4.41266062413413,9.56));
#15146=CARTESIAN_POINT('',(4.60897780134333,4.04663522034968,10.1373502691896));
#15147=CARTESIAN_POINT('',(1.99295239755889,6.57772413359522,9.56));
#15148=CARTESIAN_POINT('',(2.2816275321537,6.07772413359522,9.56));
#15149=CARTESIAN_POINT('',(2.85897780134332,7.07772413359522,10.1373502691896));
#15150=CARTESIAN_POINT('',(2.85897780134332,7.07772413359522,10.1373502691896));
#15151=CARTESIAN_POINT('',(2.85897780134333,7.07772413359522,10.1373502691896));
#15152=CARTESIAN_POINT('',(1.99295239755889,6.57772413359522,9.56));
#15153=CARTESIAN_POINT('',(3.24295239755889,4.41266062413413,15.24));
#15154=CARTESIAN_POINT('',(3.24295239755889,4.41266062413413,8.46));
#15155=CARTESIAN_POINT('',(1.99295239755889,6.57772413359522,8.46));
#15156=CARTESIAN_POINT('',(2.2816275321537,6.07772413359522,8.46));
#15157=CARTESIAN_POINT('',(2.2816275321537,6.07772413359522,15.24));
#15158=CARTESIAN_POINT('',(1.99295239755889,6.57772413359522,8.46));
#15159=CARTESIAN_POINT('',(1.77935375064699,4.80483069961745,9.07858957413174));
#15160=CARTESIAN_POINT('',(4.60897780134333,4.04663522034969,7.88264973081037));
#15161=CARTESIAN_POINT('',(2.85897780134333,7.07772413359522,7.88264973081037));
#15162=CARTESIAN_POINT('',(2.85897780134333,7.07772413359522,7.88264973081037));
#15163=CARTESIAN_POINT('',(2.39709758599162,6.27772413359522,8.34452994616208));
#15164=CARTESIAN_POINT('',(2.85897780134333,7.07772413359522,7.59735026918963));
#15165=CARTESIAN_POINT('',(2.55993969566667,4.59567332602634,6.73132486540519));
#15166=CARTESIAN_POINT('',(3.24295239755889,4.41266062413413,7.02));
#15167=CARTESIAN_POINT('',(4.60897780134333,4.04663522034968,7.59735026918963));
#15168=CARTESIAN_POINT('',(1.99295239755889,6.57772413359522,7.02));
#15169=CARTESIAN_POINT('',(2.2816275321537,6.07772413359522,7.02));
#15170=CARTESIAN_POINT('',(2.85897780134332,7.07772413359522,7.59735026918962));
#15171=CARTESIAN_POINT('',(2.85897780134332,7.07772413359522,7.59735026918963));
#15172=CARTESIAN_POINT('',(2.85897780134333,7.07772413359522,7.59735026918963));
#15173=CARTESIAN_POINT('',(1.99295239755889,6.57772413359522,7.02));
#15174=CARTESIAN_POINT('',(3.24295239755889,4.41266062413413,15.24));
#15175=CARTESIAN_POINT('',(3.24295239755889,4.41266062413413,5.92));
#15176=CARTESIAN_POINT('',(1.99295239755889,6.57772413359522,5.92));
#15177=CARTESIAN_POINT('',(2.2816275321537,6.07772413359522,5.92));
#15178=CARTESIAN_POINT('',(2.2816275321537,6.07772413359522,15.24));
#15179=CARTESIAN_POINT('',(1.99295239755889,6.57772413359522,5.92));
#15180=CARTESIAN_POINT('',(1.77935375064699,4.80483069961745,6.53858957413174));
#15181=CARTESIAN_POINT('',(4.60897780134333,4.04663522034969,5.34264973081038));
#15182=CARTESIAN_POINT('',(2.85897780134333,7.07772413359522,5.34264973081037));
#15183=CARTESIAN_POINT('',(2.85897780134333,7.07772413359522,5.34264973081037));
#15184=CARTESIAN_POINT('',(2.39709758599162,6.27772413359522,5.80452994616208));
#15185=CARTESIAN_POINT('',(2.85897780134333,7.07772413359522,5.05735026918963));
#15186=CARTESIAN_POINT('',(2.55993969566667,4.59567332602634,4.19132486540519));
#15187=CARTESIAN_POINT('',(3.24295239755889,4.41266062413413,4.48));
#15188=CARTESIAN_POINT('',(4.60897780134333,4.04663522034968,5.05735026918963));
#15189=CARTESIAN_POINT('',(1.99295239755889,6.57772413359522,4.48));
#15190=CARTESIAN_POINT('',(2.2816275321537,6.07772413359522,4.48));
#15191=CARTESIAN_POINT('',(2.85897780134332,7.07772413359522,5.05735026918962));
#15192=CARTESIAN_POINT('',(2.85897780134332,7.07772413359522,5.05735026918963));
#15193=CARTESIAN_POINT('',(2.85897780134333,7.07772413359522,5.05735026918963));
#15194=CARTESIAN_POINT('',(1.99295239755889,6.57772413359522,4.48));
#15195=CARTESIAN_POINT('',(3.24295239755889,4.41266062413413,15.24));
#15196=CARTESIAN_POINT('',(3.24295239755889,4.41266062413413,3.38));
#15197=CARTESIAN_POINT('',(1.99295239755889,6.57772413359522,3.38));
#15198=CARTESIAN_POINT('',(2.2816275321537,6.07772413359522,3.38));
#15199=CARTESIAN_POINT('',(2.2816275321537,6.07772413359522,15.24));
#15200=CARTESIAN_POINT('',(1.99295239755889,6.57772413359522,3.38));
#15201=CARTESIAN_POINT('',(1.77935375064699,4.80483069961745,3.99858957413174));
#15202=CARTESIAN_POINT('',(4.60897780134333,4.04663522034969,2.80264973081037));
#15203=CARTESIAN_POINT('',(2.85897780134333,7.07772413359522,2.80264973081037));
#15204=CARTESIAN_POINT('',(2.85897780134333,7.07772413359522,2.80264973081037));
#15205=CARTESIAN_POINT('',(2.39709758599162,6.27772413359522,3.26452994616208));
#15206=CARTESIAN_POINT('',(4.82397780134333,3.67424429672237,15.24));
#15207=CARTESIAN_POINT('',(4.60897780134333,4.04663522034968,0.262649730810375));
#15208=CARTESIAN_POINT('',(2.85897780134333,7.07772413359522,0.262649730810375));
#15209=CARTESIAN_POINT('',(4.60897780134333,4.04663522034968,2.80264973081037));
#15210=CARTESIAN_POINT('',(2.85897780134333,7.07772413359522,2.80264973081037));
#15211=CARTESIAN_POINT('',(4.60897780134333,4.04663522034968,5.34264973081037));
#15212=CARTESIAN_POINT('',(2.85897780134333,7.07772413359522,5.34264973081037));
#15213=CARTESIAN_POINT('',(4.60897780134333,4.04663522034968,7.88264973081037));
#15214=CARTESIAN_POINT('',(2.85897780134333,7.07772413359522,7.88264973081037));
#15215=CARTESIAN_POINT('',(4.60897780134333,4.04663522034968,10.4226497308104));
#15216=CARTESIAN_POINT('',(2.85897780134333,7.07772413359522,10.4226497308104));
#15217=CARTESIAN_POINT('',(4.60897780134333,4.04663522034968,12.9626497308104));
#15218=CARTESIAN_POINT('',(2.85897780134333,7.07772413359522,12.9626497308104));
#15219=CARTESIAN_POINT('',(4.82397780134333,3.67424429672237,0.));
#15220=CARTESIAN_POINT('',(4.82397780134333,3.67424429672237,0.));
#15221=CARTESIAN_POINT('',(1.90897780134333,8.72317240078565,0.));
#15222=CARTESIAN_POINT('',(1.90897780134333,8.72317240078565,-0.4));
#15223=CARTESIAN_POINT('',(1.90897780134333,8.72317240078565,-0.4));
#15224=CARTESIAN_POINT('',(1.90897780134333,8.72317240078565,-0.4));
#15225=CARTESIAN_POINT('',(0.808977801343325,10.6284282891114,-0.4));
#15226=CARTESIAN_POINT('',(0.808977801343325,10.6284282891114,-0.4));
#15227=CARTESIAN_POINT('',(0.808977801343326,10.6284282891114,0.));
#15228=CARTESIAN_POINT('',(4.82397780134333,3.67424429672237,0.));
#15229=CARTESIAN_POINT('',(0.458977801343326,11.2346460717605,0.));
#15230=CARTESIAN_POINT('',(0.458977801343326,11.2346460717605,15.24));
#15231=CARTESIAN_POINT('',(0.458977801343326,11.2346460717605,16.64));
#15232=CARTESIAN_POINT('',(4.82397780134333,3.67424429672237,16.64));
#15233=CARTESIAN_POINT('',(4.82397780134333,3.67424429672237,16.64));
#15234=CARTESIAN_POINT('',(4.82397780134333,3.67424429672237,15.24));
#15235=CARTESIAN_POINT('',(0.80897780134333,10.6284282891114,5.52));
#15236=CARTESIAN_POINT('',(1.90897780134333,8.72317240078565,7.22));
#15237=CARTESIAN_POINT('',(0.80897780134333,10.6284282891114,10.6));
#15238=CARTESIAN_POINT('',(1.90897780134333,8.72317240078565,12.3));
#15239=CARTESIAN_POINT('',(0.80897780134333,10.6284282891114,0.44));
#15240=CARTESIAN_POINT('',(1.90897780134333,8.72317240078565,2.14));
#15241=CARTESIAN_POINT('',(0.80897780134333,10.6284282891114,13.14));
#15242=CARTESIAN_POINT('',(1.90897780134333,8.72317240078565,14.84));
#15243=CARTESIAN_POINT('',(0.80897780134333,10.6284282891114,8.06));
#15244=CARTESIAN_POINT('',(1.90897780134333,8.72317240078565,9.76));
#15245=CARTESIAN_POINT('',(0.80897780134333,10.6284282891114,2.98));
#15246=CARTESIAN_POINT('',(1.90897780134333,8.72317240078565,4.68));
#15247=CARTESIAN_POINT('',(-5.75678986363397,8.80067147554496,0.740000000000001));
#15248=CARTESIAN_POINT('',(-5.75678986363397,8.80067147554496,0.740000000000001));
#15249=CARTESIAN_POINT('',(-5.75678986363397,8.80067147554496,3.28));
#15250=CARTESIAN_POINT('',(-5.75678986363397,8.80067147554496,4.38));
#15251=CARTESIAN_POINT('',(-5.75678986363397,8.80067147554496,4.38));
#15252=CARTESIAN_POINT('',(-5.75678986363397,8.80067147554496,3.28));
#15253=CARTESIAN_POINT('',(-5.75678986363397,8.80067147554496,5.82));
#15254=CARTESIAN_POINT('',(-5.75678986363397,8.80067147554496,6.92));
#15255=CARTESIAN_POINT('',(-5.75678986363397,8.80067147554496,6.92));
#15256=CARTESIAN_POINT('',(-5.75678986363397,8.80067147554496,5.82));
#15257=CARTESIAN_POINT('',(-5.75678986363397,8.80067147554496,8.36));
#15258=CARTESIAN_POINT('',(-5.75678986363397,8.80067147554496,9.46));
#15259=CARTESIAN_POINT('',(-5.75678986363397,8.80067147554496,9.46));
#15260=CARTESIAN_POINT('',(-5.75678986363397,8.80067147554496,8.36));
#15261=CARTESIAN_POINT('',(-5.75678986363397,8.80067147554496,10.9));
#15262=CARTESIAN_POINT('',(-5.75678986363397,8.80067147554496,12.));
#15263=CARTESIAN_POINT('',(-5.75678986363397,8.80067147554496,12.));
#15264=CARTESIAN_POINT('',(-5.75678986363397,8.80067147554496,10.9));
#15265=CARTESIAN_POINT('',(-5.75678986363397,8.80067147554496,13.44));
#15266=CARTESIAN_POINT('',(-5.75678986363397,8.80067147554496,14.54));
#15267=CARTESIAN_POINT('',(-5.75678986363397,8.80067147554496,14.54));
#15268=CARTESIAN_POINT('',(-5.75678986363397,8.80067147554496,13.44));
#15269=CARTESIAN_POINT('',(-0.907047602441114,11.600671475545,15.24));
#15270=CARTESIAN_POINT('',(-2.79988865906922,10.5078391819676,15.24));
#15271=CARTESIAN_POINT('',(-2.79988865906922,10.5078391819676,4.36));
#15272=CARTESIAN_POINT('',(-2.79988865906922,10.5078391819676,3.26));
#15273=CARTESIAN_POINT('',(-0.907047602441114,11.600671475545,4.36));
#15274=CARTESIAN_POINT('',(-2.81230349076688,10.500671475545,4.38));
#15275=CARTESIAN_POINT('',(-4.97720717774456,9.25076374909879,15.24));
#15276=CARTESIAN_POINT('',(-4.97720717774456,9.25076374909879,3.26));
#15277=CARTESIAN_POINT('',(-0.907047602441114,11.600671475545,3.26));
#15278=CARTESIAN_POINT('',(-2.79988865906922,10.5078391819676,15.24));
#15279=CARTESIAN_POINT('',(-2.79988865906922,10.5078391819676,6.9));
#15280=CARTESIAN_POINT('',(-2.79988865906922,10.5078391819676,5.8));
#15281=CARTESIAN_POINT('',(-0.907047602441114,11.600671475545,6.9));
#15282=CARTESIAN_POINT('',(-2.81230349076688,10.500671475545,6.92));
#15283=CARTESIAN_POINT('',(-4.97720717774456,9.25076374909879,15.24));
#15284=CARTESIAN_POINT('',(-4.97720717774456,9.25076374909879,5.8));
#15285=CARTESIAN_POINT('',(-0.907047602441114,11.600671475545,5.8));
#15286=CARTESIAN_POINT('',(-2.79988865906922,10.5078391819676,15.24));
#15287=CARTESIAN_POINT('',(-2.79988865906922,10.5078391819676,9.44));
#15288=CARTESIAN_POINT('',(-2.79988865906922,10.5078391819676,8.34));
#15289=CARTESIAN_POINT('',(-0.907047602441114,11.600671475545,9.44));
#15290=CARTESIAN_POINT('',(-2.81230349076688,10.500671475545,9.46));
#15291=CARTESIAN_POINT('',(-4.97720717774456,9.25076374909879,15.24));
#15292=CARTESIAN_POINT('',(-4.97720717774456,9.25076374909879,8.34));
#15293=CARTESIAN_POINT('',(-0.907047602441114,11.600671475545,8.34));
#15294=CARTESIAN_POINT('',(-2.79988865906922,10.5078391819676,15.24));
#15295=CARTESIAN_POINT('',(-2.79988865906922,10.5078391819676,11.98));
#15296=CARTESIAN_POINT('',(-2.79988865906922,10.5078391819676,10.88));
#15297=CARTESIAN_POINT('',(-0.907047602441114,11.600671475545,11.98));
#15298=CARTESIAN_POINT('',(-2.81230349076688,10.500671475545,12.));
#15299=CARTESIAN_POINT('',(-4.97720717774456,9.25076374909879,15.24));
#15300=CARTESIAN_POINT('',(-4.97720717774456,9.25076374909879,10.88));
#15301=CARTESIAN_POINT('',(-0.907047602441114,11.600671475545,10.88));
#15302=CARTESIAN_POINT('',(-2.79988865906922,10.5078391819676,15.24));
#15303=CARTESIAN_POINT('',(-2.79988865906922,10.5078391819676,14.52));
#15304=CARTESIAN_POINT('',(-2.79988865906922,10.5078391819676,13.42));
#15305=CARTESIAN_POINT('',(-0.907047602441114,11.600671475545,14.52));
#15306=CARTESIAN_POINT('',(-2.81230349076688,10.500671475545,14.54));
#15307=CARTESIAN_POINT('',(-4.97720717774456,9.25076374909879,15.24));
#15308=CARTESIAN_POINT('',(-4.97720717774456,9.25076374909879,13.42));
#15309=CARTESIAN_POINT('',(-0.907047602441114,11.600671475545,13.42));
#15310=CARTESIAN_POINT('',(-0.907047602441114,11.600671475545,0.));
#15311=CARTESIAN_POINT('',(-0.907047602441113,11.600671475545,0.));
#15312=CARTESIAN_POINT('',(-3.07211111190221,10.350671475545,0.));
#15313=CARTESIAN_POINT('',(-3.07211111190221,10.350671475545,-0.8));
#15314=CARTESIAN_POINT('',(-3.07211111190221,10.350671475545,-0.8));
#15315=CARTESIAN_POINT('',(-3.07211111190221,10.350671475545,-0.8));
#15316=CARTESIAN_POINT('',(-5.75678986363397,8.80067147554496,-0.8));
#15317=CARTESIAN_POINT('',(-5.75678986363397,8.80067147554496,-0.8));
#15318=CARTESIAN_POINT('',(-5.75678986363397,8.80067147554496,0.));
#15319=CARTESIAN_POINT('',(-0.907047602441114,11.600671475545,0.));
#15320=CARTESIAN_POINT('',(-7.,8.08290376865476,0.));
#15321=CARTESIAN_POINT('',(-7.,8.08290376865476,15.24));
#15322=CARTESIAN_POINT('',(-7.,8.08290376865476,16.64));
#15323=CARTESIAN_POINT('',(-0.907047602441114,11.600671475545,16.64));
#15324=CARTESIAN_POINT('',(-0.907047602441113,11.600671475545,16.64));
#15325=CARTESIAN_POINT('',(-0.907047602441113,11.600671475545,15.24));
#15326=CARTESIAN_POINT('',(-2.79988865906922,10.5078391819676,15.24));
#15327=CARTESIAN_POINT('',(-2.79988865906922,10.5078391819676,1.84));
#15328=CARTESIAN_POINT('',(-2.79988865906922,10.5078391819676,0.74));
#15329=CARTESIAN_POINT('',(-2.81230349076688,10.500671475545,1.84));
#15330=CARTESIAN_POINT('',(-2.81230349076688,10.500671475545,0.740000000000001));
#15331=CARTESIAN_POINT('',(-6.5,7.21687836487032,15.24));
#15332=CARTESIAN_POINT('',(-6.5,7.21687836487032,0.));
#15333=CARTESIAN_POINT('',(-7.5,7.21687836487032,0.));
#15334=CARTESIAN_POINT('',(-7.5,7.21687836487032,15.24));
#15335=CARTESIAN_POINT('',(-7.5,7.21687836487032,16.64));
#15336=CARTESIAN_POINT('',(-6.5,7.21687836487032,16.64));
#15337=CARTESIAN_POINT('',(-7.5,7.21687836487032,15.24));
#15338=CARTESIAN_POINT('',(-7.5,7.21687836487032,0.));
#15339=CARTESIAN_POINT('',(-7.5,8.67361737988404E-16,0.));
#15340=CARTESIAN_POINT('',(-7.5,8.67361737988404E-16,15.24));
#15341=CARTESIAN_POINT('',(-7.5,8.67361737988404E-16,16.64));
#15342=CARTESIAN_POINT('',(-7.5,7.21687836487032,16.64));
#15343=CARTESIAN_POINT('',(-7.5,0.,15.24));
#15344=CARTESIAN_POINT('',(-4.75,0.,11.875));
#15345=CARTESIAN_POINT('',(-4.75,0.,11.875));
#15346=CARTESIAN_POINT('',(-4.75,0.,11.125));
#15347=CARTESIAN_POINT('',(-4.75,0.,11.125));
#15348=CARTESIAN_POINT('',(-5.25,0.,11.125));
#15349=CARTESIAN_POINT('',(-5.25,0.,11.125));
#15350=CARTESIAN_POINT('',(-5.25,0.,11.875));
#15351=CARTESIAN_POINT('',(-5.25,0.,11.875));
#15352=CARTESIAN_POINT('',(-4.75,0.,9.335));
#15353=CARTESIAN_POINT('',(-4.75,0.,9.335));
#15354=CARTESIAN_POINT('',(-4.75,0.,8.585));
#15355=CARTESIAN_POINT('',(-4.75,0.,8.585));
#15356=CARTESIAN_POINT('',(-5.25,0.,8.585));
#15357=CARTESIAN_POINT('',(-5.25,0.,8.585));
#15358=CARTESIAN_POINT('',(-5.25,0.,9.335));
#15359=CARTESIAN_POINT('',(-5.25,0.,9.335));
#15360=CARTESIAN_POINT('',(-4.75,0.,6.795));
#15361=CARTESIAN_POINT('',(-4.75,0.,6.795));
#15362=CARTESIAN_POINT('',(-4.75,0.,6.045));
#15363=CARTESIAN_POINT('',(-4.75,0.,6.045));
#15364=CARTESIAN_POINT('',(-5.25,0.,6.045));
#15365=CARTESIAN_POINT('',(-5.25,0.,6.045));
#15366=CARTESIAN_POINT('',(-5.25,0.,6.795));
#15367=CARTESIAN_POINT('',(-5.25,0.,6.795));
#15368=CARTESIAN_POINT('',(-4.75,0.,4.255));
#15369=CARTESIAN_POINT('',(-4.75,0.,4.255));
#15370=CARTESIAN_POINT('',(-4.75,0.,3.505));
#15371=CARTESIAN_POINT('',(-4.75,0.,3.505));
#15372=CARTESIAN_POINT('',(-5.25,0.,3.505));
#15373=CARTESIAN_POINT('',(-5.25,0.,3.505));
#15374=CARTESIAN_POINT('',(-5.25,0.,4.255));
#15375=CARTESIAN_POINT('',(-5.25,0.,4.255));
#15376=CARTESIAN_POINT('',(-4.75,0.,1.715));
#15377=CARTESIAN_POINT('',(-4.75,0.,1.715));
#15378=CARTESIAN_POINT('',(-4.75,0.,0.965000000000002));
#15379=CARTESIAN_POINT('',(-4.75,0.,0.965000000000002));
#15380=CARTESIAN_POINT('',(-5.25,0.,0.965000000000002));
#15381=CARTESIAN_POINT('',(-5.25,0.,0.965000000000002));
#15382=CARTESIAN_POINT('',(-5.25,0.,1.715));
#15383=CARTESIAN_POINT('',(-5.25,0.,1.715));
#15384=CARTESIAN_POINT('',(-4.75,0.,14.415));
#15385=CARTESIAN_POINT('',(-4.75,0.,14.415));
#15386=CARTESIAN_POINT('',(-4.75,0.,13.665));
#15387=CARTESIAN_POINT('',(-4.75,0.,13.665));
#15388=CARTESIAN_POINT('',(-5.25,0.,13.665));
#15389=CARTESIAN_POINT('',(-5.25,0.,13.665));
#15390=CARTESIAN_POINT('',(-5.25,0.,14.415));
#15391=CARTESIAN_POINT('',(-5.25,0.,14.415));
#15392=CARTESIAN_POINT('',(0.25,0.,11.875));
#15393=CARTESIAN_POINT('',(0.25,0.,11.875));
#15394=CARTESIAN_POINT('',(0.25,0.,11.125));
#15395=CARTESIAN_POINT('',(0.25,0.,11.125));
#15396=CARTESIAN_POINT('',(-0.25,0.,11.125));
#15397=CARTESIAN_POINT('',(-0.25,0.,11.125));
#15398=CARTESIAN_POINT('',(-0.25,0.,11.875));
#15399=CARTESIAN_POINT('',(-0.25,0.,11.875));
#15400=CARTESIAN_POINT('',(0.25,0.,9.335));
#15401=CARTESIAN_POINT('',(0.25,0.,9.335));
#15402=CARTESIAN_POINT('',(0.25,0.,8.585));
#15403=CARTESIAN_POINT('',(0.25,0.,8.585));
#15404=CARTESIAN_POINT('',(-0.25,0.,8.585));
#15405=CARTESIAN_POINT('',(-0.25,0.,8.585));
#15406=CARTESIAN_POINT('',(-0.25,0.,9.335));
#15407=CARTESIAN_POINT('',(-0.25,0.,9.335));
#15408=CARTESIAN_POINT('',(0.25,0.,6.795));
#15409=CARTESIAN_POINT('',(0.25,0.,6.795));
#15410=CARTESIAN_POINT('',(0.25,0.,6.045));
#15411=CARTESIAN_POINT('',(0.25,0.,6.045));
#15412=CARTESIAN_POINT('',(-0.25,0.,6.045));
#15413=CARTESIAN_POINT('',(-0.25,0.,6.045));
#15414=CARTESIAN_POINT('',(-0.25,0.,6.795));
#15415=CARTESIAN_POINT('',(-0.25,0.,6.795));
#15416=CARTESIAN_POINT('',(0.25,0.,4.255));
#15417=CARTESIAN_POINT('',(0.25,0.,4.255));
#15418=CARTESIAN_POINT('',(0.25,0.,3.505));
#15419=CARTESIAN_POINT('',(0.25,0.,3.505));
#15420=CARTESIAN_POINT('',(-0.25,0.,3.505));
#15421=CARTESIAN_POINT('',(-0.25,0.,3.505));
#15422=CARTESIAN_POINT('',(-0.25,0.,4.255));
#15423=CARTESIAN_POINT('',(-0.25,0.,4.255));
#15424=CARTESIAN_POINT('',(0.25,0.,1.715));
#15425=CARTESIAN_POINT('',(0.25,0.,1.715));
#15426=CARTESIAN_POINT('',(0.25,0.,0.965000000000002));
#15427=CARTESIAN_POINT('',(0.25,0.,0.965000000000002));
#15428=CARTESIAN_POINT('',(-0.25,0.,0.965000000000002));
#15429=CARTESIAN_POINT('',(-0.25,0.,0.965000000000002));
#15430=CARTESIAN_POINT('',(-0.25,0.,1.715));
#15431=CARTESIAN_POINT('',(-0.25,0.,1.715));
#15432=CARTESIAN_POINT('',(0.25,0.,14.415));
#15433=CARTESIAN_POINT('',(0.25,0.,14.415));
#15434=CARTESIAN_POINT('',(0.25,0.,13.665));
#15435=CARTESIAN_POINT('',(0.25,0.,13.665));
#15436=CARTESIAN_POINT('',(-0.25,0.,13.665));
#15437=CARTESIAN_POINT('',(-0.25,0.,13.665));
#15438=CARTESIAN_POINT('',(-0.25,0.,14.415));
#15439=CARTESIAN_POINT('',(-0.25,0.,14.415));
#15440=CARTESIAN_POINT('',(-7.5,0.,0.));
#15441=CARTESIAN_POINT('',(2.82,0.,0.));
#15442=CARTESIAN_POINT('',(2.82,0.,15.24));
#15443=CARTESIAN_POINT('',(2.82,0.,16.64));
#15444=CARTESIAN_POINT('',(-7.5,0.,16.64));
#15445=CARTESIAN_POINT('',(2.82,0.,15.24));
#15446=CARTESIAN_POINT('',(2.82,0.,0.));
#15447=CARTESIAN_POINT('',(2.82,0.203252927555554,0.));
#15448=CARTESIAN_POINT('',(2.82,0.203252927555554,15.24));
#15449=CARTESIAN_POINT('',(2.82,0.203252927555554,16.64));
#15450=CARTESIAN_POINT('',(2.82,0.,16.64));
#15451=CARTESIAN_POINT('',(2.82,0.203252927555554,15.24));
#15452=CARTESIAN_POINT('',(2.82,0.203252927555554,0.));
#15453=CARTESIAN_POINT('',(2.82,0.203252927555554,16.64));
#15454=CARTESIAN_POINT('',(-0.407047602441114,10.7346460717605,15.24));
#15455=CARTESIAN_POINT('',(-0.407047602441114,10.7346460717605,0.));
#15456=CARTESIAN_POINT('',(-0.407047602441114,10.7346460717605,16.64));
#15457=CARTESIAN_POINT('',(-6.5,7.21687836487032,0.));
#15458=CARTESIAN_POINT('',(0.0123821670554052,7.62817240078565,0.));
#15459=CARTESIAN_POINT('',(0.0123821670554051,7.62817240078565,0.));
#15460=CARTESIAN_POINT('',(-5.75678986363397,8.80067147554496,0.));
#15461=CARTESIAN_POINT('',(-4.72480474650087,7.01322082001551,0.));
#15462=CARTESIAN_POINT('',(-4.72480474650087,7.01322082001551,0.));
#15463=CARTESIAN_POINT('',(-4.04076445984953,7.82842828911142,0.));
#15464=CARTESIAN_POINT('',(-4.04076445984953,7.82842828911142,0.));
#15465=CARTESIAN_POINT('',(-1.09627808698244,9.52842828911142,0.));
#15466=CARTESIAN_POINT('',(-1.09627808698244,9.52842828911142,0.));
#15467=CARTESIAN_POINT('',(-2.87211111190221,10.0042613140312,0.));
#15468=CARTESIAN_POINT('',(-2.87211111190221,10.0042613140312,0.));
#15469=CARTESIAN_POINT('',(0.808977801343325,10.6284282891114,0.));
#15470=CARTESIAN_POINT('',(-1.0876178329446,9.53342828911142,0.));
#15471=CARTESIAN_POINT('',(-1.0876178329446,9.53342828911142,0.));
#15472=CARTESIAN_POINT('',(-1.46231598850209,2.61983308553578,0.));
#15473=CARTESIAN_POINT('',(-0.710561891873363,2.89344920019632,0.));
#15474=CARTESIAN_POINT('',(-1.86231598850209,3.31265340856333,0.));
#15475=CARTESIAN_POINT('',(-1.86231598850209,3.31265340856333,0.));
#15476=CARTESIAN_POINT('',(-3.79243050968907,2.19830127018922,0.));
#15477=CARTESIAN_POINT('',(-3.79243050968907,2.19830127018922,0.));
#15478=CARTESIAN_POINT('',(-3.39243050968907,1.50548094716167,0.));
#15479=CARTESIAN_POINT('',(-3.39243050968907,1.50548094716167,0.));
#15480=CARTESIAN_POINT('',(-0.303736865347024,1.77570662614617,0.));
#15481=CARTESIAN_POINT('',(-0.303736865347024,1.77570662614617,0.));
#15482=CARTESIAN_POINT('',(-6.5,7.21687836487032,16.64));
#15483=CARTESIAN_POINT('',(1.49295239755889,7.44374953737966,16.64));
#15484=CARTESIAN_POINT('',(1.99295239755889,7.44374953737966,16.64));
#15485=CARTESIAN_POINT('',(2.28769650923312,1.66721235694369,16.64));
#15486=CARTESIAN_POINT('',(2.98769650923312,1.66721235694369,16.64));
#15487=CARTESIAN_POINT('',(-6.69050672104238,1.21791651245989,16.64));
#15488=CARTESIAN_POINT('',(-6.19050672104239,1.21791651245989,16.64));
#15489=CARTESIAN_POINT('',(-6.40582796931063,6.92483845062519,16.64));
#15490=CARTESIAN_POINT('',(-5.70582796931063,6.92483845062519,16.64));
#15491=CARTESIAN_POINT('',(-0.630252683198001,10.721248612139,16.64));
#15492=CARTESIAN_POINT('',(-0.130252683198001,10.721248612139,16.64));
#15493=CARTESIAN_POINT('',(-0.630252683198001,10.721248612139,16.74));
#15494=CARTESIAN_POINT('',(-0.630252683198001,10.721248612139,16.74));
#15495=CARTESIAN_POINT('',(-0.130252683198001,10.721248612139,16.74));
#15496=CARTESIAN_POINT('',(-0.630252683198001,10.721248612139,16.74));
#15497=CARTESIAN_POINT('',(-6.40582796931063,6.92483845062519,16.74));
#15498=CARTESIAN_POINT('',(-6.40582796931063,6.92483845062519,16.74));
#15499=CARTESIAN_POINT('',(-5.70582796931063,6.92483845062519,16.74));
#15500=CARTESIAN_POINT('',(-6.40582796931063,6.92483845062519,16.74));
#15501=CARTESIAN_POINT('',(-6.69050672104238,1.21791651245989,16.74));
#15502=CARTESIAN_POINT('',(-6.69050672104238,1.21791651245989,16.74));
#15503=CARTESIAN_POINT('',(-6.19050672104239,1.21791651245989,16.74));
#15504=CARTESIAN_POINT('',(-6.69050672104238,1.21791651245989,16.74));
#15505=CARTESIAN_POINT('',(2.28769650923312,1.66721235694369,16.74));
#15506=CARTESIAN_POINT('',(2.28769650923312,1.66721235694369,16.74));
#15507=CARTESIAN_POINT('',(2.98769650923312,1.66721235694369,16.74));
#15508=CARTESIAN_POINT('',(2.28769650923312,1.66721235694369,16.74));
#15509=CARTESIAN_POINT('',(1.49295239755889,7.44374953737966,16.74));
#15510=CARTESIAN_POINT('',(1.49295239755889,7.44374953737966,16.74));
#15511=CARTESIAN_POINT('',(1.99295239755889,7.44374953737966,16.74));
#15512=CARTESIAN_POINT('',(1.49295239755889,7.44374953737966,16.74));
#15513=CARTESIAN_POINT('',(0.,0.,14.54));
#15514=CARTESIAN_POINT('',(0.,0.,12.));
#15515=CARTESIAN_POINT('',(0.,0.,9.46));
#15516=CARTESIAN_POINT('',(0.,0.,6.92));
#15517=CARTESIAN_POINT('',(0.,0.,4.38));
#15518=CARTESIAN_POINT('',(0.25,-4.,13.665));
#15519=CARTESIAN_POINT('',(0.25,-4.,13.665));
#15520=CARTESIAN_POINT('',(0.25,-4.,13.665));
#15521=CARTESIAN_POINT('',(0.25,-4.,13.665));
#15522=CARTESIAN_POINT('',(-0.25,-4.,13.665));
#15523=CARTESIAN_POINT('',(-0.25,-4.,13.665));
#15524=CARTESIAN_POINT('',(-0.25,-4.,13.665));
#15525=CARTESIAN_POINT('',(-0.25,-4.,13.665));
#15526=CARTESIAN_POINT('',(-0.25,-4.,14.415));
#15527=CARTESIAN_POINT('',(-0.25,-4.,14.415));
#15528=CARTESIAN_POINT('',(-0.25,-4.,14.415));
#15529=CARTESIAN_POINT('',(-0.25,-4.,14.415));
#15530=CARTESIAN_POINT('',(0.25,-4.,14.415));
#15531=CARTESIAN_POINT('',(0.25,-4.,14.415));
#15532=CARTESIAN_POINT('',(0.25,-4.,14.415));
#15533=CARTESIAN_POINT('',(0.25,-4.,14.415));
#15534=CARTESIAN_POINT('',(0.,-4.,0.));
#15535=CARTESIAN_POINT('',(0.25,-4.,0.965000000000002));
#15536=CARTESIAN_POINT('',(0.25,-4.,0.965000000000002));
#15537=CARTESIAN_POINT('',(0.25,-4.,0.965000000000002));
#15538=CARTESIAN_POINT('',(0.25,-4.,0.965000000000002));
#15539=CARTESIAN_POINT('',(-0.25,-4.,0.965000000000002));
#15540=CARTESIAN_POINT('',(-0.25,-4.,0.965000000000002));
#15541=CARTESIAN_POINT('',(-0.25,-4.,0.965000000000002));
#15542=CARTESIAN_POINT('',(-0.25,-4.,0.965000000000002));
#15543=CARTESIAN_POINT('',(-0.25,-4.,1.715));
#15544=CARTESIAN_POINT('',(-0.25,-4.,1.715));
#15545=CARTESIAN_POINT('',(-0.25,-4.,1.715));
#15546=CARTESIAN_POINT('',(-0.25,-4.,1.715));
#15547=CARTESIAN_POINT('',(0.25,-4.,1.715));
#15548=CARTESIAN_POINT('',(0.25,-4.,1.715));
#15549=CARTESIAN_POINT('',(0.25,-4.,1.715));
#15550=CARTESIAN_POINT('',(0.25,-4.,1.715));
#15551=CARTESIAN_POINT('',(0.,-4.,-12.7));
#15552=CARTESIAN_POINT('',(0.25,-4.,3.505));
#15553=CARTESIAN_POINT('',(0.25,-4.,3.505));
#15554=CARTESIAN_POINT('',(0.25,-4.,3.505));
#15555=CARTESIAN_POINT('',(0.25,-4.,3.505));
#15556=CARTESIAN_POINT('',(-0.25,-4.,3.505));
#15557=CARTESIAN_POINT('',(-0.25,-4.,3.505));
#15558=CARTESIAN_POINT('',(-0.25,-4.,3.505));
#15559=CARTESIAN_POINT('',(-0.25,-4.,3.505));
#15560=CARTESIAN_POINT('',(-0.25,-4.,4.255));
#15561=CARTESIAN_POINT('',(-0.25,-4.,4.255));
#15562=CARTESIAN_POINT('',(-0.25,-4.,4.255));
#15563=CARTESIAN_POINT('',(-0.25,-4.,4.255));
#15564=CARTESIAN_POINT('',(0.25,-4.,4.255));
#15565=CARTESIAN_POINT('',(0.25,-4.,4.255));
#15566=CARTESIAN_POINT('',(0.25,-4.,4.255));
#15567=CARTESIAN_POINT('',(0.25,-4.,4.255));
#15568=CARTESIAN_POINT('',(0.,-4.,-10.16));
#15569=CARTESIAN_POINT('',(0.25,-4.,6.045));
#15570=CARTESIAN_POINT('',(0.25,-4.,6.045));
#15571=CARTESIAN_POINT('',(0.25,-4.,6.045));
#15572=CARTESIAN_POINT('',(0.25,-4.,6.045));
#15573=CARTESIAN_POINT('',(-0.25,-4.,6.045));
#15574=CARTESIAN_POINT('',(-0.25,-4.,6.045));
#15575=CARTESIAN_POINT('',(-0.25,-4.,6.045));
#15576=CARTESIAN_POINT('',(-0.25,-4.,6.045));
#15577=CARTESIAN_POINT('',(-0.25,-4.,6.795));
#15578=CARTESIAN_POINT('',(-0.25,-4.,6.795));
#15579=CARTESIAN_POINT('',(-0.25,-4.,6.795));
#15580=CARTESIAN_POINT('',(-0.25,-4.,6.795));
#15581=CARTESIAN_POINT('',(0.25,-4.,6.795));
#15582=CARTESIAN_POINT('',(0.25,-4.,6.795));
#15583=CARTESIAN_POINT('',(0.25,-4.,6.795));
#15584=CARTESIAN_POINT('',(0.25,-4.,6.795));
#15585=CARTESIAN_POINT('',(0.,-4.,-7.62));
#15586=CARTESIAN_POINT('',(0.25,-4.,8.585));
#15587=CARTESIAN_POINT('',(0.25,-4.,8.585));
#15588=CARTESIAN_POINT('',(0.25,-4.,8.585));
#15589=CARTESIAN_POINT('',(0.25,-4.,8.585));
#15590=CARTESIAN_POINT('',(-0.25,-4.,8.585));
#15591=CARTESIAN_POINT('',(-0.25,-4.,8.585));
#15592=CARTESIAN_POINT('',(-0.25,-4.,8.585));
#15593=CARTESIAN_POINT('',(-0.25,-4.,8.585));
#15594=CARTESIAN_POINT('',(-0.25,-4.,9.335));
#15595=CARTESIAN_POINT('',(-0.25,-4.,9.335));
#15596=CARTESIAN_POINT('',(-0.25,-4.,9.335));
#15597=CARTESIAN_POINT('',(-0.25,-4.,9.335));
#15598=CARTESIAN_POINT('',(0.25,-4.,9.335));
#15599=CARTESIAN_POINT('',(0.25,-4.,9.335));
#15600=CARTESIAN_POINT('',(0.25,-4.,9.335));
#15601=CARTESIAN_POINT('',(0.25,-4.,9.335));
#15602=CARTESIAN_POINT('',(0.,-4.,-5.08));
#15603=CARTESIAN_POINT('',(0.25,-4.,11.125));
#15604=CARTESIAN_POINT('',(0.25,-4.,11.125));
#15605=CARTESIAN_POINT('',(0.25,-4.,11.125));
#15606=CARTESIAN_POINT('',(0.25,-4.,11.125));
#15607=CARTESIAN_POINT('',(-0.25,-4.,11.125));
#15608=CARTESIAN_POINT('',(-0.25,-4.,11.125));
#15609=CARTESIAN_POINT('',(-0.25,-4.,11.125));
#15610=CARTESIAN_POINT('',(-0.25,-4.,11.125));
#15611=CARTESIAN_POINT('',(-0.25,-4.,11.875));
#15612=CARTESIAN_POINT('',(-0.25,-4.,11.875));
#15613=CARTESIAN_POINT('',(-0.25,-4.,11.875));
#15614=CARTESIAN_POINT('',(-0.25,-4.,11.875));
#15615=CARTESIAN_POINT('',(0.25,-4.,11.875));
#15616=CARTESIAN_POINT('',(0.25,-4.,11.875));
#15617=CARTESIAN_POINT('',(0.25,-4.,11.875));
#15618=CARTESIAN_POINT('',(0.25,-4.,11.875));
#15619=CARTESIAN_POINT('',(0.,-4.,-2.54));
#15620=CARTESIAN_POINT('',(-4.75,-4.,13.665));
#15621=CARTESIAN_POINT('',(-4.75,-4.,13.665));
#15622=CARTESIAN_POINT('',(-4.75,-4.,13.665));
#15623=CARTESIAN_POINT('',(-4.75,-4.,13.665));
#15624=CARTESIAN_POINT('',(-5.25,-4.,13.665));
#15625=CARTESIAN_POINT('',(-5.25,-4.,13.665));
#15626=CARTESIAN_POINT('',(-5.25,-4.,13.665));
#15627=CARTESIAN_POINT('',(-5.25,-4.,13.665));
#15628=CARTESIAN_POINT('',(-5.25,-4.,14.415));
#15629=CARTESIAN_POINT('',(-5.25,-4.,14.415));
#15630=CARTESIAN_POINT('',(-5.25,-4.,14.415));
#15631=CARTESIAN_POINT('',(-5.25,-4.,14.415));
#15632=CARTESIAN_POINT('',(-4.75,-4.,14.415));
#15633=CARTESIAN_POINT('',(-4.75,-4.,14.415));
#15634=CARTESIAN_POINT('',(-4.75,-4.,14.415));
#15635=CARTESIAN_POINT('',(-4.75,-4.,14.415));
#15636=CARTESIAN_POINT('',(0.,-4.,0.));
#15637=CARTESIAN_POINT('',(-4.75,-4.,0.965000000000002));
#15638=CARTESIAN_POINT('',(-4.75,-4.,0.965000000000002));
#15639=CARTESIAN_POINT('',(-4.75,-4.,0.965000000000002));
#15640=CARTESIAN_POINT('',(-4.75,-4.,0.965000000000002));
#15641=CARTESIAN_POINT('',(-5.25,-4.,0.965000000000002));
#15642=CARTESIAN_POINT('',(-5.25,-4.,0.965000000000002));
#15643=CARTESIAN_POINT('',(-5.25,-4.,0.965000000000002));
#15644=CARTESIAN_POINT('',(-5.25,-4.,0.965000000000002));
#15645=CARTESIAN_POINT('',(-5.25,-4.,1.715));
#15646=CARTESIAN_POINT('',(-5.25,-4.,1.715));
#15647=CARTESIAN_POINT('',(-5.25,-4.,1.715));
#15648=CARTESIAN_POINT('',(-5.25,-4.,1.715));
#15649=CARTESIAN_POINT('',(-4.75,-4.,1.715));
#15650=CARTESIAN_POINT('',(-4.75,-4.,1.715));
#15651=CARTESIAN_POINT('',(-4.75,-4.,1.715));
#15652=CARTESIAN_POINT('',(-4.75,-4.,1.715));
#15653=CARTESIAN_POINT('',(0.,-4.,-12.7));
#15654=CARTESIAN_POINT('',(-4.75,-4.,3.505));
#15655=CARTESIAN_POINT('',(-4.75,-4.,3.505));
#15656=CARTESIAN_POINT('',(-4.75,-4.,3.505));
#15657=CARTESIAN_POINT('',(-4.75,-4.,3.505));
#15658=CARTESIAN_POINT('',(-5.25,-4.,3.505));
#15659=CARTESIAN_POINT('',(-5.25,-4.,3.505));
#15660=CARTESIAN_POINT('',(-5.25,-4.,3.505));
#15661=CARTESIAN_POINT('',(-5.25,-4.,3.505));
#15662=CARTESIAN_POINT('',(-5.25,-4.,4.255));
#15663=CARTESIAN_POINT('',(-5.25,-4.,4.255));
#15664=CARTESIAN_POINT('',(-5.25,-4.,4.255));
#15665=CARTESIAN_POINT('',(-5.25,-4.,4.255));
#15666=CARTESIAN_POINT('',(-4.75,-4.,4.255));
#15667=CARTESIAN_POINT('',(-4.75,-4.,4.255));
#15668=CARTESIAN_POINT('',(-4.75,-4.,4.255));
#15669=CARTESIAN_POINT('',(-4.75,-4.,4.255));
#15670=CARTESIAN_POINT('',(0.,-4.,-10.16));
#15671=CARTESIAN_POINT('',(-4.75,-4.,6.045));
#15672=CARTESIAN_POINT('',(-4.75,-4.,6.045));
#15673=CARTESIAN_POINT('',(-4.75,-4.,6.045));
#15674=CARTESIAN_POINT('',(-4.75,-4.,6.045));
#15675=CARTESIAN_POINT('',(-5.25,-4.,6.045));
#15676=CARTESIAN_POINT('',(-5.25,-4.,6.045));
#15677=CARTESIAN_POINT('',(-5.25,-4.,6.045));
#15678=CARTESIAN_POINT('',(-5.25,-4.,6.045));
#15679=CARTESIAN_POINT('',(-5.25,-4.,6.795));
#15680=CARTESIAN_POINT('',(-5.25,-4.,6.795));
#15681=CARTESIAN_POINT('',(-5.25,-4.,6.795));
#15682=CARTESIAN_POINT('',(-5.25,-4.,6.795));
#15683=CARTESIAN_POINT('',(-4.75,-4.,6.795));
#15684=CARTESIAN_POINT('',(-4.75,-4.,6.795));
#15685=CARTESIAN_POINT('',(-4.75,-4.,6.795));
#15686=CARTESIAN_POINT('',(-4.75,-4.,6.795));
#15687=CARTESIAN_POINT('',(0.,-4.,-7.62));
#15688=CARTESIAN_POINT('',(-4.75,-4.,8.585));
#15689=CARTESIAN_POINT('',(-4.75,-4.,8.585));
#15690=CARTESIAN_POINT('',(-4.75,-4.,8.585));
#15691=CARTESIAN_POINT('',(-4.75,-4.,8.585));
#15692=CARTESIAN_POINT('',(-5.25,-4.,8.585));
#15693=CARTESIAN_POINT('',(-5.25,-4.,8.585));
#15694=CARTESIAN_POINT('',(-5.25,-4.,8.585));
#15695=CARTESIAN_POINT('',(-5.25,-4.,8.585));
#15696=CARTESIAN_POINT('',(-5.25,-4.,9.335));
#15697=CARTESIAN_POINT('',(-5.25,-4.,9.335));
#15698=CARTESIAN_POINT('',(-5.25,-4.,9.335));
#15699=CARTESIAN_POINT('',(-5.25,-4.,9.335));
#15700=CARTESIAN_POINT('',(-4.75,-4.,9.335));
#15701=CARTESIAN_POINT('',(-4.75,-4.,9.335));
#15702=CARTESIAN_POINT('',(-4.75,-4.,9.335));
#15703=CARTESIAN_POINT('',(-4.75,-4.,9.335));
#15704=CARTESIAN_POINT('',(0.,-4.,-5.08));
#15705=CARTESIAN_POINT('',(-4.75,-4.,11.125));
#15706=CARTESIAN_POINT('',(-4.75,-4.,11.125));
#15707=CARTESIAN_POINT('',(-4.75,-4.,11.125));
#15708=CARTESIAN_POINT('',(-4.75,-4.,11.125));
#15709=CARTESIAN_POINT('',(-5.25,-4.,11.125));
#15710=CARTESIAN_POINT('',(-5.25,-4.,11.125));
#15711=CARTESIAN_POINT('',(-5.25,-4.,11.125));
#15712=CARTESIAN_POINT('',(-5.25,-4.,11.125));
#15713=CARTESIAN_POINT('',(-5.25,-4.,11.875));
#15714=CARTESIAN_POINT('',(-5.25,-4.,11.875));
#15715=CARTESIAN_POINT('',(-5.25,-4.,11.875));
#15716=CARTESIAN_POINT('',(-5.25,-4.,11.875));
#15717=CARTESIAN_POINT('',(-4.75,-4.,11.875));
#15718=CARTESIAN_POINT('',(-4.75,-4.,11.875));
#15719=CARTESIAN_POINT('',(-4.75,-4.,11.875));
#15720=CARTESIAN_POINT('',(-4.75,-4.,11.875));
#15721=CARTESIAN_POINT('',(0.,-4.,-2.54));
#15722=CARTESIAN_POINT('',(-5.75678986363397,8.80067147554496,-0.8));
#15723=CARTESIAN_POINT('',(-5.75678986363397,8.80067147554496,-0.8));
#15724=CARTESIAN_POINT('',(-4.72480474650087,7.01322082001551,-0.8));
#15725=CARTESIAN_POINT('',(-4.72480474650087,7.01322082001551,-0.8));
#15726=CARTESIAN_POINT('',(-4.72480474650087,7.01322082001551,-0.8));
#15727=CARTESIAN_POINT('',(-4.72480474650087,7.01322082001551,-0.8));
#15728=CARTESIAN_POINT('',(-4.04076445984953,7.82842828911142,-0.8));
#15729=CARTESIAN_POINT('',(-4.04076445984953,7.82842828911142,-0.8));
#15730=CARTESIAN_POINT('',(-4.04076445984953,7.82842828911142,-0.8));
#15731=CARTESIAN_POINT('',(-4.04076445984953,7.82842828911142,-0.8));
#15732=CARTESIAN_POINT('',(-1.09627808698244,9.52842828911142,-0.8));
#15733=CARTESIAN_POINT('',(-1.09627808698244,9.52842828911142,-0.8));
#15734=CARTESIAN_POINT('',(-1.09627808698244,9.52842828911142,-0.8));
#15735=CARTESIAN_POINT('',(-1.09627808698244,9.52842828911142,-0.8));
#15736=CARTESIAN_POINT('',(-2.87211111190221,10.0042613140312,-0.8));
#15737=CARTESIAN_POINT('',(-2.87211111190221,10.0042613140312,-0.8));
#15738=CARTESIAN_POINT('',(-2.87211111190221,10.0042613140312,-0.8));
#15739=CARTESIAN_POINT('',(-2.87211111190221,10.0042613140312,-0.8));
#15740=CARTESIAN_POINT('',(0.,0.,-0.8));
#15741=CARTESIAN_POINT('',(0.808977801343325,10.6284282891114,-0.4));
#15742=CARTESIAN_POINT('',(0.808977801343325,10.6284282891114,-0.4));
#15743=CARTESIAN_POINT('',(-1.0876178329446,9.53342828911142,-0.4));
#15744=CARTESIAN_POINT('',(-1.0876178329446,9.53342828911142,-0.4));
#15745=CARTESIAN_POINT('',(-1.0876178329446,9.53342828911142,-0.4));
#15746=CARTESIAN_POINT('',(-1.0876178329446,9.53342828911142,-0.4));
#15747=CARTESIAN_POINT('',(0.0123821670554051,7.62817240078565,-0.4));
#15748=CARTESIAN_POINT('',(0.0123821670554051,7.62817240078565,-0.4));
#15749=CARTESIAN_POINT('',(0.0123821670554052,7.62817240078565,-0.4));
#15750=CARTESIAN_POINT('',(0.0123821670554052,7.62817240078565,-0.4));
#15751=CARTESIAN_POINT('',(0.,0.,-0.4));
#15752=CARTESIAN_POINT('',(-1.86231598850209,3.31265340856333,-0.3));
#15753=CARTESIAN_POINT('',(-1.86231598850209,3.31265340856333,-0.3));
#15754=CARTESIAN_POINT('',(-1.86231598850209,3.31265340856333,-0.5));
#15755=CARTESIAN_POINT('',(-1.86231598850209,3.31265340856333,-0.5));
#15756=CARTESIAN_POINT('',(-3.79243050968907,2.19830127018922,-0.5));
#15757=CARTESIAN_POINT('',(-3.79243050968907,2.19830127018922,-0.3));
#15758=CARTESIAN_POINT('',(-3.79243050968907,2.19830127018922,-0.3));
#15759=CARTESIAN_POINT('',(-3.39243050968907,1.50548094716167,-0.3));
#15760=CARTESIAN_POINT('',(-3.39243050968907,1.50548094716167,-0.3));
#15761=CARTESIAN_POINT('',(-3.79243050968907,2.19830127018922,-0.5));
#15762=CARTESIAN_POINT('',(-3.69243050968907,2.02509618943234,-0.5));
#15763=CARTESIAN_POINT('',(-3.69243050968907,2.02509618943234,-0.5));
#15764=CARTESIAN_POINT('',(-3.69243050968907,2.02509618943234,-0.3));
#15765=CARTESIAN_POINT('',(-3.79243050968907,2.19830127018922,-0.3));
#15766=CARTESIAN_POINT('',(-3.39243050968907,1.50548094716167,-0.3));
#15767=CARTESIAN_POINT('',(-3.39243050968907,1.50548094716167,-0.3));
#15768=CARTESIAN_POINT('',(-0.303736865347024,1.77570662614617,-0.3));
#15769=CARTESIAN_POINT('',(-0.303736865347024,1.77570662614617,-0.3));
#15770=CARTESIAN_POINT('',(-0.303736865347024,1.77570662614617,-0.3));
#15771=CARTESIAN_POINT('',(-0.303736865347024,1.77570662614617,-0.3));
#15772=CARTESIAN_POINT('',(-0.710561891873363,2.89344920019632,-0.3));
#15773=CARTESIAN_POINT('',(-0.710561891873363,2.89344920019632,-0.3));
#15774=CARTESIAN_POINT('',(-1.46231598850209,2.61983308553578,-0.3));
#15775=CARTESIAN_POINT('',(-1.46231598850209,2.61983308553578,-0.3));
#15776=CARTESIAN_POINT('',(-1.30405841900651,3.4040234589129,-0.3));
#15777=CARTESIAN_POINT('',(-1.30405841900651,3.4040234589129,-0.5));
#15778=CARTESIAN_POINT('',(-1.30405841900651,3.4040234589129,-0.5));
#15779=CARTESIAN_POINT('',(-1.46231598850209,2.61983308553579,-0.5));
#15780=CARTESIAN_POINT('',(-1.46231598850209,2.61983308553578,-0.3));
#15781=CARTESIAN_POINT('',(-1.76231598850209,3.13944832780645,-0.3));
#15782=CARTESIAN_POINT('',(-3.69243050968907,2.02509618943234,-0.5));
#15783=CARTESIAN_POINT('',(-3.69243050968907,2.02509618943234,-0.5));
#15784=CARTESIAN_POINT('',(-1.46231598850209,2.61983308553579,-0.5));
#15785=CARTESIAN_POINT('',(-0.0570476024411091,10.1284282891114,0.44));
#15786=CARTESIAN_POINT('',(-0.0570476024411091,10.1284282891114,13.14));
#15787=CARTESIAN_POINT('',(-0.0570476024411091,10.1284282891114,10.6));
#15788=CARTESIAN_POINT('',(-0.0570476024411091,10.1284282891114,8.06));
#15789=CARTESIAN_POINT('',(-0.0570476024411091,10.1284282891114,5.52));
#15790=CARTESIAN_POINT('',(-0.0570476024411091,10.1284282891114,2.98));
#15791=CARTESIAN_POINT('',(4.60897780134333,4.04663522034969,15.24));
#15792=CARTESIAN_POINT('',(2.2816275321537,6.07772413359522,15.24));
#15793=CARTESIAN_POINT('',(4.60897780134333,4.04663522034969,15.24));
#15794=CARTESIAN_POINT('',(2.2816275321537,6.07772413359522,15.24));
#15795=CARTESIAN_POINT('',(4.60897780134333,4.04663522034969,15.24));
#15796=CARTESIAN_POINT('',(2.2816275321537,6.07772413359522,15.24));
#15797=CARTESIAN_POINT('',(4.60897780134333,4.04663522034969,15.24));
#15798=CARTESIAN_POINT('',(2.2816275321537,6.07772413359522,15.24));
#15799=CARTESIAN_POINT('',(4.60897780134333,4.04663522034969,15.24));
#15800=CARTESIAN_POINT('',(2.2816275321537,6.07772413359522,15.24));
#15801=CARTESIAN_POINT('',(4.60897780134333,4.04663522034969,15.24));
#15802=CARTESIAN_POINT('',(2.2816275321537,6.07772413359522,15.24));
#15803=CARTESIAN_POINT('',(1.04201979676982,9.11972207433752,1.84));
#15804=CARTESIAN_POINT('',(1.04201979676982,9.11972207433752,1.84));
#15805=CARTESIAN_POINT('',(1.04201979676982,9.11972207433752,2.09));
#15806=CARTESIAN_POINT('',(1.04201979676982,9.11972207433752,0.49));
#15807=CARTESIAN_POINT('',(1.04201979676982,9.11972207433752,0.49));
#15808=CARTESIAN_POINT('',(0.975423702489351,10.2085585910959,0.49));
#15809=CARTESIAN_POINT('',(0.975423702489351,10.2085585910959,1.84));
#15810=CARTESIAN_POINT('',(0.975423702489351,10.2085585910959,2.09));
#15811=CARTESIAN_POINT('',(1.04201979676982,9.11972207433752,2.09));
#15812=CARTESIAN_POINT('',(0.542952397558887,9.08919780457009,1.84));
#15813=CARTESIAN_POINT('',(0.542952397558887,9.08919780457009,0.49));
#15814=CARTESIAN_POINT('',(0.542952397558887,9.08919780457009,2.09));
#15815=CARTESIAN_POINT('',(0.542952397558884,9.08919780457009,1.84));
#15816=CARTESIAN_POINT('',(0.542952397558884,9.08919780457009,2.09));
#15817=CARTESIAN_POINT('',(0.542952397558884,9.08919780457009,0.49));
#15818=CARTESIAN_POINT('',(-3.21119489613687,9.861453006713,1.84));
#15819=CARTESIAN_POINT('',(-4.9546166503996,8.88141189187979,1.84));
#15820=CARTESIAN_POINT('',(-2.79653162026111,10.4529520826275,1.84));
#15821=CARTESIAN_POINT('',(-2.79653162026111,10.4529520826275,1.84));
#15822=CARTESIAN_POINT('',(-2.81697792242841,10.7872461680834,1.84));
#15823=CARTESIAN_POINT('',(-2.79653162026111,10.4529520826275,0.74));
#15824=CARTESIAN_POINT('',(-2.81697792242841,10.7872461680834,0.74));
#15825=CARTESIAN_POINT('',(-2.81697792242841,10.7872461680834,1.84));
#15826=CARTESIAN_POINT('',(-6.55677601025274,14.6980402125333,1.84));
#15827=CARTESIAN_POINT('',(-6.81802529261072,14.2717201303562,1.84));
#15828=CARTESIAN_POINT('',(-4.08957676667762,12.5997247232652,1.84));
#15829=CARTESIAN_POINT('',(-6.81802529261072,14.2717201303562,1.84));
#15830=CARTESIAN_POINT('',(-6.55677601025275,14.6980402125333,1.84));
#15831=CARTESIAN_POINT('',(-7.05584340946368,14.6675159427658,1.84));
#15832=CARTESIAN_POINT('',(-7.05584340946368,14.6675159427658,1.84));
#15833=CARTESIAN_POINT('',(-6.91348988551213,12.3400563996445,1.84));
#15834=CARTESIAN_POINT('',(-6.41442248630119,12.3705806694119,1.84));
#15835=CARTESIAN_POINT('',(-6.38389821653377,11.871513270201,1.84));
#15836=CARTESIAN_POINT('',(-6.38389821653377,11.871513270201,1.84));
#15837=CARTESIAN_POINT('',(-5.64121171948386,11.9169379223109,1.84));
#15838=CARTESIAN_POINT('',(-5.61068744971643,11.4178705231,1.84));
#15839=CARTESIAN_POINT('',(-5.11162005050549,11.4483947928674,1.84));
#15840=CARTESIAN_POINT('',(-5.11162005050549,11.4483947928674,1.84));
#15841=CARTESIAN_POINT('',(-2.51753748290184,10.8055607299438,1.84));
#15842=CARTESIAN_POINT('',(-2.80080869426555,10.9043403878322,1.84));
#15843=CARTESIAN_POINT('',(-2.80080869426555,10.9043403878322,1.84));
#15844=CARTESIAN_POINT('',(-2.66936215320409,11.2812906801498,1.84));
#15845=CARTESIAN_POINT('',(-2.95263336456779,11.3800703380381,1.84));
#15846=CARTESIAN_POINT('',(-3.30060393395654,13.8872113714399,1.84));
#15847=CARTESIAN_POINT('',(-2.87428385177949,13.6259620890819,1.84));
#15848=CARTESIAN_POINT('',(-3.4020074021426,12.7647955230842,1.84));
#15849=CARTESIAN_POINT('',(-3.4020074021426,12.7647955230842,1.84));
#15850=CARTESIAN_POINT('',(-3.82832748431965,13.0260448054422,1.84));
#15851=CARTESIAN_POINT('',(-6.55677601025274,14.6980402125333,0.74));
#15852=CARTESIAN_POINT('',(-6.55677601025275,14.6980402125333,0.74));
#15853=CARTESIAN_POINT('',(-6.81802529261072,14.2717201303562,0.74));
#15854=CARTESIAN_POINT('',(-7.05584340946368,14.6675159427658,0.74));
#15855=CARTESIAN_POINT('',(-6.81802529261072,14.2717201303562,0.74));
#15856=CARTESIAN_POINT('',(-4.08957676667762,12.5997247232652,0.74));
#15857=CARTESIAN_POINT('',(-3.82832748431965,13.0260448054422,0.74));
#15858=CARTESIAN_POINT('',(-3.4020074021426,12.7647955230842,0.74));
#15859=CARTESIAN_POINT('',(-3.4020074021426,12.7647955230842,0.74));
#15860=CARTESIAN_POINT('',(-2.87428385177949,13.6259620890819,0.74));
#15861=CARTESIAN_POINT('',(-3.30060393395654,13.8872113714399,0.74));
#15862=CARTESIAN_POINT('',(-2.95263336456779,11.3800703380381,0.74));
#15863=CARTESIAN_POINT('',(-2.66936215320409,11.2812906801498,0.74));
#15864=CARTESIAN_POINT('',(-2.80080869426555,10.9043403878322,0.74));
#15865=CARTESIAN_POINT('',(-2.80080869426555,10.9043403878322,0.74));
#15866=CARTESIAN_POINT('',(-2.51753748290184,10.8055607299438,0.74));
#15867=CARTESIAN_POINT('',(-5.11162005050549,11.4483947928674,0.74));
#15868=CARTESIAN_POINT('',(-5.11162005050549,11.4483947928674,0.74));
#15869=CARTESIAN_POINT('',(-5.61068744971643,11.4178705231,0.74));
#15870=CARTESIAN_POINT('',(-5.64121171948386,11.9169379223109,0.74));
#15871=CARTESIAN_POINT('',(-6.38389821653377,11.871513270201,0.74));
#15872=CARTESIAN_POINT('',(-6.38389821653377,11.871513270201,0.74));
#15873=CARTESIAN_POINT('',(-6.41442248630119,12.3705806694119,0.74));
#15874=CARTESIAN_POINT('',(-6.91348988551213,12.3400563996445,0.74));
#15875=CARTESIAN_POINT('',(-7.05584340946368,14.6675159427658,0.74));
#15876=CARTESIAN_POINT('',(-6.465822513361,15.8034032576018,1.84));
#15877=CARTESIAN_POINT('',(-6.98309609242979,14.9592894948912,1.84));
#15878=CARTESIAN_POINT('',(-6.98309609242979,14.9592894948912,2.49));
#15879=CARTESIAN_POINT('',(-6.98309609242979,14.9592894948912,0.0900000000000002));
#15880=CARTESIAN_POINT('',(-6.45537254206668,15.8204560608889,2.49));
#15881=CARTESIAN_POINT('',(-6.45537254206668,15.8204560608889,2.49));
#15882=CARTESIAN_POINT('',(-6.45537254206668,15.8204560608889,2.49));
#15883=CARTESIAN_POINT('',(-6.45537254206668,15.8204560608889,0.0900000000000002));
#15884=CARTESIAN_POINT('',(-6.45537254206668,15.8204560608889,0.0900000000000002));
#15885=CARTESIAN_POINT('',(-6.55677601025274,14.6980402125333,1.84));
#15886=CARTESIAN_POINT('',(-6.55677601025275,14.6980402125333,0.0900000000000002));
#15887=CARTESIAN_POINT('',(-6.81802529261072,14.2717201303562,0.0900000000000002));
#15888=CARTESIAN_POINT('',(-6.81802529261072,14.2717201303562,2.49));
#15889=CARTESIAN_POINT('',(-7.05584340946368,14.6675159427658,1.84));
#15890=CARTESIAN_POINT('',(-6.81802529261072,14.2717201303562,2.49));
#15891=CARTESIAN_POINT('',(-6.81802529261072,14.2717201303562,2.49));
#15892=CARTESIAN_POINT('',(-6.55677601025275,14.6980402125333,2.49));
#15893=CARTESIAN_POINT('',(-7.05584340946368,14.6675159427658,1.84));
#15894=CARTESIAN_POINT('',(-6.91348988551213,12.3400563996445,1.84));
#15895=CARTESIAN_POINT('',(-6.41442248630119,12.3705806694119,1.84));
#15896=CARTESIAN_POINT('',(-6.38389821653377,11.871513270201,1.84));
#15897=CARTESIAN_POINT('',(-6.38389821653377,11.871513270201,1.84));
#15898=CARTESIAN_POINT('',(-5.64121171948386,11.9169379223109,1.84));
#15899=CARTESIAN_POINT('',(-5.61068744971643,11.4178705231,1.84));
#15900=CARTESIAN_POINT('',(-5.11162005050549,11.4483947928674,1.84));
#15901=CARTESIAN_POINT('',(-5.11162005050549,11.4483947928674,1.84));
#15902=CARTESIAN_POINT('',(-2.51753748290184,10.8055607299438,1.84));
#15903=CARTESIAN_POINT('',(-2.80080869426555,10.9043403878322,1.84));
#15904=CARTESIAN_POINT('',(-2.80080869426555,10.9043403878322,1.84));
#15905=CARTESIAN_POINT('',(-2.66936215320409,11.2812906801498,1.84));
#15906=CARTESIAN_POINT('',(-2.95263336456779,11.3800703380381,1.84));
#15907=CARTESIAN_POINT('',(1.04201979676982,9.11972207433752,4.36));
#15908=CARTESIAN_POINT('',(1.04201979676982,9.11972207433752,4.36));
#15909=CARTESIAN_POINT('',(1.04201979676982,9.11972207433752,4.61));
#15910=CARTESIAN_POINT('',(1.04201979676982,9.11972207433752,3.01));
#15911=CARTESIAN_POINT('',(1.04201979676982,9.11972207433752,3.01));
#15912=CARTESIAN_POINT('',(0.975423702489352,10.2085585910959,3.01));
#15913=CARTESIAN_POINT('',(0.975423702489351,10.2085585910959,4.36));
#15914=CARTESIAN_POINT('',(0.975423702489352,10.2085585910959,4.61));
#15915=CARTESIAN_POINT('',(1.04201979676982,9.11972207433752,4.61));
#15916=CARTESIAN_POINT('',(0.542952397558887,9.08919780457009,4.36));
#15917=CARTESIAN_POINT('',(0.542952397558889,9.08919780457009,3.01));
#15918=CARTESIAN_POINT('',(0.542952397558889,9.08919780457009,4.61));
#15919=CARTESIAN_POINT('',(0.542952397558884,9.08919780457009,4.36));
#15920=CARTESIAN_POINT('',(0.542952397558885,9.08919780457009,4.61));
#15921=CARTESIAN_POINT('',(0.542952397558885,9.08919780457009,3.01));
#15922=CARTESIAN_POINT('',(1.04201979676982,9.11972207433752,6.9));
#15923=CARTESIAN_POINT('',(1.04201979676982,9.11972207433752,6.9));
#15924=CARTESIAN_POINT('',(1.04201979676982,9.11972207433752,7.15));
#15925=CARTESIAN_POINT('',(1.04201979676982,9.11972207433752,5.55));
#15926=CARTESIAN_POINT('',(1.04201979676982,9.11972207433752,5.55));
#15927=CARTESIAN_POINT('',(0.975423702489352,10.2085585910959,5.55));
#15928=CARTESIAN_POINT('',(0.975423702489351,10.2085585910959,6.9));
#15929=CARTESIAN_POINT('',(0.975423702489352,10.2085585910959,7.15));
#15930=CARTESIAN_POINT('',(1.04201979676982,9.11972207433752,7.15));
#15931=CARTESIAN_POINT('',(0.542952397558887,9.08919780457009,6.9));
#15932=CARTESIAN_POINT('',(0.542952397558889,9.08919780457009,5.55));
#15933=CARTESIAN_POINT('',(0.542952397558889,9.08919780457009,7.15));
#15934=CARTESIAN_POINT('',(0.542952397558884,9.08919780457009,6.9));
#15935=CARTESIAN_POINT('',(0.542952397558885,9.08919780457009,7.15));
#15936=CARTESIAN_POINT('',(0.542952397558885,9.08919780457009,5.55));
#15937=CARTESIAN_POINT('',(1.04201979676982,9.11972207433752,9.44));
#15938=CARTESIAN_POINT('',(1.04201979676982,9.11972207433752,9.44));
#15939=CARTESIAN_POINT('',(1.04201979676982,9.11972207433752,9.69));
#15940=CARTESIAN_POINT('',(1.04201979676982,9.11972207433752,8.09));
#15941=CARTESIAN_POINT('',(1.04201979676982,9.11972207433752,8.09));
#15942=CARTESIAN_POINT('',(0.975423702489352,10.2085585910959,8.09));
#15943=CARTESIAN_POINT('',(0.975423702489351,10.2085585910959,9.44));
#15944=CARTESIAN_POINT('',(0.975423702489352,10.2085585910959,9.69));
#15945=CARTESIAN_POINT('',(1.04201979676982,9.11972207433752,9.69));
#15946=CARTESIAN_POINT('',(0.542952397558887,9.08919780457009,9.44));
#15947=CARTESIAN_POINT('',(0.542952397558889,9.08919780457009,8.09));
#15948=CARTESIAN_POINT('',(0.542952397558889,9.08919780457009,9.69));
#15949=CARTESIAN_POINT('',(0.542952397558884,9.08919780457009,9.44));
#15950=CARTESIAN_POINT('',(0.542952397558885,9.08919780457009,9.69));
#15951=CARTESIAN_POINT('',(0.542952397558885,9.08919780457009,8.09));
#15952=CARTESIAN_POINT('',(1.04201979676982,9.11972207433752,11.98));
#15953=CARTESIAN_POINT('',(1.04201979676982,9.11972207433752,11.98));
#15954=CARTESIAN_POINT('',(1.04201979676982,9.11972207433752,12.23));
#15955=CARTESIAN_POINT('',(1.04201979676982,9.11972207433752,10.63));
#15956=CARTESIAN_POINT('',(1.04201979676982,9.11972207433752,10.63));
#15957=CARTESIAN_POINT('',(0.975423702489352,10.2085585910959,10.63));
#15958=CARTESIAN_POINT('',(0.975423702489351,10.2085585910959,11.98));
#15959=CARTESIAN_POINT('',(0.975423702489352,10.2085585910959,12.23));
#15960=CARTESIAN_POINT('',(1.04201979676982,9.11972207433752,12.23));
#15961=CARTESIAN_POINT('',(0.542952397558887,9.08919780457009,11.98));
#15962=CARTESIAN_POINT('',(0.542952397558889,9.08919780457009,10.63));
#15963=CARTESIAN_POINT('',(0.542952397558889,9.08919780457009,12.23));
#15964=CARTESIAN_POINT('',(0.542952397558884,9.08919780457009,11.98));
#15965=CARTESIAN_POINT('',(0.542952397558885,9.08919780457009,12.23));
#15966=CARTESIAN_POINT('',(0.542952397558885,9.08919780457009,10.63));
#15967=CARTESIAN_POINT('',(1.04201979676982,9.11972207433752,14.52));
#15968=CARTESIAN_POINT('',(1.04201979676982,9.11972207433752,14.52));
#15969=CARTESIAN_POINT('',(1.04201979676982,9.11972207433752,14.77));
#15970=CARTESIAN_POINT('',(1.04201979676982,9.11972207433752,13.17));
#15971=CARTESIAN_POINT('',(1.04201979676982,9.11972207433752,13.17));
#15972=CARTESIAN_POINT('',(0.975423702489352,10.2085585910959,13.17));
#15973=CARTESIAN_POINT('',(0.975423702489351,10.2085585910959,14.52));
#15974=CARTESIAN_POINT('',(0.975423702489352,10.2085585910959,14.77));
#15975=CARTESIAN_POINT('',(1.04201979676982,9.11972207433752,14.77));
#15976=CARTESIAN_POINT('',(0.542952397558887,9.08919780457009,14.52));
#15977=CARTESIAN_POINT('',(0.542952397558889,9.08919780457009,13.17));
#15978=CARTESIAN_POINT('',(0.542952397558889,9.08919780457009,14.77));
#15979=CARTESIAN_POINT('',(0.542952397558884,9.08919780457009,14.52));
#15980=CARTESIAN_POINT('',(0.542952397558885,9.08919780457009,14.77));
#15981=CARTESIAN_POINT('',(0.542952397558885,9.08919780457009,13.17));
#15982=CARTESIAN_POINT('',(-5.11162005050549,11.4483947928674,11.98));
#15983=CARTESIAN_POINT('',(-5.11162005050549,11.4483947928674,10.88));
#15984=CARTESIAN_POINT('',(-5.11162005050549,11.4483947928674,10.88));
#15985=CARTESIAN_POINT('',(-4.9546166503996,8.88141189187979,11.98));
#15986=CARTESIAN_POINT('',(-4.9546166503996,8.88141189187979,11.98));
#15987=CARTESIAN_POINT('',(-5.11162005050549,11.4483947928674,11.98));
#15988=CARTESIAN_POINT('',(-5.11162005050549,11.4483947928674,11.98));
#15989=CARTESIAN_POINT('',(-5.11162005050549,11.4483947928674,11.98));
#15990=CARTESIAN_POINT('',(-3.21119489613687,9.861453006713,11.98));
#15991=CARTESIAN_POINT('',(-3.21119489613687,9.861453006713,11.98));
#15992=CARTESIAN_POINT('',(-0.867124279047197,9.68222711758214,11.98));
#15993=CARTESIAN_POINT('',(-0.867124279047197,9.68222711758214,11.98));
#15994=CARTESIAN_POINT('',(-2.39714818825878,9.99351400008447,11.98));
#15995=CARTESIAN_POINT('',(-2.39714818825878,9.99351400008447,11.98));
#15996=CARTESIAN_POINT('',(-2.79653162026111,10.4529520826275,11.98));
#15997=CARTESIAN_POINT('',(-2.79653162026111,10.4529520826275,11.98));
#15998=CARTESIAN_POINT('',(-2.81697792242841,10.7872461680834,11.98));
#15999=CARTESIAN_POINT('',(-2.79653162026111,10.4529520826275,10.88));
#16000=CARTESIAN_POINT('',(-2.81697792242841,10.7872461680834,10.88));
#16001=CARTESIAN_POINT('',(-2.81697792242841,10.7872461680834,11.98));
#16002=CARTESIAN_POINT('',(-2.79653162026111,10.4529520826275,11.98));
#16003=CARTESIAN_POINT('',(-2.79653162026111,10.4529520826275,11.98));
#16004=CARTESIAN_POINT('',(-2.79653162026111,10.4529520826275,11.98));
#16005=CARTESIAN_POINT('',(-2.79653162026111,10.4529520826275,11.98));
#16006=CARTESIAN_POINT('',(-6.55677601025274,14.6980402125333,11.98));
#16007=CARTESIAN_POINT('',(-6.81802529261072,14.2717201303562,11.98));
#16008=CARTESIAN_POINT('',(-4.08957676667762,12.5997247232652,11.98));
#16009=CARTESIAN_POINT('',(-6.81802529261072,14.2717201303562,11.98));
#16010=CARTESIAN_POINT('',(-6.55677601025275,14.6980402125333,11.98));
#16011=CARTESIAN_POINT('',(-7.05584340946368,14.6675159427658,11.98));
#16012=CARTESIAN_POINT('',(-7.05584340946368,14.6675159427658,11.98));
#16013=CARTESIAN_POINT('',(-6.91348988551213,12.3400563996445,11.98));
#16014=CARTESIAN_POINT('',(-6.41442248630119,12.3705806694119,11.98));
#16015=CARTESIAN_POINT('',(-6.38389821653377,11.871513270201,11.98));
#16016=CARTESIAN_POINT('',(-6.38389821653377,11.871513270201,11.98));
#16017=CARTESIAN_POINT('',(-5.64121171948386,11.9169379223109,11.98));
#16018=CARTESIAN_POINT('',(-5.61068744971643,11.4178705231,11.98));
#16019=CARTESIAN_POINT('',(-2.29746422105018,10.4834763523949,11.98));
#16020=CARTESIAN_POINT('',(-2.51753748290184,10.8055607299438,11.98));
#16021=CARTESIAN_POINT('',(-2.80080869426555,10.9043403878322,11.98));
#16022=CARTESIAN_POINT('',(-2.80080869426555,10.9043403878322,11.98));
#16023=CARTESIAN_POINT('',(-2.66936215320409,11.2812906801498,11.98));
#16024=CARTESIAN_POINT('',(-2.95263336456779,11.3800703380381,11.98));
#16025=CARTESIAN_POINT('',(-3.30060393395654,13.8872113714399,11.98));
#16026=CARTESIAN_POINT('',(-2.87428385177949,13.6259620890819,11.98));
#16027=CARTESIAN_POINT('',(-3.4020074021426,12.7647955230842,11.98));
#16028=CARTESIAN_POINT('',(-3.4020074021426,12.7647955230842,11.98));
#16029=CARTESIAN_POINT('',(-3.82832748431965,13.0260448054422,11.98));
#16030=CARTESIAN_POINT('',(-6.55677601025274,14.6980402125333,10.88));
#16031=CARTESIAN_POINT('',(-6.55677601025275,14.6980402125333,10.88));
#16032=CARTESIAN_POINT('',(-6.81802529261072,14.2717201303562,10.88));
#16033=CARTESIAN_POINT('',(-7.05584340946368,14.6675159427658,10.88));
#16034=CARTESIAN_POINT('',(-6.81802529261072,14.2717201303562,10.88));
#16035=CARTESIAN_POINT('',(-4.08957676667762,12.5997247232652,10.88));
#16036=CARTESIAN_POINT('',(-3.82832748431965,13.0260448054422,10.88));
#16037=CARTESIAN_POINT('',(-3.4020074021426,12.7647955230842,10.88));
#16038=CARTESIAN_POINT('',(-3.4020074021426,12.7647955230842,10.88));
#16039=CARTESIAN_POINT('',(-2.87428385177949,13.6259620890819,10.88));
#16040=CARTESIAN_POINT('',(-3.30060393395654,13.8872113714399,10.88));
#16041=CARTESIAN_POINT('',(-2.95263336456779,11.3800703380381,10.88));
#16042=CARTESIAN_POINT('',(-2.66936215320409,11.2812906801498,10.88));
#16043=CARTESIAN_POINT('',(-2.80080869426555,10.9043403878322,10.88));
#16044=CARTESIAN_POINT('',(-2.80080869426555,10.9043403878322,10.88));
#16045=CARTESIAN_POINT('',(-2.51753748290184,10.8055607299438,10.88));
#16046=CARTESIAN_POINT('',(-5.61068744971643,11.4178705231,10.88));
#16047=CARTESIAN_POINT('',(-5.64121171948386,11.9169379223109,10.88));
#16048=CARTESIAN_POINT('',(-6.38389821653377,11.871513270201,10.88));
#16049=CARTESIAN_POINT('',(-6.38389821653377,11.871513270201,10.88));
#16050=CARTESIAN_POINT('',(-6.41442248630119,12.3705806694119,10.88));
#16051=CARTESIAN_POINT('',(-6.91348988551213,12.3400563996445,10.88));
#16052=CARTESIAN_POINT('',(-7.05584340946368,14.6675159427658,10.88));
#16053=CARTESIAN_POINT('',(-6.465822513361,15.8034032576018,11.98));
#16054=CARTESIAN_POINT('',(-6.98309609242979,14.9592894948912,11.98));
#16055=CARTESIAN_POINT('',(-6.98309609242979,14.9592894948912,12.63));
#16056=CARTESIAN_POINT('',(-6.98309609242979,14.9592894948912,10.23));
#16057=CARTESIAN_POINT('',(-6.45537254206668,15.8204560608889,12.63));
#16058=CARTESIAN_POINT('',(-6.45537254206668,15.8204560608889,12.63));
#16059=CARTESIAN_POINT('',(-6.45537254206668,15.8204560608889,12.63));
#16060=CARTESIAN_POINT('',(-6.45537254206668,15.8204560608889,10.23));
#16061=CARTESIAN_POINT('',(-6.45537254206668,15.8204560608889,10.23));
#16062=CARTESIAN_POINT('',(-6.55677601025274,14.6980402125333,11.98));
#16063=CARTESIAN_POINT('',(-6.55677601025275,14.6980402125333,10.23));
#16064=CARTESIAN_POINT('',(-6.81802529261072,14.2717201303562,10.23));
#16065=CARTESIAN_POINT('',(-6.81802529261072,14.2717201303562,12.63));
#16066=CARTESIAN_POINT('',(-7.05584340946368,14.6675159427658,11.98));
#16067=CARTESIAN_POINT('',(-6.81802529261072,14.2717201303562,12.63));
#16068=CARTESIAN_POINT('',(-6.81802529261072,14.2717201303562,12.63));
#16069=CARTESIAN_POINT('',(-6.55677601025275,14.6980402125333,12.63));
#16070=CARTESIAN_POINT('',(-7.05584340946368,14.6675159427658,11.98));
#16071=CARTESIAN_POINT('',(-6.91348988551213,12.3400563996445,11.98));
#16072=CARTESIAN_POINT('',(-6.41442248630119,12.3705806694119,11.98));
#16073=CARTESIAN_POINT('',(-6.38389821653377,11.871513270201,11.98));
#16074=CARTESIAN_POINT('',(-6.38389821653377,11.871513270201,11.98));
#16075=CARTESIAN_POINT('',(-5.64121171948386,11.9169379223109,11.98));
#16076=CARTESIAN_POINT('',(-5.61068744971643,11.4178705231,11.98));
#16077=CARTESIAN_POINT('',(-2.29746422105018,10.4834763523949,11.98));
#16078=CARTESIAN_POINT('',(-2.51753748290184,10.8055607299438,11.98));
#16079=CARTESIAN_POINT('',(-2.80080869426555,10.9043403878322,11.98));
#16080=CARTESIAN_POINT('',(-2.80080869426555,10.9043403878322,11.98));
#16081=CARTESIAN_POINT('',(-2.66936215320409,11.2812906801498,11.98));
#16082=CARTESIAN_POINT('',(-2.95263336456779,11.3800703380381,11.98));
#16083=CARTESIAN_POINT('',(-5.11162005050549,11.4483947928674,9.44));
#16084=CARTESIAN_POINT('',(-5.11162005050549,11.4483947928674,8.34));
#16085=CARTESIAN_POINT('',(-5.11162005050549,11.4483947928674,8.34));
#16086=CARTESIAN_POINT('',(-4.9546166503996,8.88141189187979,9.44));
#16087=CARTESIAN_POINT('',(-4.9546166503996,8.88141189187979,9.44));
#16088=CARTESIAN_POINT('',(-5.11162005050549,11.4483947928674,9.44));
#16089=CARTESIAN_POINT('',(-5.11162005050549,11.4483947928674,9.44));
#16090=CARTESIAN_POINT('',(-5.11162005050549,11.4483947928674,9.44));
#16091=CARTESIAN_POINT('',(-3.21119489613687,9.861453006713,9.44));
#16092=CARTESIAN_POINT('',(-3.21119489613687,9.861453006713,9.44));
#16093=CARTESIAN_POINT('',(-0.867124279047197,9.68222711758214,9.44));
#16094=CARTESIAN_POINT('',(-0.867124279047197,9.68222711758214,9.44));
#16095=CARTESIAN_POINT('',(-2.39714818825878,9.99351400008447,9.44));
#16096=CARTESIAN_POINT('',(-2.39714818825878,9.99351400008447,9.44));
#16097=CARTESIAN_POINT('',(-2.79653162026111,10.4529520826275,9.44));
#16098=CARTESIAN_POINT('',(-2.79653162026111,10.4529520826275,9.44));
#16099=CARTESIAN_POINT('',(-2.81697792242841,10.7872461680834,9.44));
#16100=CARTESIAN_POINT('',(-2.79653162026111,10.4529520826275,8.34));
#16101=CARTESIAN_POINT('',(-2.81697792242841,10.7872461680834,8.34));
#16102=CARTESIAN_POINT('',(-2.81697792242841,10.7872461680834,9.44));
#16103=CARTESIAN_POINT('',(-2.79653162026111,10.4529520826275,9.44));
#16104=CARTESIAN_POINT('',(-2.79653162026111,10.4529520826275,9.44));
#16105=CARTESIAN_POINT('',(-2.79653162026111,10.4529520826275,9.44));
#16106=CARTESIAN_POINT('',(-2.79653162026111,10.4529520826275,9.44));
#16107=CARTESIAN_POINT('',(-6.55677601025274,14.6980402125333,9.44));
#16108=CARTESIAN_POINT('',(-6.81802529261072,14.2717201303562,9.44));
#16109=CARTESIAN_POINT('',(-4.08957676667762,12.5997247232652,9.44));
#16110=CARTESIAN_POINT('',(-6.81802529261072,14.2717201303562,9.44));
#16111=CARTESIAN_POINT('',(-6.55677601025275,14.6980402125333,9.44));
#16112=CARTESIAN_POINT('',(-7.05584340946368,14.6675159427658,9.44));
#16113=CARTESIAN_POINT('',(-7.05584340946368,14.6675159427658,9.44));
#16114=CARTESIAN_POINT('',(-6.91348988551213,12.3400563996445,9.44));
#16115=CARTESIAN_POINT('',(-6.41442248630119,12.3705806694119,9.44));
#16116=CARTESIAN_POINT('',(-6.38389821653377,11.871513270201,9.44));
#16117=CARTESIAN_POINT('',(-6.38389821653377,11.871513270201,9.44));
#16118=CARTESIAN_POINT('',(-5.64121171948386,11.9169379223109,9.44));
#16119=CARTESIAN_POINT('',(-5.61068744971643,11.4178705231,9.44));
#16120=CARTESIAN_POINT('',(-2.29746422105018,10.4834763523949,9.44));
#16121=CARTESIAN_POINT('',(-2.51753748290184,10.8055607299438,9.44));
#16122=CARTESIAN_POINT('',(-2.80080869426555,10.9043403878322,9.44));
#16123=CARTESIAN_POINT('',(-2.80080869426555,10.9043403878322,9.44));
#16124=CARTESIAN_POINT('',(-2.66936215320409,11.2812906801498,9.44));
#16125=CARTESIAN_POINT('',(-2.95263336456779,11.3800703380381,9.44));
#16126=CARTESIAN_POINT('',(-3.30060393395654,13.8872113714399,9.44));
#16127=CARTESIAN_POINT('',(-2.87428385177949,13.6259620890819,9.44));
#16128=CARTESIAN_POINT('',(-3.4020074021426,12.7647955230842,9.44));
#16129=CARTESIAN_POINT('',(-3.4020074021426,12.7647955230842,9.44));
#16130=CARTESIAN_POINT('',(-3.82832748431965,13.0260448054422,9.44));
#16131=CARTESIAN_POINT('',(-6.55677601025274,14.6980402125333,8.34));
#16132=CARTESIAN_POINT('',(-6.55677601025275,14.6980402125333,8.34));
#16133=CARTESIAN_POINT('',(-6.81802529261072,14.2717201303562,8.34));
#16134=CARTESIAN_POINT('',(-7.05584340946368,14.6675159427658,8.34));
#16135=CARTESIAN_POINT('',(-6.81802529261072,14.2717201303562,8.34));
#16136=CARTESIAN_POINT('',(-4.08957676667762,12.5997247232652,8.34));
#16137=CARTESIAN_POINT('',(-3.82832748431965,13.0260448054422,8.34));
#16138=CARTESIAN_POINT('',(-3.4020074021426,12.7647955230842,8.34));
#16139=CARTESIAN_POINT('',(-3.4020074021426,12.7647955230842,8.34));
#16140=CARTESIAN_POINT('',(-2.87428385177949,13.6259620890819,8.34));
#16141=CARTESIAN_POINT('',(-3.30060393395654,13.8872113714399,8.34));
#16142=CARTESIAN_POINT('',(-2.95263336456779,11.3800703380381,8.34));
#16143=CARTESIAN_POINT('',(-2.66936215320409,11.2812906801498,8.34));
#16144=CARTESIAN_POINT('',(-2.80080869426555,10.9043403878322,8.34));
#16145=CARTESIAN_POINT('',(-2.80080869426555,10.9043403878322,8.34));
#16146=CARTESIAN_POINT('',(-2.51753748290184,10.8055607299438,8.34));
#16147=CARTESIAN_POINT('',(-5.61068744971643,11.4178705231,8.34));
#16148=CARTESIAN_POINT('',(-5.64121171948386,11.9169379223109,8.34));
#16149=CARTESIAN_POINT('',(-6.38389821653377,11.871513270201,8.34));
#16150=CARTESIAN_POINT('',(-6.38389821653377,11.871513270201,8.34));
#16151=CARTESIAN_POINT('',(-6.41442248630119,12.3705806694119,8.34));
#16152=CARTESIAN_POINT('',(-6.91348988551213,12.3400563996445,8.34));
#16153=CARTESIAN_POINT('',(-7.05584340946368,14.6675159427658,8.34));
#16154=CARTESIAN_POINT('',(-6.465822513361,15.8034032576018,9.44));
#16155=CARTESIAN_POINT('',(-6.98309609242979,14.9592894948912,9.44));
#16156=CARTESIAN_POINT('',(-6.98309609242979,14.9592894948912,10.09));
#16157=CARTESIAN_POINT('',(-6.98309609242979,14.9592894948912,7.69));
#16158=CARTESIAN_POINT('',(-6.45537254206668,15.8204560608889,10.09));
#16159=CARTESIAN_POINT('',(-6.45537254206668,15.8204560608889,10.09));
#16160=CARTESIAN_POINT('',(-6.45537254206668,15.8204560608889,10.09));
#16161=CARTESIAN_POINT('',(-6.45537254206668,15.8204560608889,7.69));
#16162=CARTESIAN_POINT('',(-6.45537254206668,15.8204560608889,7.69));
#16163=CARTESIAN_POINT('',(-6.55677601025274,14.6980402125333,9.44));
#16164=CARTESIAN_POINT('',(-6.55677601025275,14.6980402125333,7.69));
#16165=CARTESIAN_POINT('',(-6.81802529261072,14.2717201303562,7.69));
#16166=CARTESIAN_POINT('',(-6.81802529261072,14.2717201303562,10.09));
#16167=CARTESIAN_POINT('',(-7.05584340946368,14.6675159427658,9.44));
#16168=CARTESIAN_POINT('',(-6.81802529261072,14.2717201303562,10.09));
#16169=CARTESIAN_POINT('',(-6.81802529261072,14.2717201303562,10.09));
#16170=CARTESIAN_POINT('',(-6.55677601025275,14.6980402125333,10.09));
#16171=CARTESIAN_POINT('',(-7.05584340946368,14.6675159427658,9.44));
#16172=CARTESIAN_POINT('',(-6.91348988551213,12.3400563996445,9.44));
#16173=CARTESIAN_POINT('',(-6.41442248630119,12.3705806694119,9.44));
#16174=CARTESIAN_POINT('',(-6.38389821653377,11.871513270201,9.44));
#16175=CARTESIAN_POINT('',(-6.38389821653377,11.871513270201,9.44));
#16176=CARTESIAN_POINT('',(-5.64121171948386,11.9169379223109,9.44));
#16177=CARTESIAN_POINT('',(-5.61068744971643,11.4178705231,9.44));
#16178=CARTESIAN_POINT('',(-2.29746422105018,10.4834763523949,9.44));
#16179=CARTESIAN_POINT('',(-2.51753748290184,10.8055607299438,9.44));
#16180=CARTESIAN_POINT('',(-2.80080869426555,10.9043403878322,9.44));
#16181=CARTESIAN_POINT('',(-2.80080869426555,10.9043403878322,9.44));
#16182=CARTESIAN_POINT('',(-2.66936215320409,11.2812906801498,9.44));
#16183=CARTESIAN_POINT('',(-2.95263336456779,11.3800703380381,9.44));
#16184=CARTESIAN_POINT('',(-5.11162005050549,11.4483947928674,6.9));
#16185=CARTESIAN_POINT('',(-5.11162005050549,11.4483947928674,5.8));
#16186=CARTESIAN_POINT('',(-5.11162005050549,11.4483947928674,5.8));
#16187=CARTESIAN_POINT('',(-4.9546166503996,8.88141189187979,6.9));
#16188=CARTESIAN_POINT('',(-4.9546166503996,8.88141189187979,6.9));
#16189=CARTESIAN_POINT('',(-5.11162005050549,11.4483947928674,6.9));
#16190=CARTESIAN_POINT('',(-5.11162005050549,11.4483947928674,6.9));
#16191=CARTESIAN_POINT('',(-5.11162005050549,11.4483947928674,6.9));
#16192=CARTESIAN_POINT('',(-3.21119489613687,9.861453006713,6.9));
#16193=CARTESIAN_POINT('',(-3.21119489613687,9.861453006713,6.9));
#16194=CARTESIAN_POINT('',(-0.867124279047197,9.68222711758214,6.9));
#16195=CARTESIAN_POINT('',(-0.867124279047197,9.68222711758214,6.9));
#16196=CARTESIAN_POINT('',(-2.39714818825878,9.99351400008447,6.9));
#16197=CARTESIAN_POINT('',(-2.39714818825878,9.99351400008447,6.9));
#16198=CARTESIAN_POINT('',(-2.79653162026111,10.4529520826275,6.9));
#16199=CARTESIAN_POINT('',(-2.79653162026111,10.4529520826275,6.9));
#16200=CARTESIAN_POINT('',(-2.81697792242841,10.7872461680834,6.9));
#16201=CARTESIAN_POINT('',(-2.79653162026111,10.4529520826275,5.8));
#16202=CARTESIAN_POINT('',(-2.81697792242841,10.7872461680834,5.8));
#16203=CARTESIAN_POINT('',(-2.81697792242841,10.7872461680834,6.9));
#16204=CARTESIAN_POINT('',(-2.79653162026111,10.4529520826275,6.9));
#16205=CARTESIAN_POINT('',(-2.79653162026111,10.4529520826275,6.9));
#16206=CARTESIAN_POINT('',(-2.79653162026111,10.4529520826275,6.9));
#16207=CARTESIAN_POINT('',(-2.79653162026111,10.4529520826275,6.9));
#16208=CARTESIAN_POINT('',(-6.55677601025274,14.6980402125333,6.9));
#16209=CARTESIAN_POINT('',(-6.81802529261072,14.2717201303562,6.9));
#16210=CARTESIAN_POINT('',(-4.08957676667762,12.5997247232652,6.9));
#16211=CARTESIAN_POINT('',(-6.81802529261072,14.2717201303562,6.9));
#16212=CARTESIAN_POINT('',(-6.55677601025275,14.6980402125333,6.9));
#16213=CARTESIAN_POINT('',(-7.05584340946368,14.6675159427658,6.9));
#16214=CARTESIAN_POINT('',(-7.05584340946368,14.6675159427658,6.9));
#16215=CARTESIAN_POINT('',(-6.91348988551213,12.3400563996445,6.9));
#16216=CARTESIAN_POINT('',(-6.41442248630119,12.3705806694119,6.9));
#16217=CARTESIAN_POINT('',(-6.38389821653377,11.871513270201,6.9));
#16218=CARTESIAN_POINT('',(-6.38389821653377,11.871513270201,6.9));
#16219=CARTESIAN_POINT('',(-5.64121171948386,11.9169379223109,6.9));
#16220=CARTESIAN_POINT('',(-5.61068744971643,11.4178705231,6.9));
#16221=CARTESIAN_POINT('',(-2.29746422105018,10.4834763523949,6.9));
#16222=CARTESIAN_POINT('',(-2.51753748290184,10.8055607299438,6.9));
#16223=CARTESIAN_POINT('',(-2.80080869426555,10.9043403878322,6.9));
#16224=CARTESIAN_POINT('',(-2.80080869426555,10.9043403878322,6.9));
#16225=CARTESIAN_POINT('',(-2.66936215320409,11.2812906801498,6.9));
#16226=CARTESIAN_POINT('',(-2.95263336456779,11.3800703380381,6.9));
#16227=CARTESIAN_POINT('',(-3.30060393395654,13.8872113714399,6.9));
#16228=CARTESIAN_POINT('',(-2.87428385177949,13.6259620890819,6.9));
#16229=CARTESIAN_POINT('',(-3.4020074021426,12.7647955230842,6.9));
#16230=CARTESIAN_POINT('',(-3.4020074021426,12.7647955230842,6.9));
#16231=CARTESIAN_POINT('',(-3.82832748431965,13.0260448054422,6.9));
#16232=CARTESIAN_POINT('',(-6.55677601025274,14.6980402125333,5.8));
#16233=CARTESIAN_POINT('',(-6.55677601025275,14.6980402125333,5.8));
#16234=CARTESIAN_POINT('',(-6.81802529261072,14.2717201303562,5.8));
#16235=CARTESIAN_POINT('',(-7.05584340946368,14.6675159427658,5.8));
#16236=CARTESIAN_POINT('',(-6.81802529261072,14.2717201303562,5.8));
#16237=CARTESIAN_POINT('',(-4.08957676667762,12.5997247232652,5.8));
#16238=CARTESIAN_POINT('',(-3.82832748431965,13.0260448054422,5.8));
#16239=CARTESIAN_POINT('',(-3.4020074021426,12.7647955230842,5.8));
#16240=CARTESIAN_POINT('',(-3.4020074021426,12.7647955230842,5.8));
#16241=CARTESIAN_POINT('',(-2.87428385177949,13.6259620890819,5.8));
#16242=CARTESIAN_POINT('',(-3.30060393395654,13.8872113714399,5.8));
#16243=CARTESIAN_POINT('',(-2.95263336456779,11.3800703380381,5.8));
#16244=CARTESIAN_POINT('',(-2.66936215320409,11.2812906801498,5.8));
#16245=CARTESIAN_POINT('',(-2.80080869426555,10.9043403878322,5.8));
#16246=CARTESIAN_POINT('',(-2.80080869426555,10.9043403878322,5.8));
#16247=CARTESIAN_POINT('',(-2.51753748290184,10.8055607299438,5.8));
#16248=CARTESIAN_POINT('',(-5.61068744971643,11.4178705231,5.8));
#16249=CARTESIAN_POINT('',(-5.64121171948386,11.9169379223109,5.8));
#16250=CARTESIAN_POINT('',(-6.38389821653377,11.871513270201,5.8));
#16251=CARTESIAN_POINT('',(-6.38389821653377,11.871513270201,5.8));
#16252=CARTESIAN_POINT('',(-6.41442248630119,12.3705806694119,5.8));
#16253=CARTESIAN_POINT('',(-6.91348988551213,12.3400563996445,5.8));
#16254=CARTESIAN_POINT('',(-7.05584340946368,14.6675159427658,5.8));
#16255=CARTESIAN_POINT('',(-6.465822513361,15.8034032576018,6.9));
#16256=CARTESIAN_POINT('',(-6.98309609242979,14.9592894948912,6.9));
#16257=CARTESIAN_POINT('',(-6.98309609242979,14.9592894948912,7.55));
#16258=CARTESIAN_POINT('',(-6.98309609242979,14.9592894948912,5.15));
#16259=CARTESIAN_POINT('',(-6.45537254206668,15.8204560608889,7.55));
#16260=CARTESIAN_POINT('',(-6.45537254206668,15.8204560608889,7.55));
#16261=CARTESIAN_POINT('',(-6.45537254206668,15.8204560608889,7.55));
#16262=CARTESIAN_POINT('',(-6.45537254206668,15.8204560608889,5.15));
#16263=CARTESIAN_POINT('',(-6.45537254206668,15.8204560608889,5.15));
#16264=CARTESIAN_POINT('',(-6.55677601025274,14.6980402125333,6.9));
#16265=CARTESIAN_POINT('',(-6.55677601025275,14.6980402125333,5.15));
#16266=CARTESIAN_POINT('',(-6.81802529261072,14.2717201303562,5.15));
#16267=CARTESIAN_POINT('',(-6.81802529261072,14.2717201303562,7.55));
#16268=CARTESIAN_POINT('',(-7.05584340946368,14.6675159427658,6.9));
#16269=CARTESIAN_POINT('',(-6.81802529261072,14.2717201303562,7.55));
#16270=CARTESIAN_POINT('',(-6.81802529261072,14.2717201303562,7.55));
#16271=CARTESIAN_POINT('',(-6.55677601025275,14.6980402125333,7.55));
#16272=CARTESIAN_POINT('',(-7.05584340946368,14.6675159427658,6.9));
#16273=CARTESIAN_POINT('',(-6.91348988551213,12.3400563996445,6.9));
#16274=CARTESIAN_POINT('',(-6.41442248630119,12.3705806694119,6.9));
#16275=CARTESIAN_POINT('',(-6.38389821653377,11.871513270201,6.9));
#16276=CARTESIAN_POINT('',(-6.38389821653377,11.871513270201,6.9));
#16277=CARTESIAN_POINT('',(-5.64121171948386,11.9169379223109,6.9));
#16278=CARTESIAN_POINT('',(-5.61068744971643,11.4178705231,6.9));
#16279=CARTESIAN_POINT('',(-2.29746422105018,10.4834763523949,6.9));
#16280=CARTESIAN_POINT('',(-2.51753748290184,10.8055607299438,6.9));
#16281=CARTESIAN_POINT('',(-2.80080869426555,10.9043403878322,6.9));
#16282=CARTESIAN_POINT('',(-2.80080869426555,10.9043403878322,6.9));
#16283=CARTESIAN_POINT('',(-2.66936215320409,11.2812906801498,6.9));
#16284=CARTESIAN_POINT('',(-2.95263336456779,11.3800703380381,6.9));
#16285=CARTESIAN_POINT('',(-5.11162005050549,11.4483947928674,4.36));
#16286=CARTESIAN_POINT('',(-5.11162005050549,11.4483947928674,3.26));
#16287=CARTESIAN_POINT('',(-5.11162005050549,11.4483947928674,3.26));
#16288=CARTESIAN_POINT('',(-4.9546166503996,8.88141189187979,4.36));
#16289=CARTESIAN_POINT('',(-4.9546166503996,8.88141189187979,4.36));
#16290=CARTESIAN_POINT('',(-5.11162005050549,11.4483947928674,4.36));
#16291=CARTESIAN_POINT('',(-5.11162005050549,11.4483947928674,4.36));
#16292=CARTESIAN_POINT('',(-5.11162005050549,11.4483947928674,4.36));
#16293=CARTESIAN_POINT('',(-3.21119489613687,9.861453006713,4.36));
#16294=CARTESIAN_POINT('',(-3.21119489613687,9.861453006713,4.36));
#16295=CARTESIAN_POINT('',(-0.867124279047197,9.68222711758214,4.36));
#16296=CARTESIAN_POINT('',(-0.867124279047197,9.68222711758214,4.36));
#16297=CARTESIAN_POINT('',(-2.39714818825878,9.99351400008447,4.36));
#16298=CARTESIAN_POINT('',(-2.39714818825878,9.99351400008447,4.36));
#16299=CARTESIAN_POINT('',(-2.79653162026111,10.4529520826275,4.36));
#16300=CARTESIAN_POINT('',(-2.79653162026111,10.4529520826275,4.36));
#16301=CARTESIAN_POINT('',(-2.81697792242841,10.7872461680834,4.36));
#16302=CARTESIAN_POINT('',(-2.79653162026111,10.4529520826275,3.26));
#16303=CARTESIAN_POINT('',(-2.81697792242841,10.7872461680834,3.26));
#16304=CARTESIAN_POINT('',(-2.81697792242841,10.7872461680834,4.36));
#16305=CARTESIAN_POINT('',(-2.79653162026111,10.4529520826275,4.36));
#16306=CARTESIAN_POINT('',(-2.79653162026111,10.4529520826275,4.36));
#16307=CARTESIAN_POINT('',(-2.79653162026111,10.4529520826275,4.36));
#16308=CARTESIAN_POINT('',(-2.79653162026111,10.4529520826275,4.36));
#16309=CARTESIAN_POINT('',(-6.55677601025274,14.6980402125333,4.36));
#16310=CARTESIAN_POINT('',(-6.81802529261072,14.2717201303562,4.36));
#16311=CARTESIAN_POINT('',(-4.08957676667762,12.5997247232652,4.36));
#16312=CARTESIAN_POINT('',(-6.81802529261072,14.2717201303562,4.36));
#16313=CARTESIAN_POINT('',(-6.55677601025275,14.6980402125333,4.36));
#16314=CARTESIAN_POINT('',(-7.05584340946368,14.6675159427658,4.36));
#16315=CARTESIAN_POINT('',(-7.05584340946368,14.6675159427658,4.36));
#16316=CARTESIAN_POINT('',(-6.91348988551213,12.3400563996445,4.36));
#16317=CARTESIAN_POINT('',(-6.41442248630119,12.3705806694119,4.36));
#16318=CARTESIAN_POINT('',(-6.38389821653377,11.871513270201,4.36));
#16319=CARTESIAN_POINT('',(-6.38389821653377,11.871513270201,4.36));
#16320=CARTESIAN_POINT('',(-5.64121171948386,11.9169379223109,4.36));
#16321=CARTESIAN_POINT('',(-5.61068744971643,11.4178705231,4.36));
#16322=CARTESIAN_POINT('',(-2.29746422105018,10.4834763523949,4.36));
#16323=CARTESIAN_POINT('',(-2.51753748290184,10.8055607299438,4.36));
#16324=CARTESIAN_POINT('',(-2.80080869426555,10.9043403878322,4.36));
#16325=CARTESIAN_POINT('',(-2.80080869426555,10.9043403878322,4.36));
#16326=CARTESIAN_POINT('',(-2.66936215320409,11.2812906801498,4.36));
#16327=CARTESIAN_POINT('',(-2.95263336456779,11.3800703380381,4.36));
#16328=CARTESIAN_POINT('',(-3.30060393395654,13.8872113714399,4.36));
#16329=CARTESIAN_POINT('',(-2.87428385177949,13.6259620890819,4.36));
#16330=CARTESIAN_POINT('',(-3.4020074021426,12.7647955230842,4.36));
#16331=CARTESIAN_POINT('',(-3.4020074021426,12.7647955230842,4.36));
#16332=CARTESIAN_POINT('',(-3.82832748431965,13.0260448054422,4.36));
#16333=CARTESIAN_POINT('',(-6.55677601025274,14.6980402125333,3.26));
#16334=CARTESIAN_POINT('',(-6.55677601025275,14.6980402125333,3.26));
#16335=CARTESIAN_POINT('',(-6.81802529261072,14.2717201303562,3.26));
#16336=CARTESIAN_POINT('',(-7.05584340946368,14.6675159427658,3.26));
#16337=CARTESIAN_POINT('',(-6.81802529261072,14.2717201303562,3.26));
#16338=CARTESIAN_POINT('',(-4.08957676667762,12.5997247232652,3.26));
#16339=CARTESIAN_POINT('',(-3.82832748431965,13.0260448054422,3.26));
#16340=CARTESIAN_POINT('',(-3.4020074021426,12.7647955230842,3.26));
#16341=CARTESIAN_POINT('',(-3.4020074021426,12.7647955230842,3.26));
#16342=CARTESIAN_POINT('',(-2.87428385177949,13.6259620890819,3.26));
#16343=CARTESIAN_POINT('',(-3.30060393395654,13.8872113714399,3.26));
#16344=CARTESIAN_POINT('',(-2.95263336456779,11.3800703380381,3.26));
#16345=CARTESIAN_POINT('',(-2.66936215320409,11.2812906801498,3.26));
#16346=CARTESIAN_POINT('',(-2.80080869426555,10.9043403878322,3.26));
#16347=CARTESIAN_POINT('',(-2.80080869426555,10.9043403878322,3.26));
#16348=CARTESIAN_POINT('',(-2.51753748290184,10.8055607299438,3.26));
#16349=CARTESIAN_POINT('',(-5.61068744971643,11.4178705231,3.26));
#16350=CARTESIAN_POINT('',(-5.64121171948386,11.9169379223109,3.26));
#16351=CARTESIAN_POINT('',(-6.38389821653377,11.871513270201,3.26));
#16352=CARTESIAN_POINT('',(-6.38389821653377,11.871513270201,3.26));
#16353=CARTESIAN_POINT('',(-6.41442248630119,12.3705806694119,3.26));
#16354=CARTESIAN_POINT('',(-6.91348988551213,12.3400563996445,3.26));
#16355=CARTESIAN_POINT('',(-7.05584340946368,14.6675159427658,3.26));
#16356=CARTESIAN_POINT('',(-6.465822513361,15.8034032576018,4.36));
#16357=CARTESIAN_POINT('',(-6.98309609242979,14.9592894948912,4.36));
#16358=CARTESIAN_POINT('',(-6.98309609242979,14.9592894948912,5.01));
#16359=CARTESIAN_POINT('',(-6.98309609242979,14.9592894948912,2.61));
#16360=CARTESIAN_POINT('',(-6.45537254206668,15.8204560608889,5.01));
#16361=CARTESIAN_POINT('',(-6.45537254206668,15.8204560608889,5.01));
#16362=CARTESIAN_POINT('',(-6.45537254206668,15.8204560608889,5.01));
#16363=CARTESIAN_POINT('',(-6.45537254206668,15.8204560608889,2.61));
#16364=CARTESIAN_POINT('',(-6.45537254206668,15.8204560608889,2.61));
#16365=CARTESIAN_POINT('',(-6.55677601025274,14.6980402125333,4.36));
#16366=CARTESIAN_POINT('',(-6.55677601025275,14.6980402125333,2.61));
#16367=CARTESIAN_POINT('',(-6.81802529261072,14.2717201303562,2.61));
#16368=CARTESIAN_POINT('',(-6.81802529261072,14.2717201303562,5.01));
#16369=CARTESIAN_POINT('',(-7.05584340946368,14.6675159427658,4.36));
#16370=CARTESIAN_POINT('',(-6.81802529261072,14.2717201303562,5.01));
#16371=CARTESIAN_POINT('',(-6.81802529261072,14.2717201303562,5.01));
#16372=CARTESIAN_POINT('',(-6.55677601025275,14.6980402125333,5.01));
#16373=CARTESIAN_POINT('',(-7.05584340946368,14.6675159427658,4.36));
#16374=CARTESIAN_POINT('',(-6.91348988551213,12.3400563996445,4.36));
#16375=CARTESIAN_POINT('',(-6.41442248630119,12.3705806694119,4.36));
#16376=CARTESIAN_POINT('',(-6.38389821653377,11.871513270201,4.36));
#16377=CARTESIAN_POINT('',(-6.38389821653377,11.871513270201,4.36));
#16378=CARTESIAN_POINT('',(-5.64121171948386,11.9169379223109,4.36));
#16379=CARTESIAN_POINT('',(-5.61068744971643,11.4178705231,4.36));
#16380=CARTESIAN_POINT('',(-2.29746422105018,10.4834763523949,4.36));
#16381=CARTESIAN_POINT('',(-2.51753748290184,10.8055607299438,4.36));
#16382=CARTESIAN_POINT('',(-2.80080869426555,10.9043403878322,4.36));
#16383=CARTESIAN_POINT('',(-2.80080869426555,10.9043403878322,4.36));
#16384=CARTESIAN_POINT('',(-2.66936215320409,11.2812906801498,4.36));
#16385=CARTESIAN_POINT('',(-2.95263336456779,11.3800703380381,4.36));
#16386=CARTESIAN_POINT('',(-5.11162005050549,11.4483947928674,14.52));
#16387=CARTESIAN_POINT('',(-5.11162005050549,11.4483947928674,13.42));
#16388=CARTESIAN_POINT('',(-5.11162005050549,11.4483947928674,13.42));
#16389=CARTESIAN_POINT('',(-4.9546166503996,8.88141189187979,14.52));
#16390=CARTESIAN_POINT('',(-4.9546166503996,8.88141189187979,14.52));
#16391=CARTESIAN_POINT('',(-5.11162005050549,11.4483947928674,14.52));
#16392=CARTESIAN_POINT('',(-5.11162005050549,11.4483947928674,14.52));
#16393=CARTESIAN_POINT('',(-5.11162005050549,11.4483947928674,14.52));
#16394=CARTESIAN_POINT('',(-3.21119489613687,9.861453006713,14.52));
#16395=CARTESIAN_POINT('',(-3.21119489613687,9.861453006713,14.52));
#16396=CARTESIAN_POINT('',(-0.867124279047197,9.68222711758214,14.52));
#16397=CARTESIAN_POINT('',(-0.867124279047197,9.68222711758214,14.52));
#16398=CARTESIAN_POINT('',(-2.39714818825878,9.99351400008447,14.52));
#16399=CARTESIAN_POINT('',(-2.39714818825878,9.99351400008447,14.52));
#16400=CARTESIAN_POINT('',(-2.79653162026111,10.4529520826275,14.52));
#16401=CARTESIAN_POINT('',(-2.79653162026111,10.4529520826275,14.52));
#16402=CARTESIAN_POINT('',(-2.81697792242841,10.7872461680834,14.52));
#16403=CARTESIAN_POINT('',(-2.79653162026111,10.4529520826275,13.42));
#16404=CARTESIAN_POINT('',(-2.81697792242841,10.7872461680834,13.42));
#16405=CARTESIAN_POINT('',(-2.81697792242841,10.7872461680834,14.52));
#16406=CARTESIAN_POINT('',(-2.79653162026111,10.4529520826275,14.52));
#16407=CARTESIAN_POINT('',(-2.79653162026111,10.4529520826275,14.52));
#16408=CARTESIAN_POINT('',(-2.79653162026111,10.4529520826275,14.52));
#16409=CARTESIAN_POINT('',(-2.79653162026111,10.4529520826275,14.52));
#16410=CARTESIAN_POINT('',(-6.55677601025274,14.6980402125333,14.52));
#16411=CARTESIAN_POINT('',(-6.81802529261072,14.2717201303562,14.52));
#16412=CARTESIAN_POINT('',(-4.08957676667762,12.5997247232652,14.52));
#16413=CARTESIAN_POINT('',(-6.81802529261072,14.2717201303562,14.52));
#16414=CARTESIAN_POINT('',(-6.55677601025275,14.6980402125333,14.52));
#16415=CARTESIAN_POINT('',(-7.05584340946368,14.6675159427658,14.52));
#16416=CARTESIAN_POINT('',(-7.05584340946368,14.6675159427658,14.52));
#16417=CARTESIAN_POINT('',(-6.91348988551213,12.3400563996445,14.52));
#16418=CARTESIAN_POINT('',(-6.41442248630119,12.3705806694119,14.52));
#16419=CARTESIAN_POINT('',(-6.38389821653377,11.871513270201,14.52));
#16420=CARTESIAN_POINT('',(-6.38389821653377,11.871513270201,14.52));
#16421=CARTESIAN_POINT('',(-5.64121171948386,11.9169379223109,14.52));
#16422=CARTESIAN_POINT('',(-5.61068744971643,11.4178705231,14.52));
#16423=CARTESIAN_POINT('',(-2.29746422105018,10.4834763523949,14.52));
#16424=CARTESIAN_POINT('',(-2.51753748290184,10.8055607299438,14.52));
#16425=CARTESIAN_POINT('',(-2.80080869426555,10.9043403878322,14.52));
#16426=CARTESIAN_POINT('',(-2.80080869426555,10.9043403878322,14.52));
#16427=CARTESIAN_POINT('',(-2.66936215320409,11.2812906801498,14.52));
#16428=CARTESIAN_POINT('',(-2.95263336456779,11.3800703380381,14.52));
#16429=CARTESIAN_POINT('',(-3.30060393395654,13.8872113714399,14.52));
#16430=CARTESIAN_POINT('',(-2.87428385177949,13.6259620890819,14.52));
#16431=CARTESIAN_POINT('',(-3.4020074021426,12.7647955230842,14.52));
#16432=CARTESIAN_POINT('',(-3.4020074021426,12.7647955230842,14.52));
#16433=CARTESIAN_POINT('',(-3.82832748431965,13.0260448054422,14.52));
#16434=CARTESIAN_POINT('',(-6.55677601025274,14.6980402125333,13.42));
#16435=CARTESIAN_POINT('',(-6.55677601025275,14.6980402125333,13.42));
#16436=CARTESIAN_POINT('',(-6.81802529261072,14.2717201303562,13.42));
#16437=CARTESIAN_POINT('',(-7.05584340946368,14.6675159427658,13.42));
#16438=CARTESIAN_POINT('',(-6.81802529261072,14.2717201303562,13.42));
#16439=CARTESIAN_POINT('',(-4.08957676667762,12.5997247232652,13.42));
#16440=CARTESIAN_POINT('',(-3.82832748431965,13.0260448054422,13.42));
#16441=CARTESIAN_POINT('',(-3.4020074021426,12.7647955230842,13.42));
#16442=CARTESIAN_POINT('',(-3.4020074021426,12.7647955230842,13.42));
#16443=CARTESIAN_POINT('',(-2.87428385177949,13.6259620890819,13.42));
#16444=CARTESIAN_POINT('',(-3.30060393395654,13.8872113714399,13.42));
#16445=CARTESIAN_POINT('',(-2.95263336456779,11.3800703380381,13.42));
#16446=CARTESIAN_POINT('',(-2.66936215320409,11.2812906801498,13.42));
#16447=CARTESIAN_POINT('',(-2.80080869426555,10.9043403878322,13.42));
#16448=CARTESIAN_POINT('',(-2.80080869426555,10.9043403878322,13.42));
#16449=CARTESIAN_POINT('',(-2.51753748290184,10.8055607299438,13.42));
#16450=CARTESIAN_POINT('',(-5.61068744971643,11.4178705231,13.42));
#16451=CARTESIAN_POINT('',(-5.64121171948386,11.9169379223109,13.42));
#16452=CARTESIAN_POINT('',(-6.38389821653377,11.871513270201,13.42));
#16453=CARTESIAN_POINT('',(-6.38389821653377,11.871513270201,13.42));
#16454=CARTESIAN_POINT('',(-6.41442248630119,12.3705806694119,13.42));
#16455=CARTESIAN_POINT('',(-6.91348988551213,12.3400563996445,13.42));
#16456=CARTESIAN_POINT('',(-7.05584340946368,14.6675159427658,13.42));
#16457=CARTESIAN_POINT('',(-6.465822513361,15.8034032576018,14.52));
#16458=CARTESIAN_POINT('',(-6.98309609242979,14.9592894948912,14.52));
#16459=CARTESIAN_POINT('',(-6.98309609242979,14.9592894948912,15.17));
#16460=CARTESIAN_POINT('',(-6.98309609242979,14.9592894948912,12.77));
#16461=CARTESIAN_POINT('',(-6.45537254206668,15.8204560608889,15.17));
#16462=CARTESIAN_POINT('',(-6.45537254206668,15.8204560608889,15.17));
#16463=CARTESIAN_POINT('',(-6.45537254206668,15.8204560608889,15.17));
#16464=CARTESIAN_POINT('',(-6.45537254206668,15.8204560608889,12.77));
#16465=CARTESIAN_POINT('',(-6.45537254206668,15.8204560608889,12.77));
#16466=CARTESIAN_POINT('',(-6.55677601025274,14.6980402125333,14.52));
#16467=CARTESIAN_POINT('',(-6.55677601025275,14.6980402125333,12.77));
#16468=CARTESIAN_POINT('',(-6.81802529261072,14.2717201303562,12.77));
#16469=CARTESIAN_POINT('',(-6.81802529261072,14.2717201303562,15.17));
#16470=CARTESIAN_POINT('',(-7.05584340946368,14.6675159427658,14.52));
#16471=CARTESIAN_POINT('',(-6.81802529261072,14.2717201303562,15.17));
#16472=CARTESIAN_POINT('',(-6.81802529261072,14.2717201303562,15.17));
#16473=CARTESIAN_POINT('',(-6.55677601025275,14.6980402125333,15.17));
#16474=CARTESIAN_POINT('',(-7.05584340946368,14.6675159427658,14.52));
#16475=CARTESIAN_POINT('',(-6.91348988551213,12.3400563996445,14.52));
#16476=CARTESIAN_POINT('',(-6.41442248630119,12.3705806694119,14.52));
#16477=CARTESIAN_POINT('',(-6.38389821653377,11.871513270201,14.52));
#16478=CARTESIAN_POINT('',(-6.38389821653377,11.871513270201,14.52));
#16479=CARTESIAN_POINT('',(-5.64121171948386,11.9169379223109,14.52));
#16480=CARTESIAN_POINT('',(-5.61068744971643,11.4178705231,14.52));
#16481=CARTESIAN_POINT('',(-2.29746422105018,10.4834763523949,14.52));
#16482=CARTESIAN_POINT('',(-2.51753748290184,10.8055607299438,14.52));
#16483=CARTESIAN_POINT('',(-2.80080869426555,10.9043403878322,14.52));
#16484=CARTESIAN_POINT('',(-2.80080869426555,10.9043403878322,14.52));
#16485=CARTESIAN_POINT('',(-2.66936215320409,11.2812906801498,14.52));
#16486=CARTESIAN_POINT('',(-2.95263336456779,11.3800703380381,14.52));
#16487=CARTESIAN_POINT('',(-6.81802529261072,14.2717201303562,2.49));
#16488=CARTESIAN_POINT('',(-4.08957676667762,12.5997247232652,2.49));
#16489=CARTESIAN_POINT('',(-4.08957676667762,12.5997247232652,0.0900000000000002));
#16490=CARTESIAN_POINT('',(-6.81802529261072,14.2717201303562,0.0900000000000002));
#16491=CARTESIAN_POINT('',(-3.82832748431965,13.0260448054422,2.49));
#16492=CARTESIAN_POINT('',(-3.4020074021426,12.7647955230842,2.49));
#16493=CARTESIAN_POINT('',(-3.4020074021426,12.7647955230842,0.0900000000000002));
#16494=CARTESIAN_POINT('',(-3.82832748431965,13.0260448054422,0.0900000000000002));
#16495=CARTESIAN_POINT('',(-3.4020074021426,12.7647955230842,2.49));
#16496=CARTESIAN_POINT('',(-2.87428385177949,13.6259620890819,2.49));
#16497=CARTESIAN_POINT('',(-2.87428385177949,13.6259620890819,0.0900000000000002));
#16498=CARTESIAN_POINT('',(-3.4020074021426,12.7647955230842,0.0900000000000002));
#16499=CARTESIAN_POINT('',(-6.81802529261072,14.2717201303562,2.49));
#16500=CARTESIAN_POINT('',(-4.08957676667762,12.5997247232652,2.49));
#16501=CARTESIAN_POINT('',(-4.08957676667762,12.5997247232652,2.49));
#16502=CARTESIAN_POINT('',(-6.81802529261072,14.2717201303562,2.49));
#16503=CARTESIAN_POINT('',(-3.82832748431965,13.0260448054422,2.49));
#16504=CARTESIAN_POINT('',(-3.4020074021426,12.7647955230842,2.49));
#16505=CARTESIAN_POINT('',(-3.4020074021426,12.7647955230842,2.49));
#16506=CARTESIAN_POINT('',(-3.82832748431965,13.0260448054422,2.49));
#16507=CARTESIAN_POINT('',(-3.4020074021426,12.7647955230842,2.49));
#16508=CARTESIAN_POINT('',(-2.87428385177949,13.6259620890819,2.49));
#16509=CARTESIAN_POINT('',(-2.87428385177949,13.6259620890819,2.49));
#16510=CARTESIAN_POINT('',(-3.4020074021426,12.7647955230842,2.49));
#16511=CARTESIAN_POINT('',(-3.30060393395654,13.8872113714399,2.49));
#16512=CARTESIAN_POINT('',(-3.00219099172114,14.2883967598906,2.49));
#16513=CARTESIAN_POINT('',(-3.00219099172114,14.2883967598906,0.292569307063589));
#16514=CARTESIAN_POINT('',(-3.00219099172114,14.2883967598906,2.28743069293641));
#16515=CARTESIAN_POINT('',(-3.30060393395654,13.8872113714399,1.9252582496231));
#16516=CARTESIAN_POINT('',(-3.03935465159856,14.3135314536169,2.28889461325946));
#16517=CARTESIAN_POINT('',(-3.03935465159856,14.3135314536169,2.49));
#16518=CARTESIAN_POINT('',(-3.03935465159856,14.3135314536169,2.49));
#16519=CARTESIAN_POINT('',(-3.30060393395654,13.8872113714399,2.49));
#16520=CARTESIAN_POINT('',(-3.30060393395654,13.8872113714399,0.0900000000000002));
#16521=CARTESIAN_POINT('',(-3.03935465159856,14.3135314536169,0.0900000000000002));
#16522=CARTESIAN_POINT('',(-3.03935465159856,14.3135314536169,2.49));
#16523=CARTESIAN_POINT('',(-3.03935465159856,14.3135314536169,0.291105386740535));
#16524=CARTESIAN_POINT('',(-3.30060393395654,13.8872113714399,0.654741750376898));
#16525=CARTESIAN_POINT('',(-3.03935465159857,14.3135314536169,2.49));
#16526=CARTESIAN_POINT('',(-3.03935465159857,14.3135314536169,2.28889461325946));
#16527=CARTESIAN_POINT('',(-5.55905975241539,15.8576087252777,2.28889461325947));
#16528=CARTESIAN_POINT('',(-5.55905975241539,15.8576087252777,2.49));
#16529=CARTESIAN_POINT('',(-5.55905975241539,15.8576087252777,0.291105386740533));
#16530=CARTESIAN_POINT('',(-3.03935465159856,14.3135314536169,0.291105386740535));
#16531=CARTESIAN_POINT('',(-3.03935465159857,14.3135314536169,0.0900000000000002));
#16532=CARTESIAN_POINT('',(-5.76780317753166,15.9855268607079,0.0900000000000002));
#16533=CARTESIAN_POINT('',(-5.76780317753166,15.9855268607079,2.49));
#16534=CARTESIAN_POINT('',(-5.76780317753166,15.9855268607079,2.49));
#16535=CARTESIAN_POINT('',(-3.03935465159857,14.3135314536169,2.49));
#16536=CARTESIAN_POINT('',(-6.02905245988963,15.5592067785309,2.49));
#16537=CARTESIAN_POINT('',(-6.02905245988963,15.5592067785309,0.0900000000000002));
#16538=CARTESIAN_POINT('',(-6.02905245988963,15.5592067785309,2.49));
#16539=CARTESIAN_POINT('',(-6.55677601025275,14.6980402125333,2.49));
#16540=CARTESIAN_POINT('',(-6.55677601025275,14.6980402125333,0.0900000000000002));
#16541=CARTESIAN_POINT('',(-6.81802529261072,14.2717201303562,15.17));
#16542=CARTESIAN_POINT('',(-4.08957676667762,12.5997247232652,15.17));
#16543=CARTESIAN_POINT('',(-4.08957676667762,12.5997247232652,12.77));
#16544=CARTESIAN_POINT('',(-6.81802529261072,14.2717201303562,12.77));
#16545=CARTESIAN_POINT('',(-3.82832748431965,13.0260448054422,15.17));
#16546=CARTESIAN_POINT('',(-3.4020074021426,12.7647955230842,15.17));
#16547=CARTESIAN_POINT('',(-3.4020074021426,12.7647955230842,12.77));
#16548=CARTESIAN_POINT('',(-3.82832748431965,13.0260448054422,12.77));
#16549=CARTESIAN_POINT('',(-3.4020074021426,12.7647955230842,15.17));
#16550=CARTESIAN_POINT('',(-2.87428385177949,13.6259620890819,15.17));
#16551=CARTESIAN_POINT('',(-2.87428385177949,13.6259620890819,12.77));
#16552=CARTESIAN_POINT('',(-3.4020074021426,12.7647955230842,12.77));
#16553=CARTESIAN_POINT('',(-6.81802529261072,14.2717201303562,15.17));
#16554=CARTESIAN_POINT('',(-4.08957676667762,12.5997247232652,15.17));
#16555=CARTESIAN_POINT('',(-4.08957676667762,12.5997247232652,15.17));
#16556=CARTESIAN_POINT('',(-6.81802529261072,14.2717201303562,15.17));
#16557=CARTESIAN_POINT('',(-3.82832748431965,13.0260448054422,15.17));
#16558=CARTESIAN_POINT('',(-3.4020074021426,12.7647955230842,15.17));
#16559=CARTESIAN_POINT('',(-3.4020074021426,12.7647955230842,15.17));
#16560=CARTESIAN_POINT('',(-3.82832748431965,13.0260448054422,15.17));
#16561=CARTESIAN_POINT('',(-3.4020074021426,12.7647955230842,15.17));
#16562=CARTESIAN_POINT('',(-2.87428385177949,13.6259620890819,15.17));
#16563=CARTESIAN_POINT('',(-2.87428385177949,13.6259620890819,15.17));
#16564=CARTESIAN_POINT('',(-3.4020074021426,12.7647955230842,15.17));
#16565=CARTESIAN_POINT('',(-3.30060393395654,13.8872113714399,15.17));
#16566=CARTESIAN_POINT('',(-3.00219099172114,14.2883967598906,15.17));
#16567=CARTESIAN_POINT('',(-3.00219099172114,14.2883967598906,12.9925693070636));
#16568=CARTESIAN_POINT('',(-3.00219099172114,14.2883967598906,14.9874306929364));
#16569=CARTESIAN_POINT('',(-3.30060393395654,13.8872113714399,14.6252582496231));
#16570=CARTESIAN_POINT('',(-3.03935465159856,14.3135314536169,14.9888946132595));
#16571=CARTESIAN_POINT('',(-3.03935465159856,14.3135314536169,15.17));
#16572=CARTESIAN_POINT('',(-3.03935465159856,14.3135314536169,15.17));
#16573=CARTESIAN_POINT('',(-3.30060393395654,13.8872113714399,15.17));
#16574=CARTESIAN_POINT('',(-3.30060393395654,13.8872113714399,12.77));
#16575=CARTESIAN_POINT('',(-3.03935465159856,14.3135314536169,12.77));
#16576=CARTESIAN_POINT('',(-3.03935465159856,14.3135314536169,15.17));
#16577=CARTESIAN_POINT('',(-3.03935465159856,14.3135314536169,12.9911053867405));
#16578=CARTESIAN_POINT('',(-3.30060393395654,13.8872113714399,13.3547417503769));
#16579=CARTESIAN_POINT('',(-3.03935465159857,14.3135314536169,15.17));
#16580=CARTESIAN_POINT('',(-3.03935465159857,14.3135314536169,14.9888946132595));
#16581=CARTESIAN_POINT('',(-5.55905975241539,15.8576087252777,14.9888946132595));
#16582=CARTESIAN_POINT('',(-5.55905975241539,15.8576087252777,15.17));
#16583=CARTESIAN_POINT('',(-5.55905975241539,15.8576087252777,12.9911053867405));
#16584=CARTESIAN_POINT('',(-3.03935465159856,14.3135314536169,12.9911053867405));
#16585=CARTESIAN_POINT('',(-3.03935465159857,14.3135314536169,12.77));
#16586=CARTESIAN_POINT('',(-5.76780317753166,15.9855268607079,12.77));
#16587=CARTESIAN_POINT('',(-5.76780317753166,15.9855268607079,15.17));
#16588=CARTESIAN_POINT('',(-5.76780317753166,15.9855268607079,15.17));
#16589=CARTESIAN_POINT('',(-3.03935465159857,14.3135314536169,15.17));
#16590=CARTESIAN_POINT('',(-6.02905245988963,15.5592067785309,15.17));
#16591=CARTESIAN_POINT('',(-6.02905245988963,15.5592067785309,12.77));
#16592=CARTESIAN_POINT('',(-6.02905245988963,15.5592067785309,15.17));
#16593=CARTESIAN_POINT('',(-6.55677601025275,14.6980402125333,15.17));
#16594=CARTESIAN_POINT('',(-6.55677601025275,14.6980402125333,12.77));
#16595=CARTESIAN_POINT('',(-6.81802529261072,14.2717201303562,5.01));
#16596=CARTESIAN_POINT('',(-4.08957676667762,12.5997247232652,5.01));
#16597=CARTESIAN_POINT('',(-4.08957676667762,12.5997247232652,2.61));
#16598=CARTESIAN_POINT('',(-6.81802529261072,14.2717201303562,2.61));
#16599=CARTESIAN_POINT('',(-3.82832748431965,13.0260448054422,5.01));
#16600=CARTESIAN_POINT('',(-3.4020074021426,12.7647955230842,5.01));
#16601=CARTESIAN_POINT('',(-3.4020074021426,12.7647955230842,2.61));
#16602=CARTESIAN_POINT('',(-3.82832748431965,13.0260448054422,2.61));
#16603=CARTESIAN_POINT('',(-3.4020074021426,12.7647955230842,5.01));
#16604=CARTESIAN_POINT('',(-2.87428385177949,13.6259620890819,5.01));
#16605=CARTESIAN_POINT('',(-2.87428385177949,13.6259620890819,2.61));
#16606=CARTESIAN_POINT('',(-3.4020074021426,12.7647955230842,2.61));
#16607=CARTESIAN_POINT('',(-6.81802529261072,14.2717201303562,5.01));
#16608=CARTESIAN_POINT('',(-4.08957676667762,12.5997247232652,5.01));
#16609=CARTESIAN_POINT('',(-4.08957676667762,12.5997247232652,5.01));
#16610=CARTESIAN_POINT('',(-6.81802529261072,14.2717201303562,5.01));
#16611=CARTESIAN_POINT('',(-3.82832748431965,13.0260448054422,5.01));
#16612=CARTESIAN_POINT('',(-3.4020074021426,12.7647955230842,5.01));
#16613=CARTESIAN_POINT('',(-3.4020074021426,12.7647955230842,5.01));
#16614=CARTESIAN_POINT('',(-3.82832748431965,13.0260448054422,5.01));
#16615=CARTESIAN_POINT('',(-3.4020074021426,12.7647955230842,5.01));
#16616=CARTESIAN_POINT('',(-2.87428385177949,13.6259620890819,5.01));
#16617=CARTESIAN_POINT('',(-2.87428385177949,13.6259620890819,5.01));
#16618=CARTESIAN_POINT('',(-3.4020074021426,12.7647955230842,5.01));
#16619=CARTESIAN_POINT('',(-3.30060393395654,13.8872113714399,5.01));
#16620=CARTESIAN_POINT('',(-3.00219099172114,14.2883967598906,5.01));
#16621=CARTESIAN_POINT('',(-3.00219099172114,14.2883967598906,2.83256930706359));
#16622=CARTESIAN_POINT('',(-3.00219099172114,14.2883967598906,4.82743069293641));
#16623=CARTESIAN_POINT('',(-3.30060393395654,13.8872113714399,4.4652582496231));
#16624=CARTESIAN_POINT('',(-3.03935465159856,14.3135314536169,4.82889461325947));
#16625=CARTESIAN_POINT('',(-3.03935465159856,14.3135314536169,5.01));
#16626=CARTESIAN_POINT('',(-3.03935465159856,14.3135314536169,5.01));
#16627=CARTESIAN_POINT('',(-3.30060393395654,13.8872113714399,5.01));
#16628=CARTESIAN_POINT('',(-3.30060393395654,13.8872113714399,2.61));
#16629=CARTESIAN_POINT('',(-3.03935465159856,14.3135314536169,2.61));
#16630=CARTESIAN_POINT('',(-3.03935465159856,14.3135314536169,5.01));
#16631=CARTESIAN_POINT('',(-3.03935465159856,14.3135314536169,2.83110538674054));
#16632=CARTESIAN_POINT('',(-3.30060393395654,13.8872113714399,3.1947417503769));
#16633=CARTESIAN_POINT('',(-3.03935465159857,14.3135314536169,5.01));
#16634=CARTESIAN_POINT('',(-3.03935465159857,14.3135314536169,4.82889461325947));
#16635=CARTESIAN_POINT('',(-5.55905975241539,15.8576087252777,4.82889461325947));
#16636=CARTESIAN_POINT('',(-5.55905975241539,15.8576087252777,5.01));
#16637=CARTESIAN_POINT('',(-5.55905975241539,15.8576087252777,2.83110538674053));
#16638=CARTESIAN_POINT('',(-3.03935465159856,14.3135314536169,2.83110538674054));
#16639=CARTESIAN_POINT('',(-3.03935465159857,14.3135314536169,2.61));
#16640=CARTESIAN_POINT('',(-5.76780317753166,15.9855268607079,2.61));
#16641=CARTESIAN_POINT('',(-5.76780317753166,15.9855268607079,5.01));
#16642=CARTESIAN_POINT('',(-5.76780317753166,15.9855268607079,5.01));
#16643=CARTESIAN_POINT('',(-3.03935465159857,14.3135314536169,5.01));
#16644=CARTESIAN_POINT('',(-6.02905245988963,15.5592067785309,5.01));
#16645=CARTESIAN_POINT('',(-6.02905245988963,15.5592067785309,2.61));
#16646=CARTESIAN_POINT('',(-6.02905245988963,15.5592067785309,5.01));
#16647=CARTESIAN_POINT('',(-6.55677601025275,14.6980402125333,5.01));
#16648=CARTESIAN_POINT('',(-6.55677601025275,14.6980402125333,2.61));
#16649=CARTESIAN_POINT('',(-6.81802529261072,14.2717201303562,7.55));
#16650=CARTESIAN_POINT('',(-4.08957676667762,12.5997247232652,7.55));
#16651=CARTESIAN_POINT('',(-4.08957676667762,12.5997247232652,5.15));
#16652=CARTESIAN_POINT('',(-6.81802529261072,14.2717201303562,5.15));
#16653=CARTESIAN_POINT('',(-3.82832748431965,13.0260448054422,7.55));
#16654=CARTESIAN_POINT('',(-3.4020074021426,12.7647955230842,7.55));
#16655=CARTESIAN_POINT('',(-3.4020074021426,12.7647955230842,5.15));
#16656=CARTESIAN_POINT('',(-3.82832748431965,13.0260448054422,5.15));
#16657=CARTESIAN_POINT('',(-3.4020074021426,12.7647955230842,7.55));
#16658=CARTESIAN_POINT('',(-2.87428385177949,13.6259620890819,7.55));
#16659=CARTESIAN_POINT('',(-2.87428385177949,13.6259620890819,5.15));
#16660=CARTESIAN_POINT('',(-3.4020074021426,12.7647955230842,5.15));
#16661=CARTESIAN_POINT('',(-6.81802529261072,14.2717201303562,7.55));
#16662=CARTESIAN_POINT('',(-4.08957676667762,12.5997247232652,7.55));
#16663=CARTESIAN_POINT('',(-4.08957676667762,12.5997247232652,7.55));
#16664=CARTESIAN_POINT('',(-6.81802529261072,14.2717201303562,7.55));
#16665=CARTESIAN_POINT('',(-3.82832748431965,13.0260448054422,7.55));
#16666=CARTESIAN_POINT('',(-3.4020074021426,12.7647955230842,7.55));
#16667=CARTESIAN_POINT('',(-3.4020074021426,12.7647955230842,7.55));
#16668=CARTESIAN_POINT('',(-3.82832748431965,13.0260448054422,7.55));
#16669=CARTESIAN_POINT('',(-3.4020074021426,12.7647955230842,7.55));
#16670=CARTESIAN_POINT('',(-2.87428385177949,13.6259620890819,7.55));
#16671=CARTESIAN_POINT('',(-2.87428385177949,13.6259620890819,7.55));
#16672=CARTESIAN_POINT('',(-3.4020074021426,12.7647955230842,7.55));
#16673=CARTESIAN_POINT('',(-3.30060393395654,13.8872113714399,7.55));
#16674=CARTESIAN_POINT('',(-3.00219099172114,14.2883967598906,7.55));
#16675=CARTESIAN_POINT('',(-3.00219099172114,14.2883967598906,5.37256930706359));
#16676=CARTESIAN_POINT('',(-3.00219099172114,14.2883967598906,7.36743069293641));
#16677=CARTESIAN_POINT('',(-3.30060393395654,13.8872113714399,7.0052582496231));
#16678=CARTESIAN_POINT('',(-3.03935465159856,14.3135314536169,7.36889461325946));
#16679=CARTESIAN_POINT('',(-3.03935465159856,14.3135314536169,7.55));
#16680=CARTESIAN_POINT('',(-3.03935465159856,14.3135314536169,7.55));
#16681=CARTESIAN_POINT('',(-3.30060393395654,13.8872113714399,7.55));
#16682=CARTESIAN_POINT('',(-3.30060393395654,13.8872113714399,5.15));
#16683=CARTESIAN_POINT('',(-3.03935465159856,14.3135314536169,5.15));
#16684=CARTESIAN_POINT('',(-3.03935465159856,14.3135314536169,7.55));
#16685=CARTESIAN_POINT('',(-3.03935465159856,14.3135314536169,5.37110538674054));
#16686=CARTESIAN_POINT('',(-3.30060393395654,13.8872113714399,5.7347417503769));
#16687=CARTESIAN_POINT('',(-3.03935465159857,14.3135314536169,7.55));
#16688=CARTESIAN_POINT('',(-3.03935465159857,14.3135314536169,7.36889461325946));
#16689=CARTESIAN_POINT('',(-5.55905975241539,15.8576087252777,7.36889461325947));
#16690=CARTESIAN_POINT('',(-5.55905975241539,15.8576087252777,7.55));
#16691=CARTESIAN_POINT('',(-5.55905975241539,15.8576087252777,5.37110538674053));
#16692=CARTESIAN_POINT('',(-3.03935465159856,14.3135314536169,5.37110538674054));
#16693=CARTESIAN_POINT('',(-3.03935465159857,14.3135314536169,5.15));
#16694=CARTESIAN_POINT('',(-5.76780317753166,15.9855268607079,5.15));
#16695=CARTESIAN_POINT('',(-5.76780317753166,15.9855268607079,7.55));
#16696=CARTESIAN_POINT('',(-5.76780317753166,15.9855268607079,7.55));
#16697=CARTESIAN_POINT('',(-3.03935465159857,14.3135314536169,7.55));
#16698=CARTESIAN_POINT('',(-6.02905245988963,15.5592067785309,7.55));
#16699=CARTESIAN_POINT('',(-6.02905245988963,15.5592067785309,5.15));
#16700=CARTESIAN_POINT('',(-6.02905245988963,15.5592067785309,7.55));
#16701=CARTESIAN_POINT('',(-6.55677601025275,14.6980402125333,7.55));
#16702=CARTESIAN_POINT('',(-6.55677601025275,14.6980402125333,5.15));
#16703=CARTESIAN_POINT('',(-6.81802529261072,14.2717201303562,10.09));
#16704=CARTESIAN_POINT('',(-4.08957676667762,12.5997247232652,10.09));
#16705=CARTESIAN_POINT('',(-4.08957676667762,12.5997247232652,7.69));
#16706=CARTESIAN_POINT('',(-6.81802529261072,14.2717201303562,7.69));
#16707=CARTESIAN_POINT('',(-3.82832748431965,13.0260448054422,10.09));
#16708=CARTESIAN_POINT('',(-3.4020074021426,12.7647955230842,10.09));
#16709=CARTESIAN_POINT('',(-3.4020074021426,12.7647955230842,7.69));
#16710=CARTESIAN_POINT('',(-3.82832748431965,13.0260448054422,7.69));
#16711=CARTESIAN_POINT('',(-3.4020074021426,12.7647955230842,10.09));
#16712=CARTESIAN_POINT('',(-2.87428385177949,13.6259620890819,10.09));
#16713=CARTESIAN_POINT('',(-2.87428385177949,13.6259620890819,7.69));
#16714=CARTESIAN_POINT('',(-3.4020074021426,12.7647955230842,7.69));
#16715=CARTESIAN_POINT('',(-6.81802529261072,14.2717201303562,10.09));
#16716=CARTESIAN_POINT('',(-4.08957676667762,12.5997247232652,10.09));
#16717=CARTESIAN_POINT('',(-4.08957676667762,12.5997247232652,10.09));
#16718=CARTESIAN_POINT('',(-6.81802529261072,14.2717201303562,10.09));
#16719=CARTESIAN_POINT('',(-3.82832748431965,13.0260448054422,10.09));
#16720=CARTESIAN_POINT('',(-3.4020074021426,12.7647955230842,10.09));
#16721=CARTESIAN_POINT('',(-3.4020074021426,12.7647955230842,10.09));
#16722=CARTESIAN_POINT('',(-3.82832748431965,13.0260448054422,10.09));
#16723=CARTESIAN_POINT('',(-3.4020074021426,12.7647955230842,10.09));
#16724=CARTESIAN_POINT('',(-2.87428385177949,13.6259620890819,10.09));
#16725=CARTESIAN_POINT('',(-2.87428385177949,13.6259620890819,10.09));
#16726=CARTESIAN_POINT('',(-3.4020074021426,12.7647955230842,10.09));
#16727=CARTESIAN_POINT('',(-3.30060393395654,13.8872113714399,10.09));
#16728=CARTESIAN_POINT('',(-3.00219099172114,14.2883967598906,10.09));
#16729=CARTESIAN_POINT('',(-3.00219099172114,14.2883967598906,7.91256930706359));
#16730=CARTESIAN_POINT('',(-3.00219099172114,14.2883967598906,9.90743069293641));
#16731=CARTESIAN_POINT('',(-3.30060393395654,13.8872113714399,9.5452582496231));
#16732=CARTESIAN_POINT('',(-3.03935465159856,14.3135314536169,9.90889461325946));
#16733=CARTESIAN_POINT('',(-3.03935465159856,14.3135314536169,10.09));
#16734=CARTESIAN_POINT('',(-3.03935465159856,14.3135314536169,10.09));
#16735=CARTESIAN_POINT('',(-3.30060393395654,13.8872113714399,10.09));
#16736=CARTESIAN_POINT('',(-3.30060393395654,13.8872113714399,7.69));
#16737=CARTESIAN_POINT('',(-3.03935465159856,14.3135314536169,7.69));
#16738=CARTESIAN_POINT('',(-3.03935465159856,14.3135314536169,10.09));
#16739=CARTESIAN_POINT('',(-3.03935465159856,14.3135314536169,7.91110538674054));
#16740=CARTESIAN_POINT('',(-3.30060393395654,13.8872113714399,8.2747417503769));
#16741=CARTESIAN_POINT('',(-3.03935465159857,14.3135314536169,10.09));
#16742=CARTESIAN_POINT('',(-3.03935465159857,14.3135314536169,9.90889461325946));
#16743=CARTESIAN_POINT('',(-5.55905975241539,15.8576087252777,9.90889461325947));
#16744=CARTESIAN_POINT('',(-5.55905975241539,15.8576087252777,10.09));
#16745=CARTESIAN_POINT('',(-5.55905975241539,15.8576087252777,7.91110538674053));
#16746=CARTESIAN_POINT('',(-3.03935465159856,14.3135314536169,7.91110538674054));
#16747=CARTESIAN_POINT('',(-3.03935465159857,14.3135314536169,7.69));
#16748=CARTESIAN_POINT('',(-5.76780317753166,15.9855268607079,7.69));
#16749=CARTESIAN_POINT('',(-5.76780317753166,15.9855268607079,10.09));
#16750=CARTESIAN_POINT('',(-5.76780317753166,15.9855268607079,10.09));
#16751=CARTESIAN_POINT('',(-3.03935465159857,14.3135314536169,10.09));
#16752=CARTESIAN_POINT('',(-6.02905245988963,15.5592067785309,10.09));
#16753=CARTESIAN_POINT('',(-6.02905245988963,15.5592067785309,7.69));
#16754=CARTESIAN_POINT('',(-6.02905245988963,15.5592067785309,10.09));
#16755=CARTESIAN_POINT('',(-6.55677601025275,14.6980402125333,10.09));
#16756=CARTESIAN_POINT('',(-6.55677601025275,14.6980402125333,7.69));
#16757=CARTESIAN_POINT('',(-6.81802529261072,14.2717201303562,12.63));
#16758=CARTESIAN_POINT('',(-4.08957676667762,12.5997247232652,12.63));
#16759=CARTESIAN_POINT('',(-4.08957676667762,12.5997247232652,10.23));
#16760=CARTESIAN_POINT('',(-6.81802529261072,14.2717201303562,10.23));
#16761=CARTESIAN_POINT('',(-3.82832748431965,13.0260448054422,12.63));
#16762=CARTESIAN_POINT('',(-3.4020074021426,12.7647955230842,12.63));
#16763=CARTESIAN_POINT('',(-3.4020074021426,12.7647955230842,10.23));
#16764=CARTESIAN_POINT('',(-3.82832748431965,13.0260448054422,10.23));
#16765=CARTESIAN_POINT('',(-3.4020074021426,12.7647955230842,12.63));
#16766=CARTESIAN_POINT('',(-2.87428385177949,13.6259620890819,12.63));
#16767=CARTESIAN_POINT('',(-2.87428385177949,13.6259620890819,10.23));
#16768=CARTESIAN_POINT('',(-3.4020074021426,12.7647955230842,10.23));
#16769=CARTESIAN_POINT('',(-6.81802529261072,14.2717201303562,12.63));
#16770=CARTESIAN_POINT('',(-4.08957676667762,12.5997247232652,12.63));
#16771=CARTESIAN_POINT('',(-4.08957676667762,12.5997247232652,12.63));
#16772=CARTESIAN_POINT('',(-6.81802529261072,14.2717201303562,12.63));
#16773=CARTESIAN_POINT('',(-3.82832748431965,13.0260448054422,12.63));
#16774=CARTESIAN_POINT('',(-3.4020074021426,12.7647955230842,12.63));
#16775=CARTESIAN_POINT('',(-3.4020074021426,12.7647955230842,12.63));
#16776=CARTESIAN_POINT('',(-3.82832748431965,13.0260448054422,12.63));
#16777=CARTESIAN_POINT('',(-3.4020074021426,12.7647955230842,12.63));
#16778=CARTESIAN_POINT('',(-2.87428385177949,13.6259620890819,12.63));
#16779=CARTESIAN_POINT('',(-2.87428385177949,13.6259620890819,12.63));
#16780=CARTESIAN_POINT('',(-3.4020074021426,12.7647955230842,12.63));
#16781=CARTESIAN_POINT('',(-3.30060393395654,13.8872113714399,12.63));
#16782=CARTESIAN_POINT('',(-3.00219099172114,14.2883967598906,12.63));
#16783=CARTESIAN_POINT('',(-3.00219099172114,14.2883967598906,10.4525693070636));
#16784=CARTESIAN_POINT('',(-3.00219099172114,14.2883967598906,12.4474306929364));
#16785=CARTESIAN_POINT('',(-3.30060393395654,13.8872113714399,12.0852582496231));
#16786=CARTESIAN_POINT('',(-3.03935465159856,14.3135314536169,12.4488946132595));
#16787=CARTESIAN_POINT('',(-3.03935465159856,14.3135314536169,12.63));
#16788=CARTESIAN_POINT('',(-3.03935465159856,14.3135314536169,12.63));
#16789=CARTESIAN_POINT('',(-3.30060393395654,13.8872113714399,12.63));
#16790=CARTESIAN_POINT('',(-3.30060393395654,13.8872113714399,10.23));
#16791=CARTESIAN_POINT('',(-3.03935465159856,14.3135314536169,10.23));
#16792=CARTESIAN_POINT('',(-3.03935465159856,14.3135314536169,12.63));
#16793=CARTESIAN_POINT('',(-3.03935465159856,14.3135314536169,10.4511053867405));
#16794=CARTESIAN_POINT('',(-3.30060393395654,13.8872113714399,10.8147417503769));
#16795=CARTESIAN_POINT('',(-3.03935465159857,14.3135314536169,12.63));
#16796=CARTESIAN_POINT('',(-3.03935465159857,14.3135314536169,12.4488946132595));
#16797=CARTESIAN_POINT('',(-5.55905975241539,15.8576087252777,12.4488946132595));
#16798=CARTESIAN_POINT('',(-5.55905975241539,15.8576087252777,12.63));
#16799=CARTESIAN_POINT('',(-5.55905975241539,15.8576087252777,10.4511053867405));
#16800=CARTESIAN_POINT('',(-3.03935465159856,14.3135314536169,10.4511053867405));
#16801=CARTESIAN_POINT('',(-3.03935465159857,14.3135314536169,10.23));
#16802=CARTESIAN_POINT('',(-5.76780317753166,15.9855268607079,10.23));
#16803=CARTESIAN_POINT('',(-5.76780317753166,15.9855268607079,12.63));
#16804=CARTESIAN_POINT('',(-5.76780317753166,15.9855268607079,12.63));
#16805=CARTESIAN_POINT('',(-3.03935465159857,14.3135314536169,12.63));
#16806=CARTESIAN_POINT('',(-6.02905245988963,15.5592067785309,12.63));
#16807=CARTESIAN_POINT('',(-6.02905245988963,15.5592067785309,10.23));
#16808=CARTESIAN_POINT('',(-6.02905245988963,15.5592067785309,12.63));
#16809=CARTESIAN_POINT('',(-6.55677601025275,14.6980402125333,12.63));
#16810=CARTESIAN_POINT('',(-6.55677601025275,14.6980402125333,10.23));
#16811=CARTESIAN_POINT('',(-0.767440311838611,10.1721894698926,2.09));
#16812=CARTESIAN_POINT('',(-0.767440311838611,10.1721894698926,0.49));
#16813=CARTESIAN_POINT('',(-0.76744031183861,10.1721894698926,14.77));
#16814=CARTESIAN_POINT('',(-0.76744031183861,10.1721894698926,13.17));
#16815=CARTESIAN_POINT('',(-0.76744031183861,10.1721894698926,12.23));
#16816=CARTESIAN_POINT('',(-0.76744031183861,10.1721894698926,10.63));
#16817=CARTESIAN_POINT('',(-0.76744031183861,10.1721894698926,9.69));
#16818=CARTESIAN_POINT('',(-0.76744031183861,10.1721894698926,8.09));
#16819=CARTESIAN_POINT('',(-0.76744031183861,10.1721894698926,7.15));
#16820=CARTESIAN_POINT('',(-0.76744031183861,10.1721894698926,5.55));
#16821=CARTESIAN_POINT('',(-0.76744031183861,10.1721894698926,4.61));
#16822=CARTESIAN_POINT('',(-0.76744031183861,10.1721894698926,3.01));
#16823=CARTESIAN_POINT('',(-8.54810595681034,5.23828606743702,0.));
#16824=CARTESIAN_POINT('',(-3.57509353143575,13.353504783897,1.09));
#16825=CARTESIAN_POINT('',(-3.57509353143575,13.353504783897,1.09));
#16826=CARTESIAN_POINT('',(-3.78409295732213,13.0124487181553,1.09));
#16827=CARTESIAN_POINT('',(-3.78409295732213,13.0124487181553,1.09));
#16828=CARTESIAN_POINT('',(-3.78409295732213,13.0124487181553,1.49));
#16829=CARTESIAN_POINT('',(-3.78409295732213,13.0124487181553,1.49));
#16830=CARTESIAN_POINT('',(-3.57509353143575,13.353504783897,1.49));
#16831=CARTESIAN_POINT('',(-3.57509353143575,13.353504783897,1.49));
#16832=CARTESIAN_POINT('',(-3.0003451102482,14.2914089646865,2.29));
#16833=CARTESIAN_POINT('',(-5.55826560331048,15.8589046588343,2.29));
#16834=CARTESIAN_POINT('',(-6.13301402449803,14.9210004780448,1.49));
#16835=CARTESIAN_POINT('',(-6.13301402449803,14.9210004780448,1.49));
#16836=CARTESIAN_POINT('',(-5.55826560331048,15.8589046588343,2.29));
#16837=CARTESIAN_POINT('',(-6.13301402449803,14.9210004780448,1.09));
#16838=CARTESIAN_POINT('',(-6.13301402449803,14.9210004780448,1.09));
#16839=CARTESIAN_POINT('',(-6.13301402449803,14.9210004780448,1.09));
#16840=CARTESIAN_POINT('',(-6.13301402449803,14.9210004780448,1.09));
#16841=CARTESIAN_POINT('',(-11.1060264498726,6.80578176158487,0.));
#16842=CARTESIAN_POINT('',(-6.13301402449803,14.9210004780448,1.49));
#16843=CARTESIAN_POINT('',(-6.34201345038441,14.5799444123032,1.49));
#16844=CARTESIAN_POINT('',(-6.34201345038441,14.5799444123032,1.49));
#16845=CARTESIAN_POINT('',(-6.34201345038441,14.5799444123032,1.09));
#16846=CARTESIAN_POINT('',(-6.34201345038441,14.5799444123032,1.09));
#16847=CARTESIAN_POINT('',(-6.13301402449803,14.9210004780448,1.49));
#16848=CARTESIAN_POINT('',(-6.34201345038441,14.5799444123032,1.49));
#16849=CARTESIAN_POINT('',(-6.34201345038441,14.5799444123032,1.49));
#16850=CARTESIAN_POINT('',(-6.34201345038441,14.5799444123032,1.09));
#16851=CARTESIAN_POINT('',(-6.34201345038441,14.5799444123032,1.09));
#16852=CARTESIAN_POINT('',(-8.54810595681034,5.23828606743702,10.16));
#16853=CARTESIAN_POINT('',(-3.57509353143575,13.353504783897,11.25));
#16854=CARTESIAN_POINT('',(-3.57509353143575,13.353504783897,11.25));
#16855=CARTESIAN_POINT('',(-3.78409295732213,13.0124487181553,11.25));
#16856=CARTESIAN_POINT('',(-3.78409295732213,13.0124487181553,11.25));
#16857=CARTESIAN_POINT('',(-3.78409295732213,13.0124487181553,11.65));
#16858=CARTESIAN_POINT('',(-3.78409295732213,13.0124487181553,11.65));
#16859=CARTESIAN_POINT('',(-3.57509353143575,13.353504783897,11.65));
#16860=CARTESIAN_POINT('',(-3.57509353143575,13.353504783897,11.65));
#16861=CARTESIAN_POINT('',(-3.0003451102482,14.2914089646865,12.45));
#16862=CARTESIAN_POINT('',(-5.55826560331048,15.8589046588343,12.45));
#16863=CARTESIAN_POINT('',(-6.13301402449803,14.9210004780448,11.65));
#16864=CARTESIAN_POINT('',(-6.13301402449803,14.9210004780448,11.65));
#16865=CARTESIAN_POINT('',(-5.55826560331048,15.8589046588343,12.45));
#16866=CARTESIAN_POINT('',(-6.13301402449803,14.9210004780448,11.25));
#16867=CARTESIAN_POINT('',(-6.13301402449803,14.9210004780448,11.25));
#16868=CARTESIAN_POINT('',(-6.13301402449803,14.9210004780448,11.25));
#16869=CARTESIAN_POINT('',(-6.13301402449803,14.9210004780448,11.25));
#16870=CARTESIAN_POINT('',(-11.1060264498726,6.80578176158487,10.16));
#16871=CARTESIAN_POINT('',(-6.13301402449803,14.9210004780448,11.65));
#16872=CARTESIAN_POINT('',(-6.34201345038441,14.5799444123032,11.65));
#16873=CARTESIAN_POINT('',(-6.34201345038441,14.5799444123032,11.65));
#16874=CARTESIAN_POINT('',(-6.34201345038441,14.5799444123032,11.25));
#16875=CARTESIAN_POINT('',(-6.34201345038441,14.5799444123032,11.25));
#16876=CARTESIAN_POINT('',(-6.13301402449803,14.9210004780448,11.65));
#16877=CARTESIAN_POINT('',(-6.34201345038441,14.5799444123032,11.65));
#16878=CARTESIAN_POINT('',(-6.34201345038441,14.5799444123032,11.65));
#16879=CARTESIAN_POINT('',(-6.34201345038441,14.5799444123032,11.25));
#16880=CARTESIAN_POINT('',(-6.34201345038441,14.5799444123032,11.25));
#16881=CARTESIAN_POINT('',(-8.54810595681034,5.23828606743702,7.62));
#16882=CARTESIAN_POINT('',(-3.57509353143575,13.353504783897,8.71));
#16883=CARTESIAN_POINT('',(-3.57509353143575,13.353504783897,8.71));
#16884=CARTESIAN_POINT('',(-3.78409295732213,13.0124487181553,8.71));
#16885=CARTESIAN_POINT('',(-3.78409295732213,13.0124487181553,8.71));
#16886=CARTESIAN_POINT('',(-3.78409295732213,13.0124487181553,9.11));
#16887=CARTESIAN_POINT('',(-3.78409295732213,13.0124487181553,9.11));
#16888=CARTESIAN_POINT('',(-3.57509353143575,13.353504783897,9.11));
#16889=CARTESIAN_POINT('',(-3.57509353143575,13.353504783897,9.11));
#16890=CARTESIAN_POINT('',(-3.0003451102482,14.2914089646865,9.91));
#16891=CARTESIAN_POINT('',(-5.55826560331048,15.8589046588343,9.91));
#16892=CARTESIAN_POINT('',(-6.13301402449803,14.9210004780448,9.11));
#16893=CARTESIAN_POINT('',(-6.13301402449803,14.9210004780448,9.11));
#16894=CARTESIAN_POINT('',(-5.55826560331048,15.8589046588343,9.91));
#16895=CARTESIAN_POINT('',(-6.13301402449803,14.9210004780448,8.71));
#16896=CARTESIAN_POINT('',(-6.13301402449803,14.9210004780448,8.71));
#16897=CARTESIAN_POINT('',(-6.13301402449803,14.9210004780448,8.71));
#16898=CARTESIAN_POINT('',(-6.13301402449803,14.9210004780448,8.71));
#16899=CARTESIAN_POINT('',(-11.1060264498726,6.80578176158487,7.62));
#16900=CARTESIAN_POINT('',(-6.13301402449803,14.9210004780448,9.11));
#16901=CARTESIAN_POINT('',(-6.34201345038441,14.5799444123032,9.11));
#16902=CARTESIAN_POINT('',(-6.34201345038441,14.5799444123032,9.11));
#16903=CARTESIAN_POINT('',(-6.34201345038441,14.5799444123032,8.71));
#16904=CARTESIAN_POINT('',(-6.34201345038441,14.5799444123032,8.71));
#16905=CARTESIAN_POINT('',(-6.13301402449803,14.9210004780448,9.11));
#16906=CARTESIAN_POINT('',(-6.34201345038441,14.5799444123032,9.11));
#16907=CARTESIAN_POINT('',(-6.34201345038441,14.5799444123032,9.11));
#16908=CARTESIAN_POINT('',(-6.34201345038441,14.5799444123032,8.71));
#16909=CARTESIAN_POINT('',(-6.34201345038441,14.5799444123032,8.71));
#16910=CARTESIAN_POINT('',(-8.54810595681034,5.23828606743702,5.08));
#16911=CARTESIAN_POINT('',(-3.57509353143575,13.353504783897,6.17));
#16912=CARTESIAN_POINT('',(-3.57509353143575,13.353504783897,6.17));
#16913=CARTESIAN_POINT('',(-3.78409295732213,13.0124487181553,6.17));
#16914=CARTESIAN_POINT('',(-3.78409295732213,13.0124487181553,6.17));
#16915=CARTESIAN_POINT('',(-3.78409295732213,13.0124487181553,6.57));
#16916=CARTESIAN_POINT('',(-3.78409295732213,13.0124487181553,6.57));
#16917=CARTESIAN_POINT('',(-3.57509353143575,13.353504783897,6.57));
#16918=CARTESIAN_POINT('',(-3.57509353143575,13.353504783897,6.57));
#16919=CARTESIAN_POINT('',(-3.0003451102482,14.2914089646865,7.37));
#16920=CARTESIAN_POINT('',(-5.55826560331048,15.8589046588343,7.37));
#16921=CARTESIAN_POINT('',(-6.13301402449803,14.9210004780448,6.57));
#16922=CARTESIAN_POINT('',(-6.13301402449803,14.9210004780448,6.57));
#16923=CARTESIAN_POINT('',(-5.55826560331048,15.8589046588343,7.37));
#16924=CARTESIAN_POINT('',(-6.13301402449803,14.9210004780448,6.17));
#16925=CARTESIAN_POINT('',(-6.13301402449803,14.9210004780448,6.17));
#16926=CARTESIAN_POINT('',(-6.13301402449803,14.9210004780448,6.17));
#16927=CARTESIAN_POINT('',(-6.13301402449803,14.9210004780448,6.17));
#16928=CARTESIAN_POINT('',(-11.1060264498726,6.80578176158487,5.08));
#16929=CARTESIAN_POINT('',(-6.13301402449803,14.9210004780448,6.57));
#16930=CARTESIAN_POINT('',(-6.34201345038441,14.5799444123032,6.57));
#16931=CARTESIAN_POINT('',(-6.34201345038441,14.5799444123032,6.57));
#16932=CARTESIAN_POINT('',(-6.34201345038441,14.5799444123032,6.17));
#16933=CARTESIAN_POINT('',(-6.34201345038441,14.5799444123032,6.17));
#16934=CARTESIAN_POINT('',(-6.13301402449803,14.9210004780448,6.57));
#16935=CARTESIAN_POINT('',(-6.34201345038441,14.5799444123032,6.57));
#16936=CARTESIAN_POINT('',(-6.34201345038441,14.5799444123032,6.57));
#16937=CARTESIAN_POINT('',(-6.34201345038441,14.5799444123032,6.17));
#16938=CARTESIAN_POINT('',(-6.34201345038441,14.5799444123032,6.17));
#16939=CARTESIAN_POINT('',(-8.54810595681034,5.23828606743702,2.54));
#16940=CARTESIAN_POINT('',(-3.57509353143575,13.353504783897,3.63));
#16941=CARTESIAN_POINT('',(-3.57509353143575,13.353504783897,3.63));
#16942=CARTESIAN_POINT('',(-3.78409295732213,13.0124487181553,3.63));
#16943=CARTESIAN_POINT('',(-3.78409295732213,13.0124487181553,3.63));
#16944=CARTESIAN_POINT('',(-3.78409295732213,13.0124487181553,4.03));
#16945=CARTESIAN_POINT('',(-3.78409295732213,13.0124487181553,4.03));
#16946=CARTESIAN_POINT('',(-3.57509353143575,13.353504783897,4.03));
#16947=CARTESIAN_POINT('',(-3.57509353143575,13.353504783897,4.03));
#16948=CARTESIAN_POINT('',(-3.0003451102482,14.2914089646865,4.83));
#16949=CARTESIAN_POINT('',(-5.55826560331048,15.8589046588343,4.83));
#16950=CARTESIAN_POINT('',(-6.13301402449803,14.9210004780448,4.03));
#16951=CARTESIAN_POINT('',(-6.13301402449803,14.9210004780448,4.03));
#16952=CARTESIAN_POINT('',(-5.55826560331048,15.8589046588343,4.83));
#16953=CARTESIAN_POINT('',(-6.13301402449803,14.9210004780448,3.63));
#16954=CARTESIAN_POINT('',(-6.13301402449803,14.9210004780448,3.63));
#16955=CARTESIAN_POINT('',(-6.13301402449803,14.9210004780448,3.63));
#16956=CARTESIAN_POINT('',(-6.13301402449803,14.9210004780448,3.63));
#16957=CARTESIAN_POINT('',(-11.1060264498726,6.80578176158487,2.54));
#16958=CARTESIAN_POINT('',(-6.13301402449803,14.9210004780448,4.03));
#16959=CARTESIAN_POINT('',(-6.34201345038441,14.5799444123032,4.03));
#16960=CARTESIAN_POINT('',(-6.34201345038441,14.5799444123032,4.03));
#16961=CARTESIAN_POINT('',(-6.34201345038441,14.5799444123032,3.63));
#16962=CARTESIAN_POINT('',(-6.34201345038441,14.5799444123032,3.63));
#16963=CARTESIAN_POINT('',(-6.13301402449803,14.9210004780448,4.03));
#16964=CARTESIAN_POINT('',(-6.34201345038441,14.5799444123032,4.03));
#16965=CARTESIAN_POINT('',(-6.34201345038441,14.5799444123032,4.03));
#16966=CARTESIAN_POINT('',(-6.34201345038441,14.5799444123032,3.63));
#16967=CARTESIAN_POINT('',(-6.34201345038441,14.5799444123032,3.63));
#16968=CARTESIAN_POINT('',(-8.54810595681034,5.23828606743702,12.7));
#16969=CARTESIAN_POINT('',(-3.57509353143575,13.353504783897,13.79));
#16970=CARTESIAN_POINT('',(-3.57509353143575,13.353504783897,13.79));
#16971=CARTESIAN_POINT('',(-3.78409295732213,13.0124487181553,13.79));
#16972=CARTESIAN_POINT('',(-3.78409295732213,13.0124487181553,13.79));
#16973=CARTESIAN_POINT('',(-3.78409295732213,13.0124487181553,14.19));
#16974=CARTESIAN_POINT('',(-3.78409295732213,13.0124487181553,14.19));
#16975=CARTESIAN_POINT('',(-3.57509353143575,13.353504783897,14.19));
#16976=CARTESIAN_POINT('',(-3.57509353143575,13.353504783897,14.19));
#16977=CARTESIAN_POINT('',(-3.0003451102482,14.2914089646865,14.99));
#16978=CARTESIAN_POINT('',(-5.55826560331048,15.8589046588343,14.99));
#16979=CARTESIAN_POINT('',(-6.13301402449803,14.9210004780448,14.19));
#16980=CARTESIAN_POINT('',(-6.13301402449803,14.9210004780448,14.19));
#16981=CARTESIAN_POINT('',(-5.55826560331048,15.8589046588343,14.99));
#16982=CARTESIAN_POINT('',(-6.13301402449803,14.9210004780448,13.79));
#16983=CARTESIAN_POINT('',(-6.13301402449803,14.9210004780448,13.79));
#16984=CARTESIAN_POINT('',(-6.13301402449803,14.9210004780448,13.79));
#16985=CARTESIAN_POINT('',(-6.13301402449803,14.9210004780448,13.79));
#16986=CARTESIAN_POINT('',(-11.1060264498726,6.80578176158487,12.7));
#16987=CARTESIAN_POINT('',(-6.13301402449803,14.9210004780448,14.19));
#16988=CARTESIAN_POINT('',(-6.34201345038441,14.5799444123032,14.19));
#16989=CARTESIAN_POINT('',(-6.34201345038441,14.5799444123032,14.19));
#16990=CARTESIAN_POINT('',(-6.34201345038441,14.5799444123032,13.79));
#16991=CARTESIAN_POINT('',(-6.34201345038441,14.5799444123032,13.79));
#16992=CARTESIAN_POINT('',(-6.13301402449803,14.9210004780448,14.19));
#16993=CARTESIAN_POINT('',(-6.34201345038441,14.5799444123032,14.19));
#16994=CARTESIAN_POINT('',(-6.34201345038441,14.5799444123032,14.19));
#16995=CARTESIAN_POINT('',(-6.34201345038441,14.5799444123032,13.79));
#16996=CARTESIAN_POINT('',(-6.34201345038441,14.5799444123032,13.79));
#16997=CARTESIAN_POINT('',(0.,0.,4.68));
#16998=CARTESIAN_POINT('',(0.,0.,7.22));
#16999=CARTESIAN_POINT('',(0.,0.,9.76));
#17000=CARTESIAN_POINT('',(0.,0.,12.3));
#17001=CARTESIAN_POINT('',(0.,0.,14.84));
#17002=CARTESIAN_POINT('',(0.,0.,2.14));
#17003=CARTESIAN_POINT('',(-2.79653162026111,10.4529520826275,1.84));
#17004=CARTESIAN_POINT('',(-2.79653162026111,10.4529520826275,0.74));
#17005=CARTESIAN_POINT('',(-2.79653162026111,10.4529520826275,0.740000000000001));
#17006=CARTESIAN_POINT('',(-2.79792729576327,10.4757711753792,0.740000000000001));
#17007=CARTESIAN_POINT('',(-2.79792729576327,10.4757711753792,0.740000000000001));
#17008=CARTESIAN_POINT('',(-2.79792729576327,10.4757711753792,1.84));
#17009=CARTESIAN_POINT('',(-2.79653162026111,10.4529520826275,1.84));
#17010=CARTESIAN_POINT('',(-2.79653162026111,10.4529520826275,1.84));
#17011=CARTESIAN_POINT('',(-2.79653162026111,10.4529520826275,1.84));
#17012=CARTESIAN_POINT('',(-2.29746422105018,10.4834763523949,1.84));
#17013=CARTESIAN_POINT('',(-2.29746422105018,10.4834763523949,0.74));
#17014=CARTESIAN_POINT('',(-2.39714818825878,9.99351400008447,0.740000000000001));
#17015=CARTESIAN_POINT('',(-2.29746422105018,10.4834763523949,1.84));
#17016=CARTESIAN_POINT('',(-2.39714818825878,9.99351400008447,1.84));
#17017=CARTESIAN_POINT('',(-2.39714818825878,9.99351400008447,1.84));
#17018=CARTESIAN_POINT('',(-0.867124279047197,9.68222711758214,1.84));
#17019=CARTESIAN_POINT('',(-0.867124279047197,9.68222711758214,1.84));
#17020=CARTESIAN_POINT('',(-1.36148200115183,9.78280533288219,1.84));
#17021=CARTESIAN_POINT('',(-1.3614820011518,9.78280533288218,0.740000000000001));
#17022=CARTESIAN_POINT('',(-1.36148200115183,9.78280533288219,0.740000000000001));
#17023=CARTESIAN_POINT('',(-0.867124279047197,9.68222711758214,0.74));
#17024=CARTESIAN_POINT('',(0.,0.,1.84));
#17025=CARTESIAN_POINT('',(-2.66230349076688,10.2408638544096,1.84));
#17026=CARTESIAN_POINT('',(-2.66230349076688,10.2408638544096,1.84));
#17027=CARTESIAN_POINT('',(-0.923073006225551,9.62842828911142,1.84));
#17028=CARTESIAN_POINT('',(0.,0.,0.740000000000001));
#17029=CARTESIAN_POINT('',(-0.923073006225551,9.62842828911142,0.740000000000001));
#17030=CARTESIAN_POINT('',(-2.66230349076688,10.2408638544096,0.740000000000001));
#17031=CARTESIAN_POINT('',(-2.66230349076688,10.2408638544096,0.740000000000001));
#17032=CARTESIAN_POINT('',(-2.66230349076688,10.2408638544096,0.740000000000001));
#17033=CARTESIAN_POINT('',(-2.66230349076688,10.2408638544096,0.740000000000001));
#17034=CARTESIAN_POINT('',(-0.923073006225551,9.62842828911142,0.740000000000001));
#17035=MECHANICAL_DESIGN_GEOMETRIC_PRESENTATION_REPRESENTATION('',(#8037,
#8038,#8039,#8040,#8041,#8042,#8043,#8044,#8045,#8046,#8047,#8048,#8049,
#8050,#8051,#8052,#8053,#8054,#8055,#8056,#8057,#8058,#8059,#8060,#8061,
#8062,#8063,#8064,#8065,#8066,#8067,#8068,#8069,#8070,#8071,#8072,#8073,
#8074,#8075,#8076,#8077,#8078,#8079,#8080,#8081,#8082,#8083,#8084,#8085,
#8086,#8087,#8088,#8089,#8090,#8091,#8092,#8093,#8094,#8095,#8096,#8097,
#8098,#8099,#8100,#8101,#8102,#8103,#8104,#8105,#8106,#8107,#8108,#8109,
#8110,#8111,#8112,#8113,#8114,#8115,#8116,#8117,#8118,#8119,#8120,#8121,
#8122,#8123,#8124,#8125,#8126,#8127,#8128,#8129,#8130,#8131,#8132,#8133,
#8134,#8135,#8136,#8137,#8138,#8139,#8140,#8141,#8142,#8143,#8144,#8145,
#8146,#8147,#8148,#8149,#8150,#8151,#8152,#8153,#8154,#8155,#8156,#8157,
#8158,#8159,#8160,#8161,#8162,#8163,#8164,#8165,#8166,#8167,#8168,#8169,
#8170,#8171,#8172,#8173,#8174,#8175,#8176,#8177,#8178,#8179,#8180,#8181,
#8182,#8183,#8184,#8185,#8186,#8187,#8188,#8189,#8190,#8191,#8192,#8193,
#8194,#8195,#8196,#8197,#8198,#8199,#8200,#8201,#8202,#8203,#8204,#8205,
#8206,#8207,#8208,#8209,#8210,#8211,#8212,#8213,#8214,#8215,#8216,#8217,
#8218,#8219,#8220,#8221,#8222,#8223,#8224,#8225,#8226,#8227,#8228,#8229,
#8230,#8231,#8232,#8233,#8234,#8235,#8236,#8237,#8238,#8239,#8240,#8241,
#8242,#8243,#8244,#8245,#8246,#8247,#8248,#8249,#8250,#8251,#8252,#8253,
#8254,#8255,#8256,#8257,#8258,#8259,#8260,#8261,#8262,#8263,#8264,#8265,
#8266,#8267,#8268,#8269,#8270,#8271,#8272,#8273,#8274,#8275,#8276,#8277,
#8278,#8279,#8280,#8281,#8282,#8283,#8284,#8285,#8286,#8287,#8288,#8289,
#8290,#8291,#8292,#8293,#8294,#8295,#8296,#8297,#8298,#8299,#8300,#8301,
#8302,#8303,#8304,#8305,#8306,#8307,#8308,#8309,#8310,#8311,#8312,#8313,
#8314,#8315,#8316,#8317,#8318,#8319,#8320,#8321,#8322,#8323,#8324,#8325,
#8326,#8327,#8328,#8329,#8330,#8331,#8332,#8333,#8334,#8335,#8336,#8337,
#8338,#8339,#8340,#8341,#8342,#8343,#8344,#8345,#8346,#8347,#8348,#8349,
#8350,#8351,#8352,#8353,#8354,#8355,#8356,#8357,#8358,#8359,#8360,#8361,
#8362,#8363,#8364,#8365,#8366,#8367,#8368,#8369,#8370,#8371,#8372,#8373,
#8374,#8375,#8376,#8377,#8378,#8379,#8380,#8381,#8382,#8383,#8384,#8385,
#8386,#8387,#8388,#8389,#8390,#8391,#8392,#8393,#8394,#8395,#8396,#8397,
#8398,#8399,#8400,#8401,#8402,#8403,#8404,#8405,#8406,#8407,#8408,#8409,
#8410,#8411,#8412,#8413,#8414,#8415,#8416,#8417,#8418,#8419,#8420,#8421,
#8422,#8423,#8424,#8425,#8426,#8427,#8428,#8429,#8430,#8431,#8432,#8433,
#8434,#8435,#8436,#8437,#8438,#8439,#8440,#8441,#8442,#8443,#8444,#8445,
#8446,#8447,#8448,#8449,#8450,#8451,#8452,#8453,#8454,#8455,#8456,#8457,
#8458,#8459,#8460,#8461,#8462,#8463,#8464,#8465,#8466,#8467,#8468,#8469,
#8470,#8471,#8472,#8473,#8474,#8475,#8476,#8477,#8478,#8479,#8480,#8481,
#8482,#8483),#17036);
#17036=(
GEOMETRIC_REPRESENTATION_CONTEXT(3)
GLOBAL_UNCERTAINTY_ASSIGNED_CONTEXT((#17037))
GLOBAL_UNIT_ASSIGNED_CONTEXT((#17040,#17039,#17038))
REPRESENTATION_CONTEXT('233-506','TOP_LEVEL_ASSEMBLY_PART')
);
#17037=UNCERTAINTY_MEASURE_WITH_UNIT(LENGTH_MEASURE(1.E-5),#17040,
'DISTANCE_ACCURACY_VALUE','Maximum Tolerance applied to model');
#17038=(
NAMED_UNIT(*)
SI_UNIT($,.STERADIAN.)
SOLID_ANGLE_UNIT()
);
#17039=(
NAMED_UNIT(*)
PLANE_ANGLE_UNIT()
SI_UNIT($,.RADIAN.)
);
#17040=(
LENGTH_UNIT()
NAMED_UNIT(*)
SI_UNIT(.MILLI.,.METRE.)
);
#17041=PRODUCT_DEFINITION_SHAPE('','',#17042);
#17042=PRODUCT_DEFINITION('','',#17044,#17043);
#17043=PRODUCT_DEFINITION_CONTEXT('',#17050,'design');
#17044=PRODUCT_DEFINITION_FORMATION_WITH_SPECIFIED_SOURCE('','',#17046,
 .NOT_KNOWN.);
#17045=PRODUCT_RELATED_PRODUCT_CATEGORY('','',(#17046));
#17046=PRODUCT('233-506','233-506','233-506',(#17048));
#17047=PRODUCT_CATEGORY('','');
#17048=PRODUCT_CONTEXT('',#17050,'mechanical');
#17049=APPLICATION_PROTOCOL_DEFINITION('international standard',
'ap242_managed_model_based_3d_engineering',2011,#17050);
#17050=APPLICATION_CONTEXT('managed model based 3d engineering');
ENDSEC;
END-ISO-10303-21;
